{"type":"FeatureCollection", "features": [
{"type":"Feature","geometry":null,"properties":{"objectid":6061247,"parcel_num":1435,"village":"Rugoro","province":"Kigali City","district":"Gasabo","sector":"Gatsata","cell":"Karuruma","cell_code":"1020201","upi":"1/02/02/01/1435","change_id":"DP","start_date":"1800-01-01T00:00:00.000Z","end_date":"1899-11-30T00:00:00.000Z","status":"Provisional","transactio":"TRN13302063","accuracy":"C","area_in_we":0,"x":504634.04253586,"y":4788515.84423245,"village_co":"102020109","globalid":"{9BA6FD7E-001F-4E3F-AC71-A84D138F0E2E}","st_area_sh":3481.5917666,"st_length_":250.796120006}},
{"type":"Feature","geometry":null,"properties":{"objectid":40633767,"parcel_num":1002,"village":"Tetero","province":"Kigali City","district":"Gasabo","sector":"Gatsata","cell":"Karuruma","cell_code":"1020201","upi":"1/02/02/01/1002","change_id":"","start_date":"1800-01-01T00:00:00.000Z","end_date":"1899-11-30T00:00:00.000Z","status":"Actual","transactio":"","accuracy":"C","area_in_we":0,"x":504513.1247,"y":4788465.25946865,"village_co":"102020111","globalid":"{7C5A4C9D-1032-40BD-AB71-2DE47294EF44}","st_area_sh":2165.14289003,"st_length_":208.78565176}},
{"type":"Feature","geometry":{"type":"MultiPolygon","coordinates":[]},"properties":{"objectid":40633771,"parcel_num":1007,"village":"Tetero","province":"Kigali City","district":"Gasabo","sector":"Gatsata","cell":"Karuruma","cell_code":"1020201","upi":"1/02/02/01/1007","change_id":"","start_date":"1800-01-01T00:00:00.000Z","end_date":"1899-11-30T00:00:00.000Z","status":"Actual","transactio":"","accuracy":"C","area_in_we":0,"x":504448.51375794,"y":4788504.45685,"village_co":"102020111","globalid":"{69C2423A-9034-4D0A-949F-3B55C729BB8B}","st_area_sh":1705.58779792,"st_length_":169.603995797}},
{"type":"Feature","geometry":{"type":"Polygon","coordinates":[[[30.03902,-1.91233],[30.03861,-1.91231],[30.03845,-1.91235],[30.03842,-1.91237],[30.03855,-1.91231],[30.0389,-1.91232],[30.0394,-1.91245],[30.03936,-1.91243],[30.03902,-1.91233]]]},"properties":{"objectid":40633795,"parcel_num":1035,"village":"Tetero","province":"Kigali City","district":"Gasabo","sector":"Gatsata","cell":"Karuruma","cell_code":"1020201","upi":"1/02/02/01/1035","change_id":"","start_date":"1800-01-01T00:00:00.000Z","end_date":"1899-11-30T00:00:00.000Z","status":"Actual","transactio":"","accuracy":"C","area_in_we":0,"x":504322.072333,"y":4788535.33905,"village_co":"102020111","globalid":"{D84DFCA6-EC1C-447A-B048-E8CDF0F351DC}","st_area_sh":6134.93364699,"st_length_":350.182904927}},
{"type":"Feature","geometry":null,"properties":{"objectid":40633797,"parcel_num":1037,"village":"Tetero","province":"Kigali City","district":"Gasabo","sector":"Gatsata","cell":"Karuruma","cell_code":"1020201","upi":"1/02/02/01/1037","change_id":"","start_date":"1800-01-01T00:00:00.000Z","end_date":"1899-11-30T00:00:00.000Z","status":"Actual","transactio":"","accuracy":"C","area_in_we":0,"x":504245.01694802,"y":4788542.79255,"village_co":"102020111","globalid":"{86625CCA-4600-45E6-A978-C0859A23AA89}","st_area_sh":699.140752675,"st_length_":130.700500961}},
{"type":"Feature","geometry":null,"properties":{"objectid":40633798,"parcel_num":1038,"village":"Tetero","province":"Kigali City","district":"Gasabo","sector":"Gatsata","cell":"Karuruma","cell_code":"1020201","upi":"1/02/02/01/1038","change_id":"","start_date":"1800-01-01T00:00:00.000Z","end_date":"1899-11-30T00:00:00.000Z","status":"Actual","transactio":"","accuracy":"C","area_in_we":0,"x":504230.86266829,"y":4788510.96045,"village_co":"102020111","globalid":"{E5DA1064-DE9D-4FF9-A64A-694C54DDF0D9}","st_area_sh":2168.26375113,"st_length_":229.196051783}},
{"type":"Feature","geometry":{"type":"Polygon","coordinates":[[[30.03741,-1.91269],[30.03724,-1.9127],[30.03752,-1.91269],[30.03741,-1.91269]]]},"properties":{"objectid":40633804,"parcel_num":1045,"village":"Tetero","province":"Kigali City","district":"Gasabo","sector":"Gatsata","cell":"Karuruma","cell_code":"1020201","upi":"1/02/02/01/1045","change_id":"","start_date":"1800-01-01T00:00:00.000Z","end_date":"1899-11-30T00:00:00.000Z","status":"Actual","transactio":"","accuracy":"C","area_in_we":0,"x":504049.57489647,"y":4788455.9412,"village_co":"102020111","globalid":"{65B47A4C-2ADE-4225-BFEF-6773BCF67559}","st_area_sh":17413.9469793,"st_length_":852.86624803}},
{"type":"Feature","geometry":null,"properties":{"objectid":40633806,"parcel_num":1048,"village":"Tetero","province":"Kigali City","district":"Gasabo","sector":"Gatsata","cell":"Karuruma","cell_code":"1020201","upi":"1/02/02/01/1048","change_id":"","start_date":"1800-01-01T00:00:00.000Z","end_date":"1899-11-30T00:00:00.000Z","status":"Actual","transactio":"","accuracy":"C","area_in_we":0,"x":504039.98530706,"y":4788511.6513,"village_co":"102020111","globalid":"{F74ADE12-B265-4D7B-824B-02B10B9664BD}","st_area_sh":1573.27408106,"st_length_":241.979972549}},
{"type":"Feature","geometry":{"type":"Polygon","coordinates":[[[30.03574,-1.91282],[30.0359,-1.91279],[30.03589,-1.91279],[30.03574,-1.91282]]]},"properties":{"objectid":40633807,"parcel_num":1049,"village":"Tetero","province":"Kigali City","district":"Gasabo","sector":"Gatsata","cell":"Karuruma","cell_code":"1020201","upi":"1/02/02/01/1049","change_id":"","start_date":"1800-01-01T00:00:00.000Z","end_date":"1899-11-30T00:00:00.000Z","status":"Actual","transactio":"","accuracy":"C","area_in_we":0,"x":503988.14140375,"y":4788498.3186,"village_co":"102020111","globalid":"{058FA05C-B0CE-42A0-8D7E-696152A9B29E}","st_area_sh":1017.5459294,"st_length_":129.031787025}},
{"type":"Feature","geometry":{"type":"Polygon","coordinates":[[[30.03479,-1.90955],[30.0344,-1.90955],[30.03449,-1.90975],[30.03452,-1.90972],[30.03473,-1.90959],[30.03479,-1.90955]]]},"properties":{"objectid":40633809,"parcel_num":1050,"village":"Nyagasozi","province":"Kigali City","district":"Gasabo","sector":"Gatsata","cell":"Karuruma","cell_code":"1020201","upi":"1/02/02/01/1050","change_id":"","start_date":"1800-01-01T00:00:00.000Z","end_date":"1899-11-30T00:00:00.000Z","status":"Actual","transactio":"","accuracy":"C","area_in_we":0,"x":503842.31140299,"y":4788862.37995,"village_co":"102020108","globalid":"{E5FE5055-FA0C-4082-BAFB-3BBD31972DF2}","st_area_sh":489.02966406,"st_length_":108.195427499}},
{"type":"Feature","geometry":{"type":"Polygon","coordinates":[[[30.03493,-1.90984],[30.03473,-1.90959],[30.03452,-1.90972],[30.03469,-1.91],[30.03493,-1.90984]]]},"properties":{"objectid":40633810,"parcel_num":1051,"village":"Nyagasozi","province":"Kigali City","district":"Gasabo","sector":"Gatsata","cell":"Karuruma","cell_code":"1020201","upi":"1/02/02/01/1051","change_id":"","start_date":"1800-01-01T00:00:00.000Z","end_date":"1899-11-30T00:00:00.000Z","status":"Actual","transactio":"","accuracy":"C","area_in_we":0,"x":503863.0358,"y":4788847.22038451,"village_co":"102020108","globalid":"{C2A7707D-3CB7-43E7-BA34-53264D9DB71F}","st_area_sh":1041.93134626,"st_length_":130.276563025}},
{"type":"Feature","geometry":{"type":"Polygon","coordinates":[[[30.03513,-1.90994],[30.0351,-1.90989],[30.03514,-1.90956],[30.03508,-1.90949],[30.03479,-1.90955],[30.03473,-1.90959],[30.03493,-1.90984],[30.03502,-1.91001],[30.03513,-1.90994]]]},"properties":{"objectid":40633811,"parcel_num":1052,"village":"Nyagasozi","province":"Kigali City","district":"Gasabo","sector":"Gatsata","cell":"Karuruma","cell_code":"1020201","upi":"1/02/02/01/1052","change_id":"","start_date":"1800-01-01T00:00:00.000Z","end_date":"1899-11-30T00:00:00.000Z","status":"Actual","transactio":"","accuracy":"C","area_in_we":0,"x":503886.17405,"y":4788858.26698313,"village_co":"102020108","globalid":"{C3293D0B-2DD1-45DA-A25F-0EF3D01304CE}","st_area_sh":1463.21507047,"st_length_":167.883102643}},
{"type":"Feature","geometry":{"type":"Polygon","coordinates":[[[30.0344,-1.90955],[30.03418,-1.90955],[30.0343,-1.90984],[30.03444,-1.90977],[30.03449,-1.90975],[30.0344,-1.90955]]]},"properties":{"objectid":40633812,"parcel_num":1053,"village":"Nyagasozi","province":"Kigali City","district":"Gasabo","sector":"Gatsata","cell":"Karuruma","cell_code":"1020201","upi":"1/02/02/01/1053","change_id":"","start_date":"1800-01-01T00:00:00.000Z","end_date":"1899-11-30T00:00:00.000Z","status":"Actual","transactio":"","accuracy":"C","area_in_we":0,"x":503818.2695,"y":4788857.52748709,"village_co":"102020108","globalid":"{43778F1F-5150-4890-8437-02FA305450E8}","st_area_sh":755.15192168,"st_length_":110.193715497}},
{"type":"Feature","geometry":{"type":"Polygon","coordinates":[[[30.03469,-1.91],[30.03452,-1.90972],[30.03449,-1.90975],[30.03444,-1.90977],[30.0346,-1.91004],[30.03469,-1.91]]]},"properties":{"objectid":40633813,"parcel_num":1054,"village":"Nyagasozi","province":"Kigali City","district":"Gasabo","sector":"Gatsata","cell":"Karuruma","cell_code":"1020201","upi":"1/02/02/01/1054","change_id":"","start_date":"1800-01-01T00:00:00.000Z","end_date":"1899-11-30T00:00:00.000Z","status":"Actual","transactio":"","accuracy":"C","area_in_we":0,"x":503845.10165,"y":4788837.94849009,"village_co":"102020108","globalid":"{E7C63663-B1C9-4BFE-A461-BEF453ECD989}","st_area_sh":349.69323179,"st_length_":92.5699922042}},
{"type":"Feature","geometry":{"type":"Polygon","coordinates":[[[30.0346,-1.91004],[30.03444,-1.90977],[30.0343,-1.90984],[30.03444,-1.9101],[30.0346,-1.91004]]]},"properties":{"objectid":40633814,"parcel_num":1055,"village":"Nyagasozi","province":"Kigali City","district":"Gasabo","sector":"Gatsata","cell":"Karuruma","cell_code":"1020201","upi":"1/02/02/01/1055","change_id":"","start_date":"1800-01-01T00:00:00.000Z","end_date":"1899-11-30T00:00:00.000Z","status":"Actual","transactio":"","accuracy":"C","area_in_we":0,"x":503832.8651,"y":4788829.21684325,"village_co":"102020108","globalid":"{C0A0DFF0-6D3E-4B8E-922F-F99A2AA19B58}","st_area_sh":580.01518613,"st_length_":104.26503171}},
{"type":"Feature","geometry":{"type":"Polygon","coordinates":[[[30.03471,-1.91046],[30.03469,-1.91],[30.0346,-1.91004],[30.03444,-1.9101],[30.03439,-1.91053],[30.03472,-1.91054],[30.03471,-1.91046]]]},"properties":{"objectid":40633815,"parcel_num":1056,"village":"Nyagasozi","province":"Kigali City","district":"Gasabo","sector":"Gatsata","cell":"Karuruma","cell_code":"1020201","upi":"1/02/02/01/1056","change_id":"","start_date":"1800-01-01T00:00:00.000Z","end_date":"1899-11-30T00:00:00.000Z","status":"Actual","transactio":"","accuracy":"C","area_in_we":0,"x":503843.75995,"y":4788790.41832283,"village_co":"102020108","globalid":"{8A890A8A-EF7A-4F97-A8E9-E34825B95404}","st_area_sh":1689.54165506,"st_length_":174.323226814}},
{"type":"Feature","geometry":{"type":"Polygon","coordinates":[[[30.03513,-1.90994],[30.03502,-1.91001],[30.03493,-1.90984],[30.03469,-1.91],[30.03471,-1.91046],[30.0349,-1.91043],[30.03518,-1.91048],[30.03524,-1.91024],[30.03521,-1.91017],[30.03513,-1.90994]]]},"properties":{"objectid":40633816,"parcel_num":1057,"village":"Nyagasozi","province":"Kigali City","district":"Gasabo","sector":"Gatsata","cell":"Karuruma","cell_code":"1020201","upi":"1/02/02/01/1057","change_id":"","start_date":"1800-01-01T00:00:00.000Z","end_date":"1899-11-30T00:00:00.000Z","status":"Actual","transactio":"","accuracy":"C","area_in_we":0,"x":503889.50045,"y":4788804.19930791,"village_co":"102020108","globalid":"{08E3DD5B-952C-49B8-9B7D-BC8606F2CDFE}","st_area_sh":3142.06690046,"st_length_":233.563206551}},
{"type":"Feature","geometry":{"type":"Polygon","coordinates":[[[30.03472,-1.91054],[30.03439,-1.91053],[30.03438,-1.91078],[30.03472,-1.91074],[30.03474,-1.91074],[30.03472,-1.91054]]]},"properties":{"objectid":40633817,"parcel_num":1058,"village":"Nyagasozi","province":"Kigali City","district":"Gasabo","sector":"Gatsata","cell":"Karuruma","cell_code":"1020201","upi":"1/02/02/01/1058","change_id":"","start_date":"1800-01-01T00:00:00.000Z","end_date":"1899-11-30T00:00:00.000Z","status":"Actual","transactio":"","accuracy":"C","area_in_we":0,"x":503843.63134353,"y":4788750.86885,"village_co":"102020108","globalid":"{7DFF508F-955D-469D-9C0B-9146BA28778F}","st_area_sh":978.92709509,"st_length_":129.481220902}},
{"type":"Feature","geometry":{"type":"Polygon","coordinates":[[[30.03518,-1.91048],[30.0349,-1.91043],[30.03471,-1.91046],[30.03472,-1.91054],[30.03474,-1.91074],[30.03519,-1.91074],[30.03518,-1.91048]]]},"properties":{"objectid":40633818,"parcel_num":1059,"village":"Nyagasozi","province":"Kigali City","district":"Gasabo","sector":"Gatsata","cell":"Karuruma","cell_code":"1020201","upi":"1/02/02/01/1059","change_id":"","start_date":"1800-01-01T00:00:00.000Z","end_date":"1899-11-30T00:00:00.000Z","status":"Actual","transactio":"","accuracy":"C","area_in_we":0,"x":503888.82252965,"y":4788757.3778,"village_co":"102020108","globalid":"{5876FA77-9FBF-4A79-90FF-8934F88CB301}","st_area_sh":1681.18096978,"st_length_":164.079071307}},
{"type":"Feature","geometry":{"type":"Polygon","coordinates":[[[30.03471,-1.91112],[30.03472,-1.91074],[30.03438,-1.91078],[30.03438,-1.91115],[30.03471,-1.91112]]]},"properties":{"objectid":40633819,"parcel_num":1060,"village":"Nyagasozi","province":"Kigali City","district":"Gasabo","sector":"Gatsata","cell":"Karuruma","cell_code":"1020201","upi":"1/02/02/01/1060","change_id":"","start_date":"1800-01-01T00:00:00.000Z","end_date":"1899-11-30T00:00:00.000Z","status":"Actual","transactio":"","accuracy":"C","area_in_we":0,"x":503842.808,"y":4788718.86748837,"village_co":"102020108","globalid":"{9577B6E5-A7BE-4AC1-A36E-246DC401F8F4}","st_area_sh":1560.07262363,"st_length_":158.458110912}},
{"type":"Feature","geometry":{"type":"Polygon","coordinates":[[[30.03519,-1.91074],[30.03474,-1.91074],[30.03472,-1.91074],[30.03471,-1.91112],[30.03506,-1.91104],[30.03522,-1.91101],[30.03519,-1.91074]]]},"properties":{"objectid":40633820,"parcel_num":1061,"village":"Nyagasozi","province":"Kigali City","district":"Gasabo","sector":"Gatsata","cell":"Karuruma","cell_code":"1020201","upi":"1/02/02/01/1061","change_id":"","start_date":"1800-01-01T00:00:00.000Z","end_date":"1899-11-30T00:00:00.000Z","status":"Actual","transactio":"","accuracy":"C","area_in_we":0,"x":503889.90709585,"y":4788721.0699,"village_co":"102020108","globalid":"{EBC045DB-04DA-4886-A89A-984EA2120F13}","st_area_sh":1917.73111687,"st_length_":181.932348395}},
{"type":"Feature","geometry":{"type":"Polygon","coordinates":[[[30.03444,-1.91139],[30.03477,-1.91132],[30.03471,-1.91112],[30.03438,-1.91115],[30.03444,-1.91139]]]},"properties":{"objectid":40633821,"parcel_num":1062,"village":"Nyagasozi","province":"Kigali City","district":"Gasabo","sector":"Gatsata","cell":"Karuruma","cell_code":"1020201","upi":"1/02/02/01/1062","change_id":"","start_date":"1800-01-01T00:00:00.000Z","end_date":"1899-11-30T00:00:00.000Z","status":"Actual","transactio":"","accuracy":"C","area_in_we":0,"x":503846.5443354,"y":4788684.72405,"village_co":"102020108","globalid":"{EFC67B8F-519A-462B-A3E5-18DE04CD33BC}","st_area_sh":979.970418255,"st_length_":126.652234166}},
{"type":"Feature","geometry":{"type":"Polygon","coordinates":[[[30.03514,-1.91125],[30.03506,-1.91104],[30.03471,-1.91112],[30.03477,-1.91132],[30.03444,-1.91139],[30.03453,-1.91177],[30.03493,-1.91167],[30.03506,-1.91162],[30.03503,-1.91147],[30.03484,-1.91155],[30.03479,-1.91138],[30.03514,-1.91125]]]},"properties":{"objectid":40633822,"parcel_num":1063,"village":"Nyagasozi","province":"Kigali City","district":"Gasabo","sector":"Gatsata","cell":"Karuruma","cell_code":"1020201","upi":"1/02/02/01/1063","change_id":"","start_date":"1800-01-01T00:00:00.000Z","end_date":"1899-11-30T00:00:00.000Z","status":"Actual","transactio":"","accuracy":"C","area_in_we":0,"x":503851.13050087,"y":4788668.0749,"village_co":"102020108","globalid":"{F6524F8D-B6A7-4B36-B7AC-F78BA4EA020A}","st_area_sh":3087.07818131,"st_length_":332.922922527}},
{"type":"Feature","geometry":{"type":"Polygon","coordinates":[[[30.03503,-1.91147],[30.03502,-1.91141],[30.03516,-1.91135],[30.03514,-1.91125],[30.03479,-1.91138],[30.03484,-1.91155],[30.03503,-1.91147]]]},"properties":{"objectid":40633823,"parcel_num":1064,"village":"Nyagasozi","province":"Kigali City","district":"Gasabo","sector":"Gatsata","cell":"Karuruma","cell_code":"1020201","upi":"1/02/02/01/1064","change_id":"","start_date":"1800-01-01T00:00:00.000Z","end_date":"1899-11-30T00:00:00.000Z","status":"Actual","transactio":"","accuracy":"C","area_in_we":0,"x":503884.83222193,"y":4788668.7453,"village_co":"102020108","globalid":"{9BF8930C-129D-45E8-813B-8E21724B38E0}","st_area_sh":644.17289746,"st_length_":118.689844466}},
{"type":"Feature","geometry":{"type":"Polygon","coordinates":[[[30.03501,-1.91201],[30.03493,-1.91167],[30.03453,-1.91177],[30.03459,-1.91232],[30.03494,-1.9122],[30.03506,-1.9122],[30.03501,-1.91201]]]},"properties":{"objectid":40633824,"parcel_num":1065,"village":"Nyagasozi","province":"Kigali City","district":"Gasabo","sector":"Gatsata","cell":"Karuruma","cell_code":"1020201","upi":"1/02/02/01/1065","change_id":"","start_date":"1800-01-01T00:00:00.000Z","end_date":"1899-11-30T00:00:00.000Z","status":"Actual","transactio":"","accuracy":"C","area_in_we":0,"x":503871.6643,"y":4788605.28631867,"village_co":"102020108","globalid":"{F4260E2E-F0EB-4A3A-BEA2-C146BC6FA948}","st_area_sh":2863.61894265,"st_length_":223.00602385}},
{"type":"Feature","geometry":{"type":"Polygon","coordinates":[[[30.03573,-1.91149],[30.03576,-1.91131],[30.03534,-1.91156],[30.03506,-1.91162],[30.03493,-1.91167],[30.03501,-1.91201],[30.03511,-1.91196],[30.0353,-1.91189],[30.03565,-1.91177],[30.03566,-1.91168],[30.03573,-1.91149]]]},"properties":{"objectid":40633825,"parcel_num":1066,"village":"Nyagasozi","province":"Kigali City","district":"Gasabo","sector":"Gatsata","cell":"Karuruma","cell_code":"1020201","upi":"1/02/02/01/1066","change_id":"","start_date":"1800-01-01T00:00:00.000Z","end_date":"1899-11-30T00:00:00.000Z","status":"Actual","transactio":"","accuracy":"C","area_in_we":0,"x":503928.11106461,"y":4788639.923,"village_co":"102020108","globalid":"{740CB6C8-8D94-43FB-8B5E-847ADAA1FF2D}","st_area_sh":3161.65973004,"st_length_":268.962078663}},
{"type":"Feature","geometry":{"type":"Polygon","coordinates":[[[30.03564,-1.9119],[30.03565,-1.91177],[30.0353,-1.91189],[30.03531,-1.91201],[30.03535,-1.912],[30.03546,-1.91196],[30.03564,-1.9119]]]},"properties":{"objectid":40633826,"parcel_num":1067,"village":"Nyagasozi","province":"Kigali City","district":"Gasabo","sector":"Gatsata","cell":"Karuruma","cell_code":"1020201","upi":"1/02/02/01/1067","change_id":"","start_date":"1800-01-01T00:00:00.000Z","end_date":"1899-11-30T00:00:00.000Z","status":"Actual","transactio":"","accuracy":"C","area_in_we":0,"x":503946.31483439,"y":4788614.21435,"village_co":"102020108","globalid":"{B7EDA811-EEA8-4C15-B534-E0F486DB3DE4}","st_area_sh":513.21002991,"st_length_":106.881975858}},
{"type":"Feature","geometry":{"type":"Polygon","coordinates":[[[30.03531,-1.91201],[30.0353,-1.91189],[30.03511,-1.91196],[30.03516,-1.91211],[30.03526,-1.91208],[30.03531,-1.91201]]]},"properties":{"objectid":40633827,"parcel_num":1068,"village":"Nyagasozi","province":"Kigali City","district":"Gasabo","sector":"Gatsata","cell":"Karuruma","cell_code":"1020201","upi":"1/02/02/01/1068","change_id":"","start_date":"1800-01-01T00:00:00.000Z","end_date":"1899-11-30T00:00:00.000Z","status":"Actual","transactio":"","accuracy":"C","area_in_we":0,"x":503916.9124,"y":4788601.86544112,"village_co":"102020108","globalid":"{2DA9D4A1-03EF-4A9A-A5E2-00DD58DAF817}","st_area_sh":357.570398515,"st_length_":76.7727044134}},
{"type":"Feature","geometry":{"type":"Polygon","coordinates":[[[30.03516,-1.91211],[30.03511,-1.91196],[30.03501,-1.91201],[30.03506,-1.9122],[30.03512,-1.91217],[30.03517,-1.91215],[30.03516,-1.91211]]]},"properties":{"objectid":40633828,"parcel_num":1069,"village":"Nyagasozi","province":"Kigali City","district":"Gasabo","sector":"Gatsata","cell":"Karuruma","cell_code":"1020201","upi":"1/02/02/01/1069","change_id":"","start_date":"1800-01-01T00:00:00.000Z","end_date":"1899-11-30T00:00:00.000Z","status":"Actual","transactio":"","accuracy":"C","area_in_we":0,"x":503903.22415,"y":4788593.87776459,"village_co":"102020108","globalid":"{1E92CA88-31B2-459D-9A9E-395412AD7104}","st_area_sh":256.15516644,"st_length_":71.8033961098}},
{"type":"Feature","geometry":{"type":"Polygon","coordinates":[[[30.03565,-1.91199],[30.03564,-1.9119],[30.03546,-1.91196],[30.03548,-1.91205],[30.03565,-1.91199]]]},"properties":{"objectid":40633830,"parcel_num":1070,"village":"Nyagasozi","province":"Kigali City","district":"Gasabo","sector":"Gatsata","cell":"Karuruma","cell_code":"1020201","upi":"1/02/02/01/1070","change_id":"","start_date":"1800-01-01T00:00:00.000Z","end_date":"1899-11-30T00:00:00.000Z","status":"Actual","transactio":"","accuracy":"C","area_in_we":0,"x":503955.58583596,"y":4788605.18485,"village_co":"102020108","globalid":"{40C1127C-1F3C-40B2-B317-2E48E286F416}","st_area_sh":210.44879816,"st_length_":62.299566876}},
{"type":"Feature","geometry":{"type":"Polygon","coordinates":[[[30.03601,-1.91176],[30.03566,-1.91168],[30.03565,-1.91177],[30.03564,-1.9119],[30.03565,-1.91199],[30.03575,-1.91191],[30.036,-1.91181],[30.03601,-1.91176]]]},"properties":{"objectid":40633831,"parcel_num":1071,"village":"Nyagasozi","province":"Kigali City","district":"Gasabo","sector":"Gatsata","cell":"Karuruma","cell_code":"1020201","upi":"1/02/02/01/1071","change_id":"","start_date":"1800-01-01T00:00:00.000Z","end_date":"1899-11-30T00:00:00.000Z","status":"Actual","transactio":"","accuracy":"C","area_in_we":0,"x":503980.54097698,"y":4788620.4245,"village_co":"102020108","globalid":"{72272014-201B-4233-B672-68E5AE7113E6}","st_area_sh":728.13270413,"st_length_":126.009484036}},
{"type":"Feature","geometry":{"type":"Polygon","coordinates":[[[30.03535,-1.9122],[30.03515,-1.91225],[30.03512,-1.91217],[30.03506,-1.9122],[30.03494,-1.9122],[30.03459,-1.91232],[30.03462,-1.91248],[30.03538,-1.91231],[30.03535,-1.9122]]]},"properties":{"objectid":40633832,"parcel_num":1072,"village":"Nyagasozi","province":"Kigali City","district":"Gasabo","sector":"Gatsata","cell":"Karuruma","cell_code":"1020201","upi":"1/02/02/01/1072","change_id":"","start_date":"1800-01-01T00:00:00.000Z","end_date":"1899-11-30T00:00:00.000Z","status":"Actual","transactio":"","accuracy":"C","area_in_we":0,"x":503886.74455112,"y":4788566.5219,"village_co":"102020108","globalid":"{200A9DFB-5CC2-4509-9DED-6C5E029E60A7}","st_area_sh":1466.24079574,"st_length_":214.017176925}},
{"type":"Feature","geometry":{"type":"Polygon","coordinates":[[[30.03542,-1.91245],[30.03538,-1.91231],[30.03462,-1.91248],[30.03464,-1.91266],[30.03537,-1.91246],[30.03542,-1.91245]]]},"properties":{"objectid":40633833,"parcel_num":1073,"village":"Nyagasozi","province":"Kigali City","district":"Gasabo","sector":"Gatsata","cell":"Karuruma","cell_code":"1020201","upi":"1/02/02/01/1073","change_id":"","start_date":"1800-01-01T00:00:00.000Z","end_date":"1899-11-30T00:00:00.000Z","status":"Actual","transactio":"","accuracy":"C","area_in_we":0,"x":503889.50919533,"y":4788548.8854,"village_co":"102020108","globalid":"{74EC6D5B-8E72-48BF-B293-0442473EF730}","st_area_sh":1746.71107711,"st_length_":214.314679553}},
{"type":"Feature","geometry":{"type":"Polygon","coordinates":[[[30.03541,-1.91266],[30.03537,-1.91246],[30.03464,-1.91266],[30.03468,-1.91369],[30.03463,-1.9143],[30.03436,-1.91501],[30.03401,-1.9153],[30.0351,-1.91536],[30.03567,-1.91521],[30.0358,-1.91519],[30.03579,-1.9147],[30.03563,-1.91421],[30.03563,-1.91401],[30.03568,-1.91384],[30.0357,-1.91361],[30.03572,-1.91357],[30.03573,-1.9132],[30.03568,-1.91295],[30.03564,-1.91285],[30.03545,-1.91289],[30.03541,-1.91266]]]},"properties":{"objectid":40633834,"parcel_num":1074,"village":"Kingasire","province":"Kigali City","district":"Gasabo","sector":"Gatsata","cell":"Karuruma","cell_code":"1020201","upi":"1/02/02/01/1074","change_id":"BC","start_date":"2016-10-05T00:00:00.000Z","end_date":"1899-11-30T00:00:00.000Z","status":"Actual","transactio":"","accuracy":"C","area_in_we":0,"x":503956.2074,"y":4787977.66382518,"village_co":"102020105","globalid":"{6ED46F6E-A0FF-417E-964F-77F06A404A1E}","st_area_sh":228959.144622,"st_length_":2746.41485921}},
{"type":"Feature","geometry":{"type":"Polygon","coordinates":[[[30.03574,-1.91209],[30.03565,-1.91199],[30.03548,-1.91205],[30.03537,-1.91209],[30.03534,-1.9121],[30.03535,-1.9122],[30.03538,-1.91231],[30.03542,-1.91245],[30.03577,-1.91241],[30.0358,-1.91224],[30.03574,-1.91209]]]},"properties":{"objectid":40633835,"parcel_num":1075,"village":"Nyagasozi","province":"Kigali City","district":"Gasabo","sector":"Gatsata","cell":"Karuruma","cell_code":"1020201","upi":"1/02/02/01/1075","change_id":"","start_date":"1800-01-01T00:00:00.000Z","end_date":"1899-11-30T00:00:00.000Z","status":"Actual","transactio":"","accuracy":"C","area_in_we":0,"x":503958.51211121,"y":4788577.72215,"village_co":"102020108","globalid":"{B10250FE-EDC8-420D-AD78-BD2078BAA0D1}","st_area_sh":1948.65581419,"st_length_":168.06908134}},
{"type":"Feature","geometry":{"type":"Polygon","coordinates":[[[30.03666,-1.91195],[30.03643,-1.91189],[30.03642,-1.91208],[30.0358,-1.91224],[30.03577,-1.91241],[30.03542,-1.91245],[30.03537,-1.91246],[30.03541,-1.91266],[30.03565,-1.91262],[30.03587,-1.91259],[30.03637,-1.91251],[30.03638,-1.91263],[30.03656,-1.91251],[30.03663,-1.91234],[30.03672,-1.9123],[30.0367,-1.91214],[30.03666,-1.91195]]]},"properties":{"objectid":40633836,"parcel_num":1076,"village":"Nyagasozi","province":"Kigali City","district":"Gasabo","sector":"Gatsata","cell":"Karuruma","cell_code":"1020201","upi":"1/02/02/01/1076","change_id":"","start_date":"1800-01-01T00:00:00.000Z","end_date":"1899-11-30T00:00:00.000Z","status":"Actual","transactio":"","accuracy":"C","area_in_we":0,"x":504033.33846178,"y":4788571.59805,"village_co":"102020108","globalid":"{932463AE-C415-4D67-A1D0-50E0449D01A3}","st_area_sh":5879.2756378,"st_length_":422.230970255}},
{"type":"Feature","geometry":{"type":"Polygon","coordinates":[[[30.03566,-1.91285],[30.03565,-1.91262],[30.03541,-1.91266],[30.03545,-1.91289],[30.03564,-1.91285],[30.03566,-1.91285]]]},"properties":{"objectid":40633837,"parcel_num":1077,"village":"Nyagasozi","province":"Kigali City","district":"Gasabo","sector":"Gatsata","cell":"Karuruma","cell_code":"1020201","upi":"1/02/02/01/1077","change_id":"","start_date":"1800-01-01T00:00:00.000Z","end_date":"1899-11-30T00:00:00.000Z","status":"Actual","transactio":"","accuracy":"C","area_in_we":0,"x":503953.00735,"y":4788518.07754487,"village_co":"102020108","globalid":"{0478DEAB-D07E-44A2-BB1C-A386D447081A}","st_area_sh":654.170833945,"st_length_":101.99377815}},
{"type":"Feature","geometry":{"type":"Polygon","coordinates":[[[30.03589,-1.91279],[30.03587,-1.91259],[30.03565,-1.91262],[30.03566,-1.91285],[30.03574,-1.91282],[30.03589,-1.91279]]]},"properties":{"objectid":40633838,"parcel_num":1078,"village":"Nyagasozi","province":"Kigali City","district":"Gasabo","sector":"Gatsata","cell":"Karuruma","cell_code":"1020201","upi":"1/02/02/01/1078","change_id":"","start_date":"1800-01-01T00:00:00.000Z","end_date":"1899-11-30T00:00:00.000Z","status":"Actual","transactio":"","accuracy":"C","area_in_we":0,"x":503979.1729097,"y":4788522.6292,"village_co":"102020108","globalid":"{F475C63D-CA52-4B54-ADCB-08A6243CFCD4}","st_area_sh":583.035448765,"st_length_":99.1465086715}},
{"type":"Feature","geometry":{"type":"Polygon","coordinates":[[[30.03638,-1.91263],[30.03637,-1.91251],[30.03587,-1.91259],[30.03589,-1.91279],[30.0359,-1.91279],[30.03611,-1.91276],[30.03636,-1.91277],[30.03638,-1.91263]]]},"properties":{"objectid":40633839,"parcel_num":1079,"village":"Nyagasozi","province":"Kigali City","district":"Gasabo","sector":"Gatsata","cell":"Karuruma","cell_code":"1020201","upi":"1/02/02/01/1079","change_id":"","start_date":"1800-01-01T00:00:00.000Z","end_date":"1899-11-30T00:00:00.000Z","status":"Actual","transactio":"","accuracy":"C","area_in_we":0,"x":504019.31249911,"y":4788530.4349,"village_co":"102020108","globalid":"{3A309794-88D9-437A-8B55-F47E3F858AB2}","st_area_sh":1379.53589276,"st_length_":161.636498332}},
{"type":"Feature","geometry":{"type":"Polygon","coordinates":[[[30.03643,-1.91189],[30.03643,-1.91171],[30.03617,-1.91174],[30.0362,-1.91192],[30.03574,-1.91209],[30.0358,-1.91224],[30.03642,-1.91208],[30.03643,-1.91189]]]},"properties":{"objectid":40633841,"parcel_num":1080,"village":"Nyagasozi","province":"Kigali City","district":"Gasabo","sector":"Gatsata","cell":"Karuruma","cell_code":"1020201","upi":"1/02/02/01/1080","change_id":"","start_date":"1800-01-01T00:00:00.000Z","end_date":"1899-11-30T00:00:00.000Z","status":"Actual","transactio":"","accuracy":"C","area_in_we":0,"x":504031.40328377,"y":4788605.0435,"village_co":"102020108","globalid":"{A61B8C43-5C26-406A-BAA5-76FC6339AEC9}","st_area_sh":2103.08316269,"st_length_":233.853824498}},
{"type":"Feature","geometry":{"type":"Polygon","coordinates":[[[30.03574,-1.91209],[30.0362,-1.91192],[30.03617,-1.91174],[30.03601,-1.91176],[30.036,-1.91181],[30.03575,-1.91191],[30.03565,-1.91199],[30.03574,-1.91209]]]},"properties":{"objectid":40633842,"parcel_num":1081,"village":"Nyagasozi","province":"Kigali City","district":"Gasabo","sector":"Gatsata","cell":"Karuruma","cell_code":"1020201","upi":"1/02/02/01/1081","change_id":"","start_date":"1800-01-01T00:00:00.000Z","end_date":"1899-11-30T00:00:00.000Z","status":"Actual","transactio":"","accuracy":"C","area_in_we":0,"x":504001.94424536,"y":4788612.0017,"village_co":"102020108","globalid":"{AA6F15B5-0719-40F1-9B42-932E8655AE0B}","st_area_sh":1155.34364925,"st_length_":158.324658524}},
{"type":"Feature","geometry":{"type":"Polygon","coordinates":[[[30.03701,-1.91229],[30.03672,-1.9123],[30.03663,-1.91234],[30.03656,-1.91251],[30.03638,-1.91263],[30.03636,-1.91277],[30.03685,-1.91265],[30.03724,-1.9127],[30.03741,-1.91269],[30.03701,-1.91229]]]},"properties":{"objectid":40633843,"parcel_num":1082,"village":"Nyagasozi","province":"Kigali City","district":"Gasabo","sector":"Gatsata","cell":"Karuruma","cell_code":"1020201","upi":"1/02/02/01/1082","change_id":"","start_date":"1800-01-01T00:00:00.000Z","end_date":"1899-11-30T00:00:00.000Z","status":"Actual","transactio":"","accuracy":"C","area_in_we":0,"x":504105.99810415,"y":4788544.89155,"village_co":"102020108","globalid":"{54C182C3-4DB5-487F-A589-475456BD8EFC}","st_area_sh":3458.80836231,"st_length_":284.254212714}},
{"type":"Feature","geometry":{"type":"Polygon","coordinates":[[[30.03735,-1.91231],[30.03701,-1.91229],[30.03741,-1.91269],[30.03752,-1.91269],[30.03793,-1.91257],[30.03796,-1.91256],[30.03842,-1.91237],[30.03845,-1.91235],[30.03842,-1.91235],[30.03735,-1.91231]]]},"properties":{"objectid":40633844,"parcel_num":1083,"village":"Nyagasozi","province":"Kigali City","district":"Gasabo","sector":"Gatsata","cell":"Karuruma","cell_code":"1020201","upi":"1/02/02/01/1083","change_id":"","start_date":"1800-01-01T00:00:00.000Z","end_date":"1899-11-30T00:00:00.000Z","status":"Actual","transactio":"","accuracy":"C","area_in_we":0,"x":504192.149707,"y":4788547.90635,"village_co":"102020108","globalid":"{895496D4-A2FC-4235-A7C7-33FD90B5A736}","st_area_sh":3496.81879878,"st_length_":347.20482241}},
{"type":"Feature","geometry":{"type":"Polygon","coordinates":[[[30.03792,-1.9121],[30.03765,-1.91194],[30.03764,-1.91211],[30.03735,-1.91207],[30.03735,-1.91231],[30.03842,-1.91235],[30.03831,-1.91231],[30.03815,-1.91228],[30.03792,-1.9121]]]},"properties":{"objectid":40633845,"parcel_num":1084,"village":"Nyagasozi","province":"Kigali City","district":"Gasabo","sector":"Gatsata","cell":"Karuruma","cell_code":"1020201","upi":"1/02/02/01/1084","change_id":"","start_date":"1800-01-01T00:00:00.000Z","end_date":"1899-11-30T00:00:00.000Z","status":"Actual","transactio":"","accuracy":"C","area_in_we":0,"x":504190.94282722,"y":4788585.66825,"village_co":"102020108","globalid":"{DCDF660B-ED5E-4AA7-8199-A1EA6238BFC7}","st_area_sh":2544.71380488,"st_length_":295.551851034}},
{"type":"Feature","geometry":{"type":"Polygon","coordinates":[[[30.03735,-1.91207],[30.0372,-1.91191],[30.03693,-1.91189],[30.03693,-1.91213],[30.0367,-1.91214],[30.03672,-1.9123],[30.03701,-1.91229],[30.03735,-1.91231],[30.03735,-1.91207]]]},"properties":{"objectid":40633846,"parcel_num":1085,"village":"Nyagasozi","province":"Kigali City","district":"Gasabo","sector":"Gatsata","cell":"Karuruma","cell_code":"1020201","upi":"1/02/02/01/1085","change_id":"","start_date":"1800-01-01T00:00:00.000Z","end_date":"1899-11-30T00:00:00.000Z","status":"Actual","transactio":"","accuracy":"C","area_in_we":0,"x":504131.74642608,"y":4788591.8535,"village_co":"102020108","globalid":"{7B48000C-28B2-486A-B385-A77F7A12B3A3}","st_area_sh":2344.27615892,"st_length_":223.691390856}},
{"type":"Feature","geometry":{"type":"Polygon","coordinates":[[[30.03592,-1.91166],[30.03573,-1.91149],[30.03566,-1.91168],[30.03601,-1.91176],[30.03592,-1.91166]]]},"properties":{"objectid":40633847,"parcel_num":1086,"village":"Nyagasozi","province":"Kigali City","district":"Gasabo","sector":"Gatsata","cell":"Karuruma","cell_code":"1020201","upi":"1/02/02/01/1086","change_id":"","start_date":"1800-01-01T00:00:00.000Z","end_date":"1899-11-30T00:00:00.000Z","status":"Actual","transactio":"","accuracy":"C","area_in_we":0,"x":503980.41260196,"y":4788643.7226,"village_co":"102020108","globalid":"{0E04E7B5-C02F-4FFB-B831-DA7D6755C8E0}","st_area_sh":503.1766763,"st_length_":104.770071068}},
{"type":"Feature","geometry":{"type":"Polygon","coordinates":[[[30.03636,-1.91129],[30.03633,-1.91101],[30.03629,-1.91111],[30.03618,-1.91119],[30.03592,-1.91123],[30.03576,-1.91131],[30.03573,-1.91149],[30.03592,-1.91166],[30.0362,-1.91152],[30.03631,-1.91139],[30.03635,-1.91132],[30.03636,-1.91129]]]},"properties":{"objectid":40633848,"parcel_num":1087,"village":"Nyagasozi","province":"Kigali City","district":"Gasabo","sector":"Gatsata","cell":"Karuruma","cell_code":"1020201","upi":"1/02/02/01/1087","change_id":"","start_date":"1800-01-01T00:00:00.000Z","end_date":"1899-11-30T00:00:00.000Z","status":"Actual","transactio":"","accuracy":"C","area_in_we":0,"x":504010.25603384,"y":4788675.4137,"village_co":"102020108","globalid":"{94433BFC-BA25-43E6-B330-0FB98E6FD040}","st_area_sh":2540.77732667,"st_length_":223.179736493}},
{"type":"Feature","geometry":{"type":"Polygon","coordinates":[[[30.03953,-1.90624],[30.0395,-1.9066],[30.0397,-1.9066],[30.03986,-1.90659],[30.03987,-1.90657],[30.03988,-1.90651],[30.03972,-1.90649],[30.03973,-1.90638],[30.03973,-1.90628],[30.03953,-1.90624]]]},"properties":{"objectid":40633849,"parcel_num":1088,"village":"Nyagasozi","province":"Kigali City","district":"Gasabo","sector":"Gatsata","cell":"Karuruma","cell_code":"1020201","upi":"1/02/02/01/1088","change_id":"BC","start_date":"2017-10-31T00:00:00.000Z","end_date":"1899-11-30T00:00:00.000Z","status":"Actual","transactio":"","accuracy":"C","area_in_we":0,"x":504415.3036,"y":4789218.41517504,"village_co":"102020108","globalid":"{23575021-0781-415A-A353-41C9B912593E}","st_area_sh":1154.46834356,"st_length_":158.112822328}},
{"type":"Feature","geometry":{"type":"Polygon","coordinates":[[[30.03982,-1.90637],[30.03982,-1.90628],[30.03973,-1.90628],[30.03973,-1.90638],[30.03982,-1.90637]]]},"properties":{"objectid":40633850,"parcel_num":1089,"village":"Nyagasozi","province":"Kigali City","district":"Gasabo","sector":"Gatsata","cell":"Karuruma","cell_code":"1020201","upi":"1/02/02/01/1089","change_id":"BC","start_date":"2017-10-31T00:00:00.000Z","end_date":"1899-11-30T00:00:00.000Z","status":"Actual","transactio":"","accuracy":"C","area_in_we":0,"x":504424.6001,"y":4789229.52650817,"village_co":"102020108","globalid":"{2B41D93B-7FB2-4594-9BBE-276C2A55BE95}","st_area_sh":102.411198945,"st_length_":41.1727033174}},
{"type":"Feature","geometry":{"type":"Polygon","coordinates":[[[30.03993,-1.90638],[30.03982,-1.90637],[30.03973,-1.90638],[30.03972,-1.90649],[30.03988,-1.90651],[30.03987,-1.90657],[30.03989,-1.90653],[30.03993,-1.90638]]]},"properties":{"objectid":40633852,"parcel_num":1090,"village":"Nyagasozi","province":"Kigali City","district":"Gasabo","sector":"Gatsata","cell":"Karuruma","cell_code":"1020201","upi":"1/02/02/01/1090","change_id":"BC","start_date":"2017-10-31T00:00:00.000Z","end_date":"1899-11-30T00:00:00.000Z","status":"Actual","transactio":"","accuracy":"C","area_in_we":0,"x":504429.36521385,"y":4789213.8921,"village_co":"102020108","globalid":"{519621D3-3556-4033-9328-4C025BD74474}","st_area_sh":304.2573524,"st_length_":83.467973596}},
{"type":"Feature","geometry":{"type":"Polygon","coordinates":[[[30.04036,-1.90662],[30.04026,-1.90645],[30.04011,-1.90645],[30.0401,-1.90656],[30.04007,-1.90688],[30.04031,-1.90681],[30.04036,-1.90662]]]},"properties":{"objectid":40633853,"parcel_num":1093,"village":"Nyagasozi","province":"Kigali City","district":"Gasabo","sector":"Gatsata","cell":"Karuruma","cell_code":"1020201","upi":"1/02/02/01/1093","change_id":"","start_date":"1800-01-01T00:00:00.000Z","end_date":"1899-11-30T00:00:00.000Z","status":"Actual","transactio":"","accuracy":"C","area_in_we":0,"x":504473.6307,"y":4789194.03124747,"village_co":"102020108","globalid":"{D25B76B6-0BC2-4791-AC6D-092BD95174FE}","st_area_sh":1147.99039264,"st_length_":139.043663111}},
{"type":"Feature","geometry":{"type":"Polygon","coordinates":[[[30.0401,-1.90656],[30.03989,-1.90653],[30.03987,-1.90657],[30.03986,-1.90659],[30.03978,-1.90685],[30.04001,-1.90689],[30.04007,-1.90688],[30.0401,-1.90656]]]},"properties":{"objectid":40633854,"parcel_num":1094,"village":"Nyagasozi","province":"Kigali City","district":"Gasabo","sector":"Gatsata","cell":"Karuruma","cell_code":"1020201","upi":"1/02/02/01/1094","change_id":"","start_date":"1800-01-01T00:00:00.000Z","end_date":"1899-11-30T00:00:00.000Z","status":"Actual","transactio":"","accuracy":"C","area_in_we":0,"x":504443.7451,"y":4789187.89259026,"village_co":"102020108","globalid":"{A3625558-CF45-480C-9056-495B973E8774}","st_area_sh":1060.30509728,"st_length_":130.075837863}},
{"type":"Feature","geometry":{"type":"Polygon","coordinates":[[[30.04001,-1.90689],[30.03978,-1.90685],[30.03976,-1.90695],[30.03986,-1.90695],[30.03995,-1.907],[30.04006,-1.907],[30.04001,-1.90689]]]},"properties":{"objectid":40633855,"parcel_num":1095,"village":"Nyagasozi","province":"Kigali City","district":"Gasabo","sector":"Gatsata","cell":"Karuruma","cell_code":"1020201","upi":"1/02/02/01/1095","change_id":"","start_date":"1800-01-01T00:00:00.000Z","end_date":"1899-11-30T00:00:00.000Z","status":"Actual","transactio":"","accuracy":"C","area_in_we":0,"x":504438.65727078,"y":4789163.44585,"village_co":"102020108","globalid":"{E41796AD-1C53-4D50-967B-01411141236D}","st_area_sh":370.746770535,"st_length_":88.2594335273}},
{"type":"Feature","geometry":{"type":"Polygon","coordinates":[[[30.03978,-1.90685],[30.03986,-1.90659],[30.0397,-1.9066],[30.0397,-1.90669],[30.03954,-1.90671],[30.03957,-1.90684],[30.03978,-1.90685]]]},"properties":{"objectid":40633856,"parcel_num":1096,"village":"Nyagasozi","province":"Kigali City","district":"Gasabo","sector":"Gatsata","cell":"Karuruma","cell_code":"1020201","upi":"1/02/02/01/1096","change_id":"BC","start_date":"2021-03-29T00:00:00.000Z","end_date":"1899-11-30T00:00:00.000Z","status":"Actual","transactio":"","accuracy":"C","area_in_we":0,"x":504417.63380208,"y":4789184.51930738,"village_co":"102020108","globalid":"{118B6E13-3CC4-4029-BC61-1233F452D363}","st_area_sh":607.41632333,"st_length_":114.598465155}},
{"type":"Feature","geometry":{"type":"Polygon","coordinates":[[[30.03993,-1.9071],[30.03985,-1.9071],[30.0398,-1.90727],[30.0398,-1.90729],[30.0398,-1.90734],[30.03995,-1.90736],[30.04008,-1.90727],[30.04008,-1.90726],[30.03993,-1.9071]]]},"properties":{"objectid":40633857,"parcel_num":1098,"village":"Nyagasozi","province":"Kigali City","district":"Gasabo","sector":"Gatsata","cell":"Karuruma","cell_code":"1020201","upi":"1/02/02/01/1098","change_id":"BC","start_date":"2021-03-29T00:00:00.000Z","end_date":"1899-11-30T00:00:00.000Z","status":"Actual","transactio":"","accuracy":"C","area_in_we":0,"x":504440.52559013,"y":4789128.21469354,"village_co":"102020108","globalid":"{AF675208-416C-4CC2-BCDB-CB60B0E75447}","st_area_sh":585.016004755,"st_length_":96.6488832874}},
{"type":"Feature","geometry":{"type":"Polygon","coordinates":[[[30.04006,-1.907],[30.03995,-1.907],[30.03998,-1.90711],[30.03993,-1.9071],[30.04008,-1.90726],[30.04006,-1.907]]]},"properties":{"objectid":40633858,"parcel_num":1099,"village":"Nyagasozi","province":"Kigali City","district":"Gasabo","sector":"Gatsata","cell":"Karuruma","cell_code":"1020201","upi":"1/02/02/01/1099","change_id":"BC","start_date":"2021-03-29T00:00:00.000Z","end_date":"1899-11-30T00:00:00.000Z","status":"Actual","transactio":"","accuracy":"C","area_in_we":0,"x":504451.43858407,"y":4789143.15052848,"village_co":"102020108","globalid":"{B17D353E-3C72-4DAF-A9D7-91C0573F4E86}","st_area_sh":289.846586795,"st_length_":83.3276529538}},
{"type":"Feature","geometry":null,"properties":{"objectid":40633862,"parcel_num":1101,"village":"Tetero","province":"Kigali City","district":"Gasabo","sector":"Gatsata","cell":"Karuruma","cell_code":"1020201","upi":"1/02/02/01/1101","change_id":"","start_date":"1800-01-01T00:00:00.000Z","end_date":"1899-11-30T00:00:00.000Z","status":"Actual","transactio":"","accuracy":"C","area_in_we":0,"x":504001.57160005,"y":4788421.96905,"village_co":"102020111","globalid":"{CE412E19-F006-4440-B956-EA1FB305697D}","st_area_sh":1490.32918442,"st_length_":169.406483088}},
{"type":"Feature","geometry":null,"properties":{"objectid":40633864,"parcel_num":1103,"village":"Tetero","province":"Kigali City","district":"Gasabo","sector":"Gatsata","cell":"Karuruma","cell_code":"1020201","upi":"1/02/02/01/1103","change_id":"","start_date":"1800-01-01T00:00:00.000Z","end_date":"1899-11-30T00:00:00.000Z","status":"Actual","transactio":"","accuracy":"C","area_in_we":0,"x":504097.4272608,"y":4788304.81215,"village_co":"102020111","globalid":"{57C23A2F-DCBD-4408-9C66-F1CA8805C200}","st_area_sh":20007.2918173,"st_length_":631.143831729}},
{"type":"Feature","geometry":null,"properties":{"objectid":40634037,"parcel_num":1281,"village":"Rugoro","province":"Kigali City","district":"Gasabo","sector":"Gatsata","cell":"Karuruma","cell_code":"1020201","upi":"1/02/02/01/1281","change_id":"","start_date":"1800-01-01T00:00:00.000Z","end_date":"1899-11-30T00:00:00.000Z","status":"Actual","transactio":"","accuracy":"C","area_in_we":0,"x":504779.60355,"y":4788883.32474327,"village_co":"102020109","globalid":"{12DFA7C8-BBD3-40E0-B82E-CCB38E6F2766}","st_area_sh":658.869555705,"st_length_":113.424320739}},
{"type":"Feature","geometry":{"type":"MultiPolygon","coordinates":[]},"properties":{"objectid":40634038,"parcel_num":1282,"village":"Rugoro","province":"Kigali City","district":"Gasabo","sector":"Gatsata","cell":"Karuruma","cell_code":"1020201","upi":"1/02/02/01/1282","change_id":"","start_date":"1800-01-01T00:00:00.000Z","end_date":"1899-11-30T00:00:00.000Z","status":"Actual","transactio":"","accuracy":"C","area_in_we":0,"x":504756.84155832,"y":4788879.8479,"village_co":"102020109","globalid":"{950BE377-7E03-42B0-AB4C-15A06968A761}","st_area_sh":683.063215665,"st_length_":109.435199262}},
{"type":"Feature","geometry":{"type":"Polygon","coordinates":[[[30.04287,-1.90983],[30.04318,-1.91009],[30.04324,-1.91014],[30.04327,-1.91016],[30.04287,-1.90983]]]},"properties":{"objectid":40634039,"parcel_num":1283,"village":"Rugoro","province":"Kigali City","district":"Gasabo","sector":"Gatsata","cell":"Karuruma","cell_code":"1020201","upi":"1/02/02/01/1283","change_id":"","start_date":"1800-01-01T00:00:00.000Z","end_date":"1899-11-30T00:00:00.000Z","status":"Actual","transactio":"","accuracy":"C","area_in_we":0,"x":504808.4270865,"y":4788835.8454,"village_co":"102020109","globalid":"{E1747FC8-2BA7-42F7-BA5E-71375C41106F}","st_area_sh":3391.16279536,"st_length_":267.077079757}},
{"type":"Feature","geometry":null,"properties":{"objectid":40634041,"parcel_num":1285,"village":"Rugoro","province":"Kigali City","district":"Gasabo","sector":"Gatsata","cell":"Karuruma","cell_code":"1020201","upi":"1/02/02/01/1285","change_id":"","start_date":"1800-01-01T00:00:00.000Z","end_date":"1899-11-30T00:00:00.000Z","status":"Actual","transactio":"","accuracy":"C","area_in_we":0,"x":504860.88851355,"y":4788793.44855,"village_co":"102020109","globalid":"{E92DB3C2-93BF-4A9F-ABFB-92C96D3A4415}","st_area_sh":1655.45385278,"st_length_":175.53832253}},
{"type":"Feature","geometry":{"type":"Polygon","coordinates":[[[30.04351,-1.91048],[30.04351,-1.91049],[30.0437,-1.91049],[30.04351,-1.91048]]]},"properties":{"objectid":40634051,"parcel_num":1296,"village":"Rugoro","province":"Kigali City","district":"Gasabo","sector":"Gatsata","cell":"Karuruma","cell_code":"1020201","upi":"1/02/02/01/1296","change_id":"","start_date":"1800-01-01T00:00:00.000Z","end_date":"1899-11-30T00:00:00.000Z","status":"Actual","transactio":"","accuracy":"C","area_in_we":0,"x":504837.21255,"y":4788679.79770125,"village_co":"102020109","globalid":"{7CEE6D94-62EA-48AF-8B06-8EB1D385B3FF}","st_area_sh":6609.83200749,"st_length_":489.46546789}},
{"type":"Feature","geometry":{"type":"Polygon","coordinates":[[[30.03653,-1.91153],[30.03645,-1.91158],[30.03631,-1.91139],[30.0362,-1.91152],[30.03592,-1.91166],[30.03601,-1.91176],[30.03617,-1.91174],[30.03643,-1.91171],[30.03659,-1.9117],[30.03655,-1.91153],[30.03653,-1.91153]]]},"properties":{"objectid":40634055,"parcel_num":1300,"village":"Nyagasozi","province":"Kigali City","district":"Gasabo","sector":"Gatsata","cell":"Karuruma","cell_code":"1020201","upi":"1/02/02/01/1300","change_id":"","start_date":"1800-01-01T00:00:00.000Z","end_date":"1899-11-30T00:00:00.000Z","status":"Actual","transactio":"","accuracy":"C","area_in_we":0,"x":504035.50927201,"y":4788649.75025,"village_co":"102020108","globalid":"{F1AFE9B5-9562-4260-9008-DCE122B27204}","st_area_sh":1471.57134788,"st_length_":193.024684852}},
{"type":"Feature","geometry":{"type":"Polygon","coordinates":[[[30.03653,-1.91153],[30.03635,-1.91132],[30.03631,-1.91139],[30.03645,-1.91158],[30.03653,-1.91153]]]},"properties":{"objectid":40634056,"parcel_num":1301,"village":"Nyagasozi","province":"Kigali City","district":"Gasabo","sector":"Gatsata","cell":"Karuruma","cell_code":"1020201","upi":"1/02/02/01/1301","change_id":"","start_date":"1800-01-01T00:00:00.000Z","end_date":"1899-11-30T00:00:00.000Z","status":"Actual","transactio":"","accuracy":"C","area_in_we":0,"x":504051.7802,"y":4788660.73643413,"village_co":"102020108","globalid":"{E197DF71-D670-4907-A631-A318EB7E19BE}","st_area_sh":259.94865671,"st_length_":75.5881701349}},
{"type":"Feature","geometry":{"type":"Polygon","coordinates":[[[30.03739,-1.91106],[30.03715,-1.91102],[30.03715,-1.91103],[30.03712,-1.91119],[30.03636,-1.91129],[30.03635,-1.91132],[30.03653,-1.91153],[30.03655,-1.91153],[30.03705,-1.91149],[30.03712,-1.91147],[30.03731,-1.91133],[30.03736,-1.91118],[30.03739,-1.91106]]]},"properties":{"objectid":40634057,"parcel_num":1302,"village":"Nyagasozi","province":"Kigali City","district":"Gasabo","sector":"Gatsata","cell":"Karuruma","cell_code":"1020201","upi":"1/02/02/01/1302","change_id":"","start_date":"1800-01-01T00:00:00.000Z","end_date":"1899-11-30T00:00:00.000Z","status":"Actual","transactio":"","accuracy":"C","area_in_we":0,"x":504102.51281259,"y":4788682.21,"village_co":"102020108","globalid":"{48C51F1F-C817-46FF-831E-3F3141526A34}","st_area_sh":3221.39004751,"st_length_":292.469214995}},
{"type":"Feature","geometry":{"type":"Polygon","coordinates":[[[30.03643,-1.91086],[30.03642,-1.91086],[30.03633,-1.91101],[30.03636,-1.91129],[30.03712,-1.91119],[30.03715,-1.91103],[30.03689,-1.91107],[30.03677,-1.911],[30.03661,-1.91095],[30.03643,-1.91086]]]},"properties":{"objectid":40634058,"parcel_num":1303,"village":"Nyagasozi","province":"Kigali City","district":"Gasabo","sector":"Gatsata","cell":"Karuruma","cell_code":"1020201","upi":"1/02/02/01/1303","change_id":"","start_date":"1800-01-01T00:00:00.000Z","end_date":"1899-11-30T00:00:00.000Z","status":"Actual","transactio":"","accuracy":"C","area_in_we":0,"x":504087.32822198,"y":4788704.87485,"village_co":"102020108","globalid":"{88377F3C-B8CD-43CF-8451-575ABBAC62A8}","st_area_sh":2507.86434438,"st_length_":243.706150232}},
{"type":"Feature","geometry":{"type":"Polygon","coordinates":[[[30.03587,-1.91009],[30.0356,-1.91009],[30.03521,-1.91017],[30.03524,-1.91024],[30.03518,-1.91048],[30.03519,-1.91074],[30.03522,-1.91101],[30.03506,-1.91104],[30.03514,-1.91125],[30.03516,-1.91135],[30.03502,-1.91141],[30.03503,-1.91147],[30.03506,-1.91162],[30.03534,-1.91156],[30.03576,-1.91131],[30.03592,-1.91123],[30.03618,-1.91119],[30.03629,-1.91111],[30.03633,-1.91101],[30.03642,-1.91086],[30.03594,-1.91066],[30.03594,-1.91057],[30.03611,-1.91024],[30.03613,-1.91012],[30.03587,-1.91009]]]},"properties":{"objectid":40634059,"parcel_num":1304,"village":"Nyagasozi","province":"Kigali City","district":"Gasabo","sector":"Gatsata","cell":"Karuruma","cell_code":"1020201","upi":"1/02/02/01/1304","change_id":"","start_date":"1800-01-01T00:00:00.000Z","end_date":"1899-11-30T00:00:00.000Z","status":"Actual","transactio":"","accuracy":"C","area_in_we":0,"x":503973.42155,"y":4788744.8754069,"village_co":"102020108","globalid":"{4EAA72B4-89F6-4F0A-8513-C9E56BB1BE5C}","st_area_sh":15576.3297953,"st_length_":601.91602193}},
{"type":"Feature","geometry":{"type":"Polygon","coordinates":[[[30.03642,-1.91062],[30.03637,-1.91056],[30.03628,-1.9106],[30.03594,-1.91066],[30.03642,-1.91086],[30.03643,-1.91086],[30.03643,-1.91072],[30.03642,-1.91062]]]},"properties":{"objectid":40634060,"parcel_num":1305,"village":"Nyagasozi","province":"Kigali City","district":"Gasabo","sector":"Gatsata","cell":"Karuruma","cell_code":"1020201","upi":"1/02/02/01/1305","change_id":"","start_date":"1800-01-01T00:00:00.000Z","end_date":"1899-11-30T00:00:00.000Z","status":"Actual","transactio":"","accuracy":"C","area_in_we":0,"x":504032.20816558,"y":4788745.09005,"village_co":"102020108","globalid":"{A09DED42-C779-45A2-965F-D4C6955ABF23}","st_area_sh":947.88559452,"st_length_":144.846999553}},
{"type":"Feature","geometry":{"type":"Polygon","coordinates":[[[30.03663,-1.91073],[30.03663,-1.91072],[30.03643,-1.91072],[30.03643,-1.91086],[30.03661,-1.91095],[30.03663,-1.91073]]]},"properties":{"objectid":40634061,"parcel_num":1306,"village":"Nyagasozi","province":"Kigali City","district":"Gasabo","sector":"Gatsata","cell":"Karuruma","cell_code":"1020201","upi":"1/02/02/01/1306","change_id":"","start_date":"1800-01-01T00:00:00.000Z","end_date":"1899-11-30T00:00:00.000Z","status":"Actual","transactio":"","accuracy":"C","area_in_we":0,"x":504063.42469967,"y":4788731.08095,"village_co":"102020108","globalid":"{AACC8DCE-89D7-485F-BCE9-9F4C0404ECA7}","st_area_sh":422.30591562,"st_length_":87.1826937039}},
{"type":"Feature","geometry":{"type":"Polygon","coordinates":[[[30.03663,-1.91072],[30.03661,-1.91058],[30.03656,-1.9106],[30.03642,-1.91062],[30.03643,-1.91072],[30.03663,-1.91072]]]},"properties":{"objectid":40634062,"parcel_num":1307,"village":"Nyagasozi","province":"Kigali City","district":"Gasabo","sector":"Gatsata","cell":"Karuruma","cell_code":"1020201","upi":"1/02/02/01/1307","change_id":"","start_date":"1800-01-01T00:00:00.000Z","end_date":"1899-11-30T00:00:00.000Z","status":"Actual","transactio":"","accuracy":"C","area_in_we":0,"x":504062.85559947,"y":4788750.67945,"village_co":"102020108","globalid":"{13A35606-4F4A-472B-9E95-FE760DC9D25F}","st_area_sh":287.21389031,"st_length_":69.4106745474}},
{"type":"Feature","geometry":{"type":"Polygon","coordinates":[[[30.03679,-1.91074],[30.03663,-1.91073],[30.03661,-1.91095],[30.03677,-1.911],[30.03679,-1.91074]]]},"properties":{"objectid":40634063,"parcel_num":1308,"village":"Nyagasozi","province":"Kigali City","district":"Gasabo","sector":"Gatsata","cell":"Karuruma","cell_code":"1020201","upi":"1/02/02/01/1308","change_id":"","start_date":"1800-01-01T00:00:00.000Z","end_date":"1899-11-30T00:00:00.000Z","status":"Actual","transactio":"","accuracy":"C","area_in_we":0,"x":504083.1579,"y":4788728.99756781,"village_co":"102020108","globalid":"{81BDFB3A-6C93-4616-8EDF-6571F29520BF}","st_area_sh":489.82750893,"st_length_":91.8074609233}},
{"type":"Feature","geometry":{"type":"Polygon","coordinates":[[[30.03715,-1.91082],[30.03713,-1.9107],[30.03679,-1.91074],[30.03677,-1.911],[30.03689,-1.91107],[30.03715,-1.91103],[30.03715,-1.91102],[30.03715,-1.91082]]]},"properties":{"objectid":40634064,"parcel_num":1309,"village":"Nyagasozi","province":"Kigali City","district":"Gasabo","sector":"Gatsata","cell":"Karuruma","cell_code":"1020201","upi":"1/02/02/01/1309","change_id":"","start_date":"1800-01-01T00:00:00.000Z","end_date":"1899-11-30T00:00:00.000Z","status":"Actual","transactio":"","accuracy":"C","area_in_we":0,"x":504112.71752308,"y":4788725.5076,"village_co":"102020108","globalid":"{D851136E-417D-487F-A102-AD6957B4AA62}","st_area_sh":1502.81343704,"st_length_":149.955216249}},
{"type":"Feature","geometry":{"type":"Polygon","coordinates":[[[30.03713,-1.9107],[30.03711,-1.91055],[30.03696,-1.91058],[30.03666,-1.91057],[30.03661,-1.91058],[30.03663,-1.91072],[30.03663,-1.91073],[30.03679,-1.91074],[30.03713,-1.9107]]]},"properties":{"objectid":40634066,"parcel_num":1310,"village":"Nyagasozi","province":"Kigali City","district":"Gasabo","sector":"Gatsata","cell":"Karuruma","cell_code":"1020201","upi":"1/02/02/01/1310","change_id":"","start_date":"1800-01-01T00:00:00.000Z","end_date":"1899-11-30T00:00:00.000Z","status":"Actual","transactio":"","accuracy":"C","area_in_we":0,"x":504101.72254995,"y":4788752.47175,"village_co":"102020108","globalid":"{5356B625-C745-49DD-AC2B-47F6ACB4CB9A}","st_area_sh":929.758731195,"st_length_":146.229665517}},
{"type":"Feature","geometry":{"type":"Polygon","coordinates":[[[30.03776,-1.91079],[30.03747,-1.9108],[30.03735,-1.9108],[30.03715,-1.91082],[30.03715,-1.91102],[30.03739,-1.91106],[30.03798,-1.91124],[30.03802,-1.91095],[30.03777,-1.91095],[30.03776,-1.91079]]]},"properties":{"objectid":40634067,"parcel_num":1311,"village":"Nyagasozi","province":"Kigali City","district":"Gasabo","sector":"Gatsata","cell":"Karuruma","cell_code":"1020201","upi":"1/02/02/01/1311","change_id":"","start_date":"1800-01-01T00:00:00.000Z","end_date":"1899-11-30T00:00:00.000Z","status":"Actual","transactio":"","accuracy":"C","area_in_we":0,"x":504180.59560614,"y":4788711.7686,"village_co":"102020108","globalid":"{387E84FA-E63B-4279-BB34-7904EAEB62FC}","st_area_sh":2934.87191348,"st_length_":266.267882162}},
{"type":"Feature","geometry":{"type":"Polygon","coordinates":[[[30.03734,-1.91046],[30.03717,-1.91053],[30.03711,-1.91055],[30.03713,-1.9107],[30.03715,-1.91082],[30.03735,-1.9108],[30.03734,-1.91046]]]},"properties":{"objectid":40634068,"parcel_num":1312,"village":"Nyagasozi","province":"Kigali City","district":"Gasabo","sector":"Gatsata","cell":"Karuruma","cell_code":"1020201","upi":"1/02/02/01/1312","change_id":"","start_date":"1800-01-01T00:00:00.000Z","end_date":"1899-11-30T00:00:00.000Z","status":"Actual","transactio":"","accuracy":"C","area_in_we":0,"x":504141.3868,"y":4788750.12245783,"village_co":"102020108","globalid":"{9B00BB43-00DF-4B76-BF19-E28DF7CE50DD}","st_area_sh":793.534202085,"st_length_":118.744309865}},
{"type":"Feature","geometry":{"type":"Polygon","coordinates":[[[30.03747,-1.9108],[30.03743,-1.91042],[30.03734,-1.91046],[30.03735,-1.9108],[30.03747,-1.9108]]]},"properties":{"objectid":40634069,"parcel_num":1313,"village":"Nyagasozi","province":"Kigali City","district":"Gasabo","sector":"Gatsata","cell":"Karuruma","cell_code":"1020201","upi":"1/02/02/01/1313","change_id":"","start_date":"1800-01-01T00:00:00.000Z","end_date":"1899-11-30T00:00:00.000Z","status":"Actual","transactio":"","accuracy":"C","area_in_we":0,"x":504161.2384,"y":4788754.72610532,"village_co":"102020108","globalid":"{77ABCC89-C8AC-4F2F-AE7A-A13B88864F9F}","st_area_sh":478.6411287,"st_length_":105.247956869}},
{"type":"Feature","geometry":{"type":"Polygon","coordinates":[[[30.03804,-1.91077],[30.03804,-1.91025],[30.03798,-1.91027],[30.03782,-1.91026],[30.0377,-1.91033],[30.0375,-1.9104],[30.03743,-1.91042],[30.03747,-1.9108],[30.03776,-1.91079],[30.03804,-1.91077]]]},"properties":{"objectid":40634070,"parcel_num":1314,"village":"Nyagasozi","province":"Kigali City","district":"Gasabo","sector":"Gatsata","cell":"Karuruma","cell_code":"1020201","upi":"1/02/02/01/1314","change_id":"","start_date":"1800-01-01T00:00:00.000Z","end_date":"1899-11-30T00:00:00.000Z","status":"Actual","transactio":"","accuracy":"C","area_in_we":0,"x":504198.51847519,"y":4788764.892,"village_co":"102020108","globalid":"{6F6BCC62-BC54-4633-856E-857CC9F78BA7}","st_area_sh":3366.50301721,"st_length_":234.335100923}},
{"type":"Feature","geometry":{"type":"Polygon","coordinates":[[[30.03802,-1.91095],[30.03804,-1.91077],[30.03776,-1.91079],[30.03777,-1.91095],[30.03802,-1.91095]]]},"properties":{"objectid":40634071,"parcel_num":1315,"village":"Nyagasozi","province":"Kigali City","district":"Gasabo","sector":"Gatsata","cell":"Karuruma","cell_code":"1020201","upi":"1/02/02/01/1315","change_id":"","start_date":"1800-01-01T00:00:00.000Z","end_date":"1899-11-30T00:00:00.000Z","status":"Actual","transactio":"","accuracy":"C","area_in_we":0,"x":504215.62595781,"y":4788728.4397,"village_co":"102020108","globalid":"{3DA3FC23-C407-4C48-AFA3-1C08A5FC64BD}","st_area_sh":550.01493515,"st_length_":96.5138085349}},
{"type":"Feature","geometry":{"type":"Polygon","coordinates":[[[30.0367,-1.91214],[30.03693,-1.91213],[30.03693,-1.91189],[30.03666,-1.91195],[30.0367,-1.91214]]]},"properties":{"objectid":40634072,"parcel_num":1316,"village":"Nyagasozi","province":"Kigali City","district":"Gasabo","sector":"Gatsata","cell":"Karuruma","cell_code":"1020201","upi":"1/02/02/01/1316","change_id":"","start_date":"1800-01-01T00:00:00.000Z","end_date":"1899-11-30T00:00:00.000Z","status":"Actual","transactio":"","accuracy":"C","area_in_we":0,"x":504093.76794263,"y":4788600.77515,"village_co":"102020108","globalid":"{9E99F2DD-E0C4-4272-AAA3-A5AF5BE54AC9}","st_area_sh":641.25761545,"st_length_":105.669460515}},
{"type":"Feature","geometry":{"type":"Polygon","coordinates":[[[30.03548,-1.91205],[30.03546,-1.91196],[30.03535,-1.912],[30.03537,-1.91209],[30.03548,-1.91205]]]},"properties":{"objectid":40634073,"parcel_num":1317,"village":"Nyagasozi","province":"Kigali City","district":"Gasabo","sector":"Gatsata","cell":"Karuruma","cell_code":"1020201","upi":"1/02/02/01/1317","change_id":"","start_date":"1800-01-01T00:00:00.000Z","end_date":"1899-11-30T00:00:00.000Z","status":"Actual","transactio":"","accuracy":"C","area_in_we":0,"x":503939.62442085,"y":4788599.555,"village_co":"102020108","globalid":"{F5B6D135-2109-45CF-B9ED-41BC8F441350}","st_area_sh":137.8804479,"st_length_":47.6291092611}},
{"type":"Feature","geometry":{"type":"Polygon","coordinates":[[[30.03528,-1.91212],[30.03526,-1.91208],[30.03516,-1.91211],[30.03517,-1.91215],[30.03528,-1.91212]]]},"properties":{"objectid":40634074,"parcel_num":1318,"village":"Nyagasozi","province":"Kigali City","district":"Gasabo","sector":"Gatsata","cell":"Karuruma","cell_code":"1020201","upi":"1/02/02/01/1318","change_id":"","start_date":"1800-01-01T00:00:00.000Z","end_date":"1899-11-30T00:00:00.000Z","status":"Actual","transactio":"","accuracy":"C","area_in_we":0,"x":503917.65052208,"y":4788589.6353,"village_co":"102020108","globalid":"{B4DB4E36-0990-4D9B-BEBE-1073DB9D8172}","st_area_sh":55.17175626,"st_length_":33.9040254421}},
{"type":"Feature","geometry":{"type":"Polygon","coordinates":[[[30.03535,-1.9122],[30.03534,-1.9121],[30.03528,-1.91212],[30.03517,-1.91215],[30.03512,-1.91217],[30.03515,-1.91225],[30.03535,-1.9122]]]},"properties":{"objectid":40634075,"parcel_num":1319,"village":"Nyagasozi","province":"Kigali City","district":"Gasabo","sector":"Gatsata","cell":"Karuruma","cell_code":"1020201","upi":"1/02/02/01/1319","change_id":"","start_date":"1800-01-01T00:00:00.000Z","end_date":"1899-11-30T00:00:00.000Z","status":"Actual","transactio":"","accuracy":"C","area_in_we":0,"x":503920.00221125,"y":4788582.74445,"village_co":"102020108","globalid":"{9C40B1B3-A15D-4BC8-85F6-58624AF2A012}","st_area_sh":259.50358755,"st_length_":69.9036044568}},
{"type":"Feature","geometry":{"type":"Polygon","coordinates":[[[30.03745,-1.91166],[30.03723,-1.91168],[30.03717,-1.9116],[30.03706,-1.91158],[30.03705,-1.91149],[30.03655,-1.91153],[30.03659,-1.9117],[30.03666,-1.91195],[30.03693,-1.91189],[30.0372,-1.91191],[30.03735,-1.91207],[30.03736,-1.91185],[30.03746,-1.91186],[30.03745,-1.91166]]]},"properties":{"objectid":40634077,"parcel_num":1320,"village":"Nyagasozi","province":"Kigali City","district":"Gasabo","sector":"Gatsata","cell":"Karuruma","cell_code":"1020201","upi":"1/02/02/01/1320","change_id":"","start_date":"1800-01-01T00:00:00.000Z","end_date":"1899-11-30T00:00:00.000Z","status":"Actual","transactio":"","accuracy":"C","area_in_we":0,"x":504119.92461822,"y":4788626.88225,"village_co":"102020108","globalid":"{2811486C-4C62-4503-AA05-E997C6FB5C42}","st_area_sh":3664.77286259,"st_length_":306.111699611}},
{"type":"Feature","geometry":{"type":"Polygon","coordinates":[[[30.03747,-1.91148],[30.03747,-1.91145],[30.03712,-1.91147],[30.03705,-1.91149],[30.03706,-1.91158],[30.03717,-1.9116],[30.03723,-1.91168],[30.03745,-1.91166],[30.03747,-1.91148]]]},"properties":{"objectid":40634078,"parcel_num":1321,"village":"Nyagasozi","province":"Kigali City","district":"Gasabo","sector":"Gatsata","cell":"Karuruma","cell_code":"1020201","upi":"1/02/02/01/1321","change_id":"","start_date":"1800-01-01T00:00:00.000Z","end_date":"1899-11-30T00:00:00.000Z","status":"Actual","transactio":"","accuracy":"C","area_in_we":0,"x":504144.71395347,"y":4788650.8026,"village_co":"102020108","globalid":"{8A3F95C0-E0D5-4ADF-B765-0D6CC12E5252}","st_area_sh":878.66668781,"st_length_":128.083973531}},
{"type":"Feature","geometry":{"type":"Polygon","coordinates":[[[30.03763,-1.91124],[30.03736,-1.91118],[30.03731,-1.91133],[30.03712,-1.91147],[30.03747,-1.91145],[30.03748,-1.91135],[30.03762,-1.91137],[30.03763,-1.91124]]]},"properties":{"objectid":40634079,"parcel_num":1322,"village":"Nyagasozi","province":"Kigali City","district":"Gasabo","sector":"Gatsata","cell":"Karuruma","cell_code":"1020201","upi":"1/02/02/01/1322","change_id":"","start_date":"1800-01-01T00:00:00.000Z","end_date":"1899-11-30T00:00:00.000Z","status":"Actual","transactio":"","accuracy":"C","area_in_we":0,"x":504167.47636251,"y":4788676.54665,"village_co":"102020108","globalid":"{41CA6222-D97D-40AF-A564-8334029DBB0E}","st_area_sh":932.506966925,"st_length_":155.401022284}},
{"type":"Feature","geometry":{"type":"Polygon","coordinates":[[[30.03798,-1.91124],[30.03739,-1.91106],[30.03736,-1.91118],[30.03763,-1.91124],[30.03801,-1.91133],[30.03802,-1.91126],[30.03798,-1.91124]]]},"properties":{"objectid":40634080,"parcel_num":1323,"village":"Nyagasozi","province":"Kigali City","district":"Gasabo","sector":"Gatsata","cell":"Karuruma","cell_code":"1020201","upi":"1/02/02/01/1323","change_id":"","start_date":"1800-01-01T00:00:00.000Z","end_date":"1899-11-30T00:00:00.000Z","status":"Actual","transactio":"","accuracy":"C","area_in_we":0,"x":504186.21781329,"y":4788690.8931,"village_co":"102020108","globalid":"{54D594E7-C24B-4B3B-B04E-BB9F52A6E360}","st_area_sh":825.570312485,"st_length_":169.924771443}},
{"type":"Feature","geometry":{"type":"Polygon","coordinates":[[[30.03801,-1.91133],[30.03763,-1.91124],[30.03762,-1.91137],[30.038,-1.91145],[30.038,-1.91142],[30.03801,-1.91133]]]},"properties":{"objectid":40634081,"parcel_num":1324,"village":"Nyagasozi","province":"Kigali City","district":"Gasabo","sector":"Gatsata","cell":"Karuruma","cell_code":"1020201","upi":"1/02/02/01/1324","change_id":"","start_date":"1800-01-01T00:00:00.000Z","end_date":"1899-11-30T00:00:00.000Z","status":"Actual","transactio":"","accuracy":"C","area_in_we":0,"x":504206.78321572,"y":4788674.4527,"village_co":"102020108","globalid":"{B9E09B28-CC70-4154-A2D6-1C45383F12A4}","st_area_sh":576.06398489,"st_length_":113.289929349}},
{"type":"Feature","geometry":{"type":"Polygon","coordinates":[[[30.03762,-1.91137],[30.03748,-1.91135],[30.03747,-1.91145],[30.03747,-1.91148],[30.03797,-1.91156],[30.038,-1.91145],[30.03762,-1.91137]]]},"properties":{"objectid":40634082,"parcel_num":1325,"village":"Nyagasozi","province":"Kigali City","district":"Gasabo","sector":"Gatsata","cell":"Karuruma","cell_code":"1020201","upi":"1/02/02/01/1325","change_id":"","start_date":"1800-01-01T00:00:00.000Z","end_date":"1899-11-30T00:00:00.000Z","status":"Actual","transactio":"","accuracy":"C","area_in_we":0,"x":504197.65992544,"y":4788662.58495,"village_co":"102020108","globalid":"{91D5F127-D97A-4B0F-843F-3FB27C2C8EE9}","st_area_sh":789.235585515,"st_length_":142.61419061}},
{"type":"Feature","geometry":{"type":"Polygon","coordinates":[[[30.03836,-1.91145],[30.038,-1.91142],[30.038,-1.91145],[30.03797,-1.91156],[30.03747,-1.91148],[30.03745,-1.91166],[30.03746,-1.91186],[30.03765,-1.91194],[30.03792,-1.9121],[30.03793,-1.91173],[30.03835,-1.91176],[30.03836,-1.91145]]]},"properties":{"objectid":40634083,"parcel_num":1326,"village":"Nyagasozi","province":"Kigali City","district":"Gasabo","sector":"Gatsata","cell":"Karuruma","cell_code":"1020201","upi":"1/02/02/01/1326","change_id":"","start_date":"1800-01-01T00:00:00.000Z","end_date":"1899-11-30T00:00:00.000Z","status":"Actual","transactio":"","accuracy":"C","area_in_we":0,"x":504216.57285,"y":4788622.20929624,"village_co":"102020108","globalid":"{D124D7F1-4E3C-47C8-A10D-998E0F239018}","st_area_sh":4200.10024544,"st_length_":334.445939989}},
{"type":"Feature","geometry":{"type":"Polygon","coordinates":[[[30.03842,-1.91081],[30.03819,-1.91078],[30.03816,-1.91096],[30.03821,-1.91111],[30.03812,-1.91129],[30.03836,-1.91135],[30.03841,-1.91135],[30.03845,-1.9112],[30.03842,-1.91102],[30.03837,-1.911],[30.03842,-1.91081]]]},"properties":{"objectid":40634084,"parcel_num":1327,"village":"Nyagasozi","province":"Kigali City","district":"Gasabo","sector":"Gatsata","cell":"Karuruma","cell_code":"1020201","upi":"1/02/02/01/1327","change_id":"","start_date":"1800-01-01T00:00:00.000Z","end_date":"1899-11-30T00:00:00.000Z","status":"Actual","transactio":"","accuracy":"C","area_in_we":0,"x":504259.43995,"y":4788705.9868831,"village_co":"102020108","globalid":"{381F19FE-DD58-4B55-BA47-5C82FA63B4A1}","st_area_sh":1629.63253359,"st_length_":187.130888246}},
{"type":"Feature","geometry":{"type":"Polygon","coordinates":[[[30.03819,-1.91078],[30.03804,-1.91077],[30.03802,-1.91095],[30.03816,-1.91096],[30.03819,-1.91078]]]},"properties":{"objectid":40634085,"parcel_num":1328,"village":"Nyagasozi","province":"Kigali City","district":"Gasabo","sector":"Gatsata","cell":"Karuruma","cell_code":"1020201","upi":"1/02/02/01/1328","change_id":"","start_date":"1800-01-01T00:00:00.000Z","end_date":"1899-11-30T00:00:00.000Z","status":"Actual","transactio":"","accuracy":"C","area_in_we":0,"x":504238.6807,"y":4788727.90482644,"village_co":"102020108","globalid":"{3E1FC363-5DE9-4CBA-9DC1-79E6DDF8092F}","st_area_sh":335.744944525,"st_length_":73.6940172327}},
{"type":"Feature","geometry":{"type":"Polygon","coordinates":[[[30.03816,-1.91096],[30.03802,-1.91095],[30.03798,-1.91124],[30.03802,-1.91126],[30.03812,-1.91129],[30.03821,-1.91111],[30.03816,-1.91096]]]},"properties":{"objectid":40634086,"parcel_num":1329,"village":"Nyagasozi","province":"Kigali City","district":"Gasabo","sector":"Gatsata","cell":"Karuruma","cell_code":"1020201","upi":"1/02/02/01/1329","change_id":"","start_date":"1800-01-01T00:00:00.000Z","end_date":"1899-11-30T00:00:00.000Z","status":"Actual","transactio":"","accuracy":"C","area_in_we":0,"x":504237.9638,"y":4788699.38992889,"village_co":"102020108","globalid":"{83391933-C36E-4640-A363-520E092C1AC2}","st_area_sh":742.135406795,"st_length_":105.794824384}},
{"type":"Feature","geometry":{"type":"Polygon","coordinates":[[[30.03812,-1.91129],[30.03802,-1.91126],[30.03801,-1.91133],[30.038,-1.91142],[30.03836,-1.91145],[30.03836,-1.91135],[30.03812,-1.91129]]]},"properties":{"objectid":40634088,"parcel_num":1330,"village":"Nyagasozi","province":"Kigali City","district":"Gasabo","sector":"Gatsata","cell":"Karuruma","cell_code":"1020201","upi":"1/02/02/01/1330","change_id":"","start_date":"1800-01-01T00:00:00.000Z","end_date":"1899-11-30T00:00:00.000Z","status":"Actual","transactio":"","accuracy":"C","area_in_we":0,"x":504247.90942487,"y":4788673.2222,"village_co":"102020108","globalid":"{A452C9A4-7199-4D3B-86BA-E01322FFE821}","st_area_sh":556.291744015,"st_length_":109.452828528}},
{"type":"Feature","geometry":{"type":"Polygon","coordinates":[[[30.0384,-1.91026],[30.03821,-1.91023],[30.03804,-1.91025],[30.03804,-1.91077],[30.03819,-1.91078],[30.03842,-1.91081],[30.03845,-1.91082],[30.03849,-1.91046],[30.0384,-1.91046],[30.0384,-1.91026]]]},"properties":{"objectid":40634089,"parcel_num":1331,"village":"Nyagasozi","province":"Kigali City","district":"Gasabo","sector":"Gatsata","cell":"Karuruma","cell_code":"1020201","upi":"1/02/02/01/1331","change_id":"","start_date":"1800-01-01T00:00:00.000Z","end_date":"1899-11-30T00:00:00.000Z","status":"Actual","transactio":"","accuracy":"C","area_in_we":0,"x":504256.44215,"y":4788767.00345182,"village_co":"102020108","globalid":"{477B95A2-FF98-4ACF-90CB-F97C1C08FC69}","st_area_sh":2699.77221895,"st_length_":216.987513307}},
{"type":"Feature","geometry":{"type":"Polygon","coordinates":[[[30.03889,-1.91028],[30.03865,-1.91019],[30.0384,-1.91026],[30.0384,-1.91046],[30.03849,-1.91046],[30.03865,-1.91055],[30.03896,-1.91062],[30.0391,-1.91072],[30.03917,-1.91057],[30.03927,-1.91037],[30.03916,-1.91033],[30.03889,-1.91028]]]},"properties":{"objectid":40634090,"parcel_num":1332,"village":"Nyagasozi","province":"Kigali City","district":"Gasabo","sector":"Gatsata","cell":"Karuruma","cell_code":"1020201","upi":"1/02/02/01/1332","change_id":"","start_date":"1800-01-01T00:00:00.000Z","end_date":"1899-11-30T00:00:00.000Z","status":"Actual","transactio":"","accuracy":"C","area_in_we":0,"x":504317.73960443,"y":4788773.1842,"village_co":"102020108","globalid":"{0B9AE705-897C-44B3-B7ED-21B5E7C8D728}","st_area_sh":3165.70679276,"st_length_":254.256870941}},
{"type":"Feature","geometry":{"type":"Polygon","coordinates":[[[30.0394,-1.91043],[30.03927,-1.91037],[30.03917,-1.91057],[30.03942,-1.91069],[30.03946,-1.91053],[30.03944,-1.91044],[30.0394,-1.91043]]]},"properties":{"objectid":40634091,"parcel_num":1333,"village":"Nyagasozi","province":"Kigali City","district":"Gasabo","sector":"Gatsata","cell":"Karuruma","cell_code":"1020201","upi":"1/02/02/01/1333","change_id":"","start_date":"1800-01-01T00:00:00.000Z","end_date":"1899-11-30T00:00:00.000Z","status":"Actual","transactio":"","accuracy":"C","area_in_we":0,"x":504373.66318808,"y":4788764.79265,"village_co":"102020108","globalid":"{FC05E191-F4D7-47F8-81C6-ACCC9668EC96}","st_area_sh":669.46525739,"st_length_":105.934803276}},
{"type":"Feature","geometry":{"type":"Polygon","coordinates":[[[30.03942,-1.91069],[30.03917,-1.91057],[30.0391,-1.91072],[30.03907,-1.91078],[30.03916,-1.91081],[30.03914,-1.91088],[30.03932,-1.91101],[30.03942,-1.91069]]]},"properties":{"objectid":40634092,"parcel_num":1334,"village":"Nyagasozi","province":"Kigali City","district":"Gasabo","sector":"Gatsata","cell":"Karuruma","cell_code":"1020201","upi":"1/02/02/01/1334","change_id":"","start_date":"1800-01-01T00:00:00.000Z","end_date":"1899-11-30T00:00:00.000Z","status":"Actual","transactio":"","accuracy":"C","area_in_we":0,"x":504365.92745,"y":4788736.27189879,"village_co":"102020108","globalid":"{E30ADCB0-ED09-4DE5-A22F-6EB32FD50825}","st_area_sh":1042.1339046,"st_length_":134.294318452}},
{"type":"Feature","geometry":{"type":"Polygon","coordinates":[[[30.0391,-1.91072],[30.03896,-1.91062],[30.03865,-1.91055],[30.03849,-1.91046],[30.03845,-1.91082],[30.03853,-1.91085],[30.0385,-1.91098],[30.03869,-1.9112],[30.03866,-1.91141],[30.03841,-1.91135],[30.03836,-1.91135],[30.03836,-1.91145],[30.03835,-1.91176],[30.03861,-1.91174],[30.03908,-1.91183],[30.03932,-1.91101],[30.03914,-1.91088],[30.03916,-1.91081],[30.03907,-1.91078],[30.0391,-1.91072]]]},"properties":{"objectid":40634093,"parcel_num":1335,"village":"Nyagasozi","province":"Kigali City","district":"Gasabo","sector":"Gatsata","cell":"Karuruma","cell_code":"1020201","upi":"1/02/02/01/1335","change_id":"","start_date":"1800-01-01T00:00:00.000Z","end_date":"1899-11-30T00:00:00.000Z","status":"Actual","transactio":"","accuracy":"C","area_in_we":0,"x":504319.9703,"y":4788692.63318854,"village_co":"102020108","globalid":"{28D2E50F-5E56-41C4-BC3F-95D833369B98}","st_area_sh":10231.9560179,"st_length_":499.952007858}},
{"type":"Feature","geometry":{"type":"Polygon","coordinates":[[[30.0385,-1.91098],[30.03844,-1.91096],[30.03842,-1.91102],[30.03845,-1.9112],[30.03841,-1.91135],[30.03866,-1.91141],[30.03869,-1.9112],[30.0385,-1.91098]]]},"properties":{"objectid":40634094,"parcel_num":1336,"village":"Nyagasozi","province":"Kigali City","district":"Gasabo","sector":"Gatsata","cell":"Karuruma","cell_code":"1020201","upi":"1/02/02/01/1336","change_id":"","start_date":"1800-01-01T00:00:00.000Z","end_date":"1899-11-30T00:00:00.000Z","status":"Actual","transactio":"","accuracy":"C","area_in_we":0,"x":504288.91095,"y":4788690.52697942,"village_co":"102020108","globalid":"{94530150-4DCD-4D1E-B65C-05B2B3CAE796}","st_area_sh":988.000725765,"st_length_":135.65457571}},
{"type":"Feature","geometry":{"type":"Polygon","coordinates":[[[30.03987,-1.91054],[30.03944,-1.91044],[30.03946,-1.91053],[30.03942,-1.91069],[30.03932,-1.91101],[30.03961,-1.91115],[30.03979,-1.91143],[30.03996,-1.9112],[30.03999,-1.91115],[30.03985,-1.91108],[30.03991,-1.91094],[30.03972,-1.91082],[30.03987,-1.91054]]]},"properties":{"objectid":40634095,"parcel_num":1337,"village":"Nyagasozi","province":"Kigali City","district":"Gasabo","sector":"Gatsata","cell":"Karuruma","cell_code":"1020201","upi":"1/02/02/01/1337","change_id":"","start_date":"1800-01-01T00:00:00.000Z","end_date":"1899-11-30T00:00:00.000Z","status":"Actual","transactio":"","accuracy":"C","area_in_we":0,"x":504411.65975,"y":4788729.70009108,"village_co":"102020108","globalid":"{CC0C6B66-837D-47DB-AA60-8787D2FEF796}","st_area_sh":4136.8071702,"st_length_":321.951243173}},
{"type":"Feature","geometry":{"type":"Polygon","coordinates":[[[30.04009,-1.91067],[30.03987,-1.91054],[30.03972,-1.91082],[30.03991,-1.91094],[30.03985,-1.91108],[30.03999,-1.91115],[30.04009,-1.91104],[30.04021,-1.91092],[30.04028,-1.91078],[30.04027,-1.91077],[30.04009,-1.91067]]]},"properties":{"objectid":40634096,"parcel_num":1338,"village":"Nyagasozi","province":"Kigali City","district":"Gasabo","sector":"Gatsata","cell":"Karuruma","cell_code":"1020201","upi":"1/02/02/01/1338","change_id":"","start_date":"1800-01-01T00:00:00.000Z","end_date":"1899-11-30T00:00:00.000Z","status":"Actual","transactio":"","accuracy":"C","area_in_we":0,"x":504449.9755,"y":4788727.19784214,"village_co":"102020108","globalid":"{C7112DD0-4010-48D1-9ACA-0113DF7570AF}","st_area_sh":2240.99085261,"st_length_":201.996694076}},
{"type":"Feature","geometry":{"type":"Polygon","coordinates":[[[30.04148,-1.91011],[30.04122,-1.91004],[30.04119,-1.91044],[30.04138,-1.91046],[30.04139,-1.91041],[30.04148,-1.91011]]]},"properties":{"objectid":40634097,"parcel_num":1339,"village":"Nyagasozi","province":"Kigali City","district":"Gasabo","sector":"Gatsata","cell":"Karuruma","cell_code":"1020201","upi":"1/02/02/01/1339","change_id":"","start_date":"1800-01-01T00:00:00.000Z","end_date":"1899-11-30T00:00:00.000Z","status":"Actual","transactio":"","accuracy":"C","area_in_we":0,"x":504598.2623,"y":4788794.42497283,"village_co":"102020108","globalid":"{F0B9A4C7-9986-428B-80B8-EA10B87A3BFC}","st_area_sh":1096.3566753,"st_length_":135.760196849}},
{"type":"Feature","geometry":{"type":"Polygon","coordinates":[[[30.04005,-1.91128],[30.03996,-1.9112],[30.03979,-1.91143],[30.03989,-1.91151],[30.03993,-1.91145],[30.04005,-1.91128]]]},"properties":{"objectid":40634099,"parcel_num":1340,"village":"Nyagasozi","province":"Kigali City","district":"Gasabo","sector":"Gatsata","cell":"Karuruma","cell_code":"1020201","upi":"1/02/02/01/1340","change_id":"","start_date":"1800-01-01T00:00:00.000Z","end_date":"1899-11-30T00:00:00.000Z","status":"Actual","transactio":"","accuracy":"C","area_in_we":0,"x":504441.27215,"y":4788674.23690781,"village_co":"102020108","globalid":"{A15777C1-C4B4-4F63-BA54-D28450D67789}","st_area_sh":435.28470727,"st_length_":89.308543776}},
{"type":"Feature","geometry":{"type":"Polygon","coordinates":[[[30.04043,-1.91083],[30.04028,-1.91078],[30.04021,-1.91092],[30.04009,-1.91104],[30.04027,-1.91119],[30.04013,-1.91136],[30.04005,-1.91128],[30.03993,-1.91145],[30.04033,-1.9118],[30.04045,-1.91181],[30.04086,-1.91128],[30.04112,-1.91104],[30.04064,-1.91093],[30.04043,-1.91083]]]},"properties":{"objectid":40634100,"parcel_num":1341,"village":"Nyagasozi","province":"Kigali City","district":"Gasabo","sector":"Gatsata","cell":"Karuruma","cell_code":"1020201","upi":"1/02/02/01/1341","change_id":"","start_date":"1800-01-01T00:00:00.000Z","end_date":"1899-11-30T00:00:00.000Z","status":"Actual","transactio":"","accuracy":"C","area_in_we":0,"x":504508.01035,"y":4788680.45737253,"village_co":"102020108","globalid":"{058A3869-5E19-46D2-A507-622986BEBEE5}","st_area_sh":7191.08699638,"st_length_":410.495484278}},
{"type":"Feature","geometry":{"type":"Polygon","coordinates":[[[30.04156,-1.91116],[30.0413,-1.91126],[30.04112,-1.91104],[30.04086,-1.91128],[30.04045,-1.91181],[30.04056,-1.91191],[30.0405,-1.91206],[30.04071,-1.91207],[30.04135,-1.91237],[30.04145,-1.91243],[30.04162,-1.91172],[30.04167,-1.91167],[30.04194,-1.9114],[30.04181,-1.91138],[30.04158,-1.91114],[30.04156,-1.91116]]]},"properties":{"objectid":40634101,"parcel_num":1342,"village":"Nyagasozi","province":"Kigali City","district":"Gasabo","sector":"Gatsata","cell":"Karuruma","cell_code":"1020201","upi":"1/02/02/01/1342","change_id":"","start_date":"1800-01-01T00:00:00.000Z","end_date":"1899-11-30T00:00:00.000Z","status":"Actual","transactio":"","accuracy":"C","area_in_we":0,"x":504582.46335,"y":4788632.85740105,"village_co":"102020108","globalid":"{27BB5648-9B88-44CE-ABB9-F941CB39D424}","st_area_sh":13304.2311175,"st_length_":513.231710964}},
{"type":"Feature","geometry":{"type":"Polygon","coordinates":[[[30.0405,-1.91206],[30.04005,-1.91185],[30.03996,-1.91202],[30.03982,-1.91261],[30.03992,-1.91265],[30.04031,-1.91281],[30.04035,-1.91287],[30.04078,-1.91297],[30.04087,-1.91309],[30.04107,-1.91326],[30.04114,-1.91306],[30.04119,-1.91295],[30.041,-1.91289],[30.04135,-1.91237],[30.04071,-1.91207],[30.0405,-1.91206]],[[30.04035,-1.91271],[30.04022,-1.91264],[30.04025,-1.91244],[30.04039,-1.91249],[30.0404,-1.91245],[30.04057,-1.91249],[30.04072,-1.91252],[30.04068,-1.91279],[30.04058,-1.91273],[30.04035,-1.91271]]]},"properties":{"objectid":40634102,"parcel_num":1343,"village":"Nyagasozi","province":"Kigali City","district":"Gasabo","sector":"Gatsata","cell":"Karuruma","cell_code":"1020201","upi":"1/02/02/01/1343","change_id":"","start_date":"1800-01-01T00:00:00.000Z","end_date":"1899-11-30T00:00:00.000Z","status":"Actual","transactio":"","accuracy":"C","area_in_we":0,"x":504557.76315365,"y":4788541.0525,"village_co":"102020108","globalid":"{268327AA-65CB-4BCB-AFBE-6A68E7FA9AC7}","st_area_sh":12227.8658872,"st_length_":701.710613343}},
{"type":"Feature","geometry":{"type":"Polygon","coordinates":[[[30.04058,-1.91273],[30.04068,-1.91279],[30.04072,-1.91252],[30.04057,-1.91249],[30.04058,-1.91273]]]},"properties":{"objectid":40634103,"parcel_num":1344,"village":"Nyagasozi","province":"Kigali City","district":"Gasabo","sector":"Gatsata","cell":"Karuruma","cell_code":"1020201","upi":"1/02/02/01/1344","change_id":"","start_date":"1800-01-01T00:00:00.000Z","end_date":"1899-11-30T00:00:00.000Z","status":"Actual","transactio":"","accuracy":"C","area_in_we":0,"x":504521.4407,"y":4788531.59318314,"village_co":"102020108","globalid":"{72048E70-5411-424D-87DB-C6A4F36D8313}","st_area_sh":401.639118105,"st_length_":86.3233010353}},
{"type":"Feature","geometry":{"type":"Polygon","coordinates":[[[30.04057,-1.91249],[30.0404,-1.91245],[30.04039,-1.91249],[30.04035,-1.91271],[30.04058,-1.91273],[30.04057,-1.91249]]]},"properties":{"objectid":40634104,"parcel_num":1345,"village":"Nyagasozi","province":"Kigali City","district":"Gasabo","sector":"Gatsata","cell":"Karuruma","cell_code":"1020201","upi":"1/02/02/01/1345","change_id":"","start_date":"1800-01-01T00:00:00.000Z","end_date":"1899-11-30T00:00:00.000Z","status":"Actual","transactio":"","accuracy":"C","area_in_we":0,"x":504501.4224,"y":4788536.65600813,"village_co":"102020108","globalid":"{74663D59-D1B7-4071-B2A9-E04C075FF01A}","st_area_sh":622.792968295,"st_length_":101.052694886}},
{"type":"Feature","geometry":{"type":"Polygon","coordinates":[[[30.04039,-1.91249],[30.04025,-1.91244],[30.04022,-1.91264],[30.04035,-1.91271],[30.04039,-1.91249]]]},"properties":{"objectid":40634105,"parcel_num":1346,"village":"Nyagasozi","province":"Kigali City","district":"Gasabo","sector":"Gatsata","cell":"Karuruma","cell_code":"1020201","upi":"1/02/02/01/1346","change_id":"","start_date":"1800-01-01T00:00:00.000Z","end_date":"1899-11-30T00:00:00.000Z","status":"Actual","transactio":"","accuracy":"C","area_in_we":0,"x":504483.75335,"y":4788539.26190631,"village_co":"102020108","globalid":"{D926ED39-E98A-4DCB-A65D-908078A0DED8}","st_area_sh":362.23838322,"st_length_":79.2255457651}},
{"type":"Feature","geometry":{"type":"Polygon","coordinates":[[[30.03979,-1.91143],[30.03961,-1.91115],[30.03932,-1.91101],[30.03908,-1.91183],[30.03935,-1.91185],[30.03939,-1.91213],[30.03953,-1.91191],[30.03996,-1.91202],[30.04005,-1.91185],[30.0405,-1.91206],[30.04056,-1.91191],[30.04045,-1.91181],[30.04033,-1.9118],[30.03993,-1.91145],[30.03989,-1.91151],[30.03979,-1.91143]]]},"properties":{"objectid":40634106,"parcel_num":1347,"village":"Nyagasozi","province":"Kigali City","district":"Gasabo","sector":"Gatsata","cell":"Karuruma","cell_code":"1020201","upi":"1/02/02/01/1347","change_id":"","start_date":"1800-01-01T00:00:00.000Z","end_date":"1899-11-30T00:00:00.000Z","status":"Actual","transactio":"","accuracy":"C","area_in_we":0,"x":504407.91046661,"y":4788650.02485,"village_co":"102020108","globalid":"{54771ED0-F7FA-4D74-94AB-A7C1C71A53DB}","st_area_sh":8795.11264425,"st_length_":516.399377904}},
{"type":"Feature","geometry":{"type":"Polygon","coordinates":[[[30.03996,-1.91202],[30.03953,-1.91191],[30.03939,-1.91213],[30.03936,-1.91243],[30.0394,-1.91245],[30.03951,-1.91249],[30.03982,-1.91261],[30.03996,-1.91202]]]},"properties":{"objectid":40634107,"parcel_num":1348,"village":"Nyagasozi","province":"Kigali City","district":"Gasabo","sector":"Gatsata","cell":"Karuruma","cell_code":"1020201","upi":"1/02/02/01/1348","change_id":"","start_date":"1800-01-01T00:00:00.000Z","end_date":"1899-11-30T00:00:00.000Z","status":"Actual","transactio":"","accuracy":"C","area_in_we":0,"x":504412.0734,"y":4788574.90243575,"village_co":"102020108","globalid":"{4AEA83AA-35CD-459C-BB4F-D4AC9BB0F4C8}","st_area_sh":3537.88722546,"st_length_":234.102357554}},
{"type":"Feature","geometry":{"type":"Polygon","coordinates":[[[30.03939,-1.91213],[30.03935,-1.91185],[30.03908,-1.91183],[30.03902,-1.91233],[30.03936,-1.91243],[30.03939,-1.91213]]]},"properties":{"objectid":40634108,"parcel_num":1349,"village":"Nyagasozi","province":"Kigali City","district":"Gasabo","sector":"Gatsata","cell":"Karuruma","cell_code":"1020201","upi":"1/02/02/01/1349","change_id":"","start_date":"1800-01-01T00:00:00.000Z","end_date":"1899-11-30T00:00:00.000Z","status":"Actual","transactio":"","accuracy":"C","area_in_we":0,"x":504361.53125,"y":4788590.51511011,"village_co":"102020108","globalid":"{977F492C-1EC6-492A-9F8F-9549AA463D6F}","st_area_sh":2207.32069257,"st_length_":191.349436575}},
{"type":"Feature","geometry":null,"properties":{"objectid":40634182,"parcel_num":1418,"village":"Kingasire","province":"Kigali City","district":"Gasabo","sector":"Gatsata","cell":"Karuruma","cell_code":"1020201","upi":"1/02/02/01/1418","change_id":"","start_date":"1800-01-01T00:00:00.000Z","end_date":"1899-11-30T00:00:00.000Z","status":"Actual","transactio":"","accuracy":"C","area_in_we":0,"x":503988.20755,"y":4788237.69788304,"village_co":"102020105","globalid":"{EA5BA1FB-DED2-4E90-A30A-15D58631CF2A}","st_area_sh":874.581830725,"st_length_":136.463008309}},
{"type":"Feature","geometry":null,"properties":{"objectid":40634187,"parcel_num":1422,"village":"Rugoro","province":"Kigali City","district":"Gasabo","sector":"Gatsata","cell":"Karuruma","cell_code":"1020201","upi":"1/02/02/01/1422","change_id":"","start_date":"1800-01-01T00:00:00.000Z","end_date":"1899-11-30T00:00:00.000Z","status":"Actual","transactio":"","accuracy":"C","area_in_we":0,"x":504810.60785,"y":4788718.46411222,"village_co":"102020109","globalid":"{6BA8FA55-A2C5-4052-9695-36CE31A0AADB}","st_area_sh":1328.15168166,"st_length_":156.270871568}},
{"type":"Feature","geometry":{"type":"Polygon","coordinates":[[[30.0424,-1.91112],[30.04226,-1.91111],[30.04224,-1.91112],[30.0424,-1.91112]]]},"properties":{"objectid":40634190,"parcel_num":1426,"village":"Rugoro","province":"Kigali City","district":"Gasabo","sector":"Gatsata","cell":"Karuruma","cell_code":"1020201","upi":"1/02/02/01/1426","change_id":"","start_date":"1800-01-01T00:00:00.000Z","end_date":"1899-11-30T00:00:00.000Z","status":"Actual","transactio":"","accuracy":"C","area_in_we":0,"x":504721.61935,"y":4788673.56457577,"village_co":"102020109","globalid":"{67DEF7CC-7AF8-426C-91D0-479894FB30F3}","st_area_sh":1518.13959643,"st_length_":211.297311381}},
{"type":"Feature","geometry":{"type":"Polygon","coordinates":[[[30.04224,-1.91112],[30.04163,-1.91113],[30.04158,-1.91114],[30.04224,-1.91112]]]},"properties":{"objectid":40634191,"parcel_num":1427,"village":"Rugoro","province":"Kigali City","district":"Gasabo","sector":"Gatsata","cell":"Karuruma","cell_code":"1020201","upi":"1/02/02/01/1427","change_id":"","start_date":"1800-01-01T00:00:00.000Z","end_date":"1899-11-30T00:00:00.000Z","status":"Actual","transactio":"","accuracy":"C","area_in_we":0,"x":504685.60239352,"y":4788669.74055,"village_co":"102020109","globalid":"{5C2DAED1-0E52-4E78-A4D3-902A43830516}","st_area_sh":2733.92423147,"st_length_":259.040039433}},
{"type":"Feature","geometry":null,"properties":{"objectid":40634197,"parcel_num":1434,"village":"Rugoro","province":"Kigali City","district":"Gasabo","sector":"Gatsata","cell":"Karuruma","cell_code":"1020201","upi":"1/02/02/01/1434","change_id":"","start_date":"1800-01-01T00:00:00.000Z","end_date":"1899-11-30T00:00:00.000Z","status":"Actual","transactio":"","accuracy":"C","area_in_we":0,"x":504634.7054,"y":4788612.3419341,"village_co":"102020109","globalid":"{35134B72-4FC8-47B5-8E06-68DFE6536752}","st_area_sh":1545.76325477,"st_length_":215.338979588}},
{"type":"Feature","geometry":{"type":"Polygon","coordinates":[[[30.04128,-1.91278],[30.04119,-1.91295],[30.04114,-1.91306],[30.04128,-1.91278]]]},"properties":{"objectid":40634198,"parcel_num":1437,"village":"Rugoro","province":"Kigali City","district":"Gasabo","sector":"Gatsata","cell":"Karuruma","cell_code":"1020201","upi":"1/02/02/01/1437","change_id":"","start_date":"1800-01-01T00:00:00.000Z","end_date":"1899-11-30T00:00:00.000Z","status":"Actual","transactio":"","accuracy":"C","area_in_we":0,"x":504599.47518831,"y":4788499.9454,"village_co":"102020109","globalid":"{D658E1EE-E22A-4085-9BBE-1771C9916532}","st_area_sh":867.069045875,"st_length_":123.156813848}},
{"type":"Feature","geometry":{"type":"Polygon","coordinates":[[[30.03908,-1.91183],[30.03861,-1.91174],[30.03861,-1.91231],[30.03902,-1.91233],[30.03908,-1.91183]]]},"properties":{"objectid":40634249,"parcel_num":1490,"village":"Nyagasozi","province":"Kigali City","district":"Gasabo","sector":"Gatsata","cell":"Karuruma","cell_code":"1020201","upi":"1/02/02/01/1490","change_id":"","start_date":"1800-01-01T00:00:00.000Z","end_date":"1899-11-30T00:00:00.000Z","status":"Actual","transactio":"","accuracy":"C","area_in_we":0,"x":504321.4814,"y":4788596.71200866,"village_co":"102020108","globalid":"{BC271995-11C3-4983-9CC3-0D6B3562F939}","st_area_sh":2922.15415092,"st_length_":218.422407074}},
{"type":"Feature","geometry":{"type":"Polygon","coordinates":[[[30.03861,-1.91231],[30.03861,-1.91174],[30.03835,-1.91176],[30.03831,-1.91231],[30.03842,-1.91235],[30.03845,-1.91235],[30.03861,-1.91231]]]},"properties":{"objectid":40634250,"parcel_num":1491,"village":"Nyagasozi","province":"Kigali City","district":"Gasabo","sector":"Gatsata","cell":"Karuruma","cell_code":"1020201","upi":"1/02/02/01/1491","change_id":"","start_date":"1800-01-01T00:00:00.000Z","end_date":"1899-11-30T00:00:00.000Z","status":"Actual","transactio":"","accuracy":"C","area_in_we":0,"x":504278.8719,"y":4788597.14887134,"village_co":"102020108","globalid":"{B74ECED4-85EA-466F-A81D-F8FABE1EF6BA}","st_area_sh":1972.10992971,"st_length_":188.831964428}},
{"type":"Feature","geometry":{"type":"Polygon","coordinates":[[[30.03835,-1.91176],[30.03793,-1.91173],[30.03792,-1.9121],[30.03815,-1.91228],[30.03831,-1.91231],[30.03835,-1.91176]]]},"properties":{"objectid":40634251,"parcel_num":1492,"village":"Nyagasozi","province":"Kigali City","district":"Gasabo","sector":"Gatsata","cell":"Karuruma","cell_code":"1020201","upi":"1/02/02/01/1492","change_id":"","start_date":"1800-01-01T00:00:00.000Z","end_date":"1899-11-30T00:00:00.000Z","status":"Actual","transactio":"","accuracy":"C","area_in_we":0,"x":504242.19095,"y":4788602.12095618,"village_co":"102020108","globalid":"{7B484F4C-6648-45B1-8DB4-B95580E85382}","st_area_sh":2454.13583646,"st_length_":200.239559455}},
{"type":"Feature","geometry":{"type":"Polygon","coordinates":[[[30.0387,-1.90626],[30.03861,-1.90615],[30.0385,-1.90616],[30.03844,-1.90622],[30.03843,-1.90624],[30.03847,-1.90631],[30.03853,-1.9063],[30.0387,-1.90626]]]},"properties":{"objectid":40634252,"parcel_num":1493,"village":"Nyagasozi","province":"Kigali City","district":"Gasabo","sector":"Gatsata","cell":"Karuruma","cell_code":"1020201","upi":"1/02/02/01/1493","change_id":"BC","start_date":"1800-01-01T00:00:00.000Z","end_date":"1899-11-30T00:00:00.000Z","status":"Actual","transactio":"","accuracy":"C","area_in_we":0,"x":504289.43066317,"y":4789240.638,"village_co":"102020108","globalid":"{FA14AD23-EC00-4E3B-9A13-82FD6A276CB4}","st_area_sh":352.60078071,"st_length_":75.183091643}},
{"type":"Feature","geometry":{"type":"Polygon","coordinates":[[[30.03871,-1.9064],[30.03871,-1.90636],[30.03854,-1.90638],[30.03848,-1.90639],[30.03816,-1.90653],[30.03817,-1.9066],[30.03832,-1.90663],[30.03837,-1.90661],[30.03839,-1.90645],[30.03852,-1.90648],[30.03852,-1.90652],[30.03854,-1.90651],[30.03868,-1.9065],[30.03871,-1.9064]]]},"properties":{"objectid":40634253,"parcel_num":1496,"village":"Nyagasozi","province":"Kigali City","district":"Gasabo","sector":"Gatsata","cell":"Karuruma","cell_code":"1020201","upi":"1/02/02/01/1496","change_id":"","start_date":"1800-01-01T00:00:00.000Z","end_date":"1899-11-30T00:00:00.000Z","status":"Actual","transactio":"","accuracy":"C","area_in_we":0,"x":504294.03832956,"y":4789211.0913,"village_co":"102020108","globalid":"{74AD5876-1DBB-4319-BA8B-D3A85B6DD46F}","st_area_sh":794.233120695,"st_length_":167.649158541}},
{"type":"Feature","geometry":{"type":"Polygon","coordinates":[[[30.03846,-1.90673],[30.03839,-1.90669],[30.03837,-1.90678],[30.03834,-1.90692],[30.03856,-1.90689],[30.03857,-1.90684],[30.03857,-1.90683],[30.03859,-1.90677],[30.03853,-1.90675],[30.03846,-1.90673]]]},"properties":{"objectid":40634254,"parcel_num":1497,"village":"Nyagasozi","province":"Kigali City","district":"Gasabo","sector":"Gatsata","cell":"Karuruma","cell_code":"1020201","upi":"1/02/02/01/1497","change_id":"","start_date":"1800-01-01T00:00:00.000Z","end_date":"1899-11-30T00:00:00.000Z","status":"Actual","transactio":"","accuracy":"C","area_in_we":0,"x":504279.76424039,"y":4789176.86295,"village_co":"102020108","globalid":"{A6129EBB-2A4A-4DAA-8805-18AD117ACD44}","st_area_sh":474.281853305,"st_length_":89.4380168303}},
{"type":"Feature","geometry":{"type":"Polygon","coordinates":[[[30.03897,-1.90684],[30.03857,-1.90683],[30.03857,-1.90684],[30.03875,-1.90695],[30.03891,-1.90698],[30.03902,-1.90699],[30.03903,-1.90684],[30.03897,-1.90684]]]},"properties":{"objectid":40634255,"parcel_num":1498,"village":"Nyagasozi","province":"Kigali City","district":"Gasabo","sector":"Gatsata","cell":"Karuruma","cell_code":"1020201","upi":"1/02/02/01/1498","change_id":"DP","start_date":"2024-08-24T00:00:00.000Z","end_date":"1899-11-30T00:00:00.000Z","status":"Actual","transactio":"","accuracy":"C","area_in_we":0,"x":504321.95234288,"y":4789165.68506804,"village_co":"102020108","globalid":"{E91FA08B-E194-4B24-BC88-49AA5DEA8475}","st_area_sh":537.489420915,"st_length_":123.026667571}},
{"type":"Feature","geometry":{"type":"Polygon","coordinates":[[[30.03917,-1.90716],[30.03907,-1.90716],[30.03902,-1.90717],[30.03894,-1.90717],[30.03893,-1.90732],[30.03906,-1.90737],[30.03917,-1.90716]]]},"properties":{"objectid":40634258,"parcel_num":1502,"village":"Nyagasozi","province":"Kigali City","district":"Gasabo","sector":"Gatsata","cell":"Karuruma","cell_code":"1020201","upi":"1/02/02/01/1502","change_id":"","start_date":"1800-01-01T00:00:00.000Z","end_date":"1899-11-30T00:00:00.000Z","status":"Actual","transactio":"","accuracy":"C","area_in_we":0,"x":504344.3095,"y":4789125.337566,"village_co":"102020108","globalid":"{63F3643B-E7EF-40A5-A6A3-B92888D31C42}","st_area_sh":441.939562565,"st_length_":87.4414232623}},
{"type":"Feature","geometry":{"type":"Polygon","coordinates":[[[30.03886,-1.90715],[30.03884,-1.90715],[30.03881,-1.90729],[30.03881,-1.9073],[30.03893,-1.90732],[30.03894,-1.90717],[30.03886,-1.90715]]]},"properties":{"objectid":40634259,"parcel_num":1503,"village":"Nyagasozi","province":"Kigali City","district":"Gasabo","sector":"Gatsata","cell":"Karuruma","cell_code":"1020201","upi":"1/02/02/01/1503","change_id":"DP","start_date":"2021-12-28T00:00:00.000Z","end_date":"1899-11-30T00:00:00.000Z","status":"Actual","transactio":"","accuracy":"C","area_in_we":0,"x":504325.26125177,"y":4789128.83247707,"village_co":"102020108","globalid":"{7D698F85-6830-4860-9FB4-EEC343483E44}","st_area_sh":215.92537606,"st_length_":59.9002897005}},
{"type":"Feature","geometry":{"type":"Polygon","coordinates":[[[30.03926,-1.90726],[30.03928,-1.90712],[30.03917,-1.90716],[30.03906,-1.90737],[30.03907,-1.90737],[30.03921,-1.90739],[30.03926,-1.90726]]]},"properties":{"objectid":40634260,"parcel_num":1504,"village":"Nyagasozi","province":"Kigali City","district":"Gasabo","sector":"Gatsata","cell":"Karuruma","cell_code":"1020201","upi":"1/02/02/01/1504","change_id":"DP","start_date":"2024-02-09T00:00:00.000Z","end_date":"1899-11-30T00:00:00.000Z","status":"Actual","transactio":"","accuracy":"C","area_in_we":0,"x":504358.52360626,"y":4789124.69036291,"village_co":"102020108","globalid":"{805D844F-C871-424C-92B6-12D18FC731A8}","st_area_sh":357.17491328,"st_length_":90.3637625764}},
{"type":"Feature","geometry":{"type":"Polygon","coordinates":[[[30.03926,-1.90726],[30.03921,-1.90739],[30.03919,-1.90742],[30.03924,-1.90744],[30.03933,-1.90747],[30.03934,-1.90743],[30.03935,-1.9073],[30.03926,-1.90726]]]},"properties":{"objectid":40634261,"parcel_num":1507,"village":"Nyagasozi","province":"Kigali City","district":"Gasabo","sector":"Gatsata","cell":"Karuruma","cell_code":"1020201","upi":"1/02/02/01/1507","change_id":"","start_date":"1800-01-01T00:00:00.000Z","end_date":"1899-11-30T00:00:00.000Z","status":"Actual","transactio":"","accuracy":"C","area_in_we":0,"x":504370.2681,"y":4789115.23784374,"village_co":"102020108","globalid":"{0EA2FEE8-3099-4A53-942C-CB52A61F96C7}","st_area_sh":302.696607635,"st_length_":68.7476398124}},
{"type":"Feature","geometry":{"type":"Polygon","coordinates":[[[30.03949,-1.90699],[30.0393,-1.90697],[30.03928,-1.90699],[30.03928,-1.90712],[30.03953,-1.90719],[30.03959,-1.90721],[30.03959,-1.90708],[30.03957,-1.90699],[30.03949,-1.90699]]]},"properties":{"objectid":40634262,"parcel_num":1509,"village":"Nyagasozi","province":"Kigali City","district":"Gasabo","sector":"Gatsata","cell":"Karuruma","cell_code":"1020201","upi":"1/02/02/01/1509","change_id":"","start_date":"1800-01-01T00:00:00.000Z","end_date":"1899-11-30T00:00:00.000Z","status":"Actual","transactio":"","accuracy":"C","area_in_we":0,"x":504386.81265479,"y":4789145.33515,"village_co":"102020108","globalid":"{213E6BFE-5AA6-40F5-B1D7-B1FC00B1050F}","st_area_sh":676.591700705,"st_length_":107.413927254}},
{"type":"Feature","geometry":{"type":"Polygon","coordinates":[[[30.04009,-1.9074],[30.04008,-1.90727],[30.03995,-1.90736],[30.0398,-1.90734],[30.03978,-1.90749],[30.04001,-1.90755],[30.04008,-1.90743],[30.04009,-1.9074]]]},"properties":{"objectid":40634264,"parcel_num":1511,"village":"Nyagasozi","province":"Kigali City","district":"Gasabo","sector":"Gatsata","cell":"Karuruma","cell_code":"1020201","upi":"1/02/02/01/1511","change_id":"","start_date":"1800-01-01T00:00:00.000Z","end_date":"1899-11-30T00:00:00.000Z","status":"Actual","transactio":"","accuracy":"C","area_in_we":0,"x":504442.7885077,"y":4789109.94855,"village_co":"102020108","globalid":"{166D0A61-F58D-4F6E-AEDA-39821CE31F3A}","st_area_sh":692.509845205,"st_length_":112.198645297}},
{"type":"Feature","geometry":{"type":"Polygon","coordinates":[[[30.04026,-1.90721],[30.04031,-1.90681],[30.04007,-1.90688],[30.04001,-1.90689],[30.04006,-1.907],[30.04008,-1.90726],[30.04017,-1.90725],[30.04026,-1.90721]]]},"properties":{"objectid":40634265,"parcel_num":1512,"village":"Nyagasozi","province":"Kigali City","district":"Gasabo","sector":"Gatsata","cell":"Karuruma","cell_code":"1020201","upi":"1/02/02/01/1512","change_id":"","start_date":"1800-01-01T00:00:00.000Z","end_date":"1899-11-30T00:00:00.000Z","status":"Actual","transactio":"","accuracy":"C","area_in_we":0,"x":504467.46745,"y":4789149.17027592,"village_co":"102020108","globalid":"{624324F9-8F0A-417A-A856-ABDD89D6292C}","st_area_sh":1065.13797951,"st_length_":144.090255648}},
{"type":"Feature","geometry":{"type":"Polygon","coordinates":[[[30.04049,-1.90699],[30.04036,-1.90662],[30.04031,-1.90681],[30.04026,-1.90721],[30.04028,-1.90721],[30.04033,-1.90717],[30.04036,-1.90711],[30.04049,-1.90699]]]},"properties":{"objectid":40634266,"parcel_num":1513,"village":"Nyagasozi","province":"Kigali City","district":"Gasabo","sector":"Gatsata","cell":"Karuruma","cell_code":"1020201","upi":"1/02/02/01/1513","change_id":"","start_date":"1800-01-01T00:00:00.000Z","end_date":"1899-11-30T00:00:00.000Z","status":"Actual","transactio":"","accuracy":"C","area_in_we":0,"x":504491.4522,"y":4789169.37481677,"village_co":"102020108","globalid":"{960F1FD6-1350-4489-9A5A-2F50BDF3FAB2}","st_area_sh":723.597597905,"st_length_":148.909793635}},
{"type":"Feature","geometry":{"type":"Polygon","coordinates":[[[30.04048,-1.90713],[30.04049,-1.90699],[30.04036,-1.90711],[30.04048,-1.90713]]]},"properties":{"objectid":40634267,"parcel_num":1514,"village":"Nyagasozi","province":"Kigali City","district":"Gasabo","sector":"Gatsata","cell":"Karuruma","cell_code":"1020201","upi":"1/02/02/01/1514","change_id":"","start_date":"1800-01-01T00:00:00.000Z","end_date":"1899-11-30T00:00:00.000Z","status":"Actual","transactio":"","accuracy":"C","area_in_we":0,"x":504498.5034,"y":4789147.06463912,"village_co":"102020108","globalid":"{F9869310-A5FD-4321-B44D-EFF1D6D07F13}","st_area_sh":161.51033624,"st_length_":54.1860699141}},
{"type":"Feature","geometry":{"type":"Polygon","coordinates":[[[30.04048,-1.90713],[30.04036,-1.90711],[30.04033,-1.90717],[30.04047,-1.90721],[30.04048,-1.90713]]]},"properties":{"objectid":40634268,"parcel_num":1515,"village":"Nyagasozi","province":"Kigali City","district":"Gasabo","sector":"Gatsata","cell":"Karuruma","cell_code":"1020201","upi":"1/02/02/01/1515","change_id":"","start_date":"1800-01-01T00:00:00.000Z","end_date":"1899-11-30T00:00:00.000Z","status":"Actual","transactio":"","accuracy":"C","area_in_we":0,"x":504495.23549066,"y":4789137.4022,"village_co":"102020108","globalid":"{242A5EDE-D991-4485-B0DC-B8B4FD929B67}","st_area_sh":109.820549975,"st_length_":44.9066104749}},
{"type":"Feature","geometry":{"type":"Polygon","coordinates":[[[30.04047,-1.90721],[30.04033,-1.90717],[30.04028,-1.90721],[30.04028,-1.90732],[30.04035,-1.90733],[30.04034,-1.9074],[30.04042,-1.90741],[30.04047,-1.90721]]]},"properties":{"objectid":40634269,"parcel_num":1516,"village":"Nyagasozi","province":"Kigali City","district":"Gasabo","sector":"Gatsata","cell":"Karuruma","cell_code":"1020201","upi":"1/02/02/01/1516","change_id":"","start_date":"1800-01-01T00:00:00.000Z","end_date":"1899-11-30T00:00:00.000Z","status":"Actual","transactio":"","accuracy":"C","area_in_we":0,"x":504491.7998,"y":4789122.89740874,"village_co":"102020108","globalid":"{A33A44BF-EDD4-4C4E-8870-D10E9899FE4E}","st_area_sh":396.734747375,"st_length_":83.4629319072}},
{"type":"Feature","geometry":{"type":"Polygon","coordinates":[[[30.04042,-1.90741],[30.04034,-1.9074],[30.04035,-1.90733],[30.04028,-1.90732],[30.04028,-1.90721],[30.04026,-1.90721],[30.04017,-1.90725],[30.04021,-1.9074],[30.04025,-1.90744],[30.0404,-1.90747],[30.04042,-1.90741]]]},"properties":{"objectid":40634270,"parcel_num":1517,"village":"Nyagasozi","province":"Kigali City","district":"Gasabo","sector":"Gatsata","cell":"Karuruma","cell_code":"1020201","upi":"1/02/02/01/1517","change_id":"","start_date":"1800-01-01T00:00:00.000Z","end_date":"1899-11-30T00:00:00.000Z","status":"Actual","transactio":"","accuracy":"C","area_in_we":0,"x":504479.55374963,"y":4789117.5455,"village_co":"102020108","globalid":"{CB6786D2-744F-4B93-8638-D71339213C76}","st_area_sh":393.83555828,"st_length_":98.6970373788}},
{"type":"Feature","geometry":{"type":"Polygon","coordinates":[[[30.04021,-1.9074],[30.04017,-1.90725],[30.04008,-1.90726],[30.04008,-1.90727],[30.04009,-1.9074],[30.04021,-1.9074]]]},"properties":{"objectid":40634271,"parcel_num":1518,"village":"Nyagasozi","province":"Kigali City","district":"Gasabo","sector":"Gatsata","cell":"Karuruma","cell_code":"1020201","upi":"1/02/02/01/1518","change_id":"","start_date":"1800-01-01T00:00:00.000Z","end_date":"1899-11-30T00:00:00.000Z","status":"Actual","transactio":"","accuracy":"C","area_in_we":0,"x":504465.77005,"y":4789119.07305928,"village_co":"102020108","globalid":"{DEAF241C-F58D-43D4-95B8-09EDE03449FC}","st_area_sh":175.09560356,"st_length_":55.7443556398}},
{"type":"Feature","geometry":{"type":"Polygon","coordinates":[[[30.04028,-1.90768],[30.04038,-1.90751],[30.04008,-1.90743],[30.04001,-1.90755],[30.04,-1.90755],[30.04028,-1.90768]]]},"properties":{"objectid":40634272,"parcel_num":1519,"village":"Nyagasozi","province":"Kigali City","district":"Gasabo","sector":"Gatsata","cell":"Karuruma","cell_code":"1020201","upi":"1/02/02/01/1519","change_id":"BC","start_date":"2024-08-20T00:00:00.000Z","end_date":"1899-11-30T00:00:00.000Z","status":"Actual","transactio":"","accuracy":"C","area_in_we":0,"x":504471.84819409,"y":4789095.18778224,"village_co":"102020108","globalid":"{695D0E4A-62C4-4E9E-8A0A-4B5EA6924AE1}","st_area_sh":627.822461605,"st_length_":108.19009287}},
{"type":"Feature","geometry":{"type":"Polygon","coordinates":[[[30.04028,-1.90768],[30.04,-1.90755],[30.03996,-1.90764],[30.04018,-1.90779],[30.04028,-1.90768]]]},"properties":{"objectid":40634274,"parcel_num":1520,"village":"Nyagasozi","province":"Kigali City","district":"Gasabo","sector":"Gatsata","cell":"Karuruma","cell_code":"1020201","upi":"1/02/02/01/1520","change_id":"","start_date":"1800-01-01T00:00:00.000Z","end_date":"1899-11-30T00:00:00.000Z","status":"Actual","transactio":"","accuracy":"C","area_in_we":0,"x":504466.13295806,"y":4789080.96395,"village_co":"102020108","globalid":"{076AF171-8CAF-4697-A9CE-3BAEE59C5CE0}","st_area_sh":411.629535815,"st_length_":90.8736276883}},
{"type":"Feature","geometry":{"type":"Polygon","coordinates":[[[30.04018,-1.90779],[30.03996,-1.90764],[30.0398,-1.90777],[30.03997,-1.90797],[30.04018,-1.90779]]]},"properties":{"objectid":40634275,"parcel_num":1521,"village":"Nyagasozi","province":"Kigali City","district":"Gasabo","sector":"Gatsata","cell":"Karuruma","cell_code":"1020201","upi":"1/02/02/01/1521","change_id":"","start_date":"1800-01-01T00:00:00.000Z","end_date":"1899-11-30T00:00:00.000Z","status":"Actual","transactio":"","accuracy":"C","area_in_we":0,"x":504449.45245531,"y":4789066.4684,"village_co":"102020108","globalid":"{015BEE1A-83D1-4C5B-933E-41CEF00E04B6}","st_area_sh":791.12307549,"st_length_":113.615712171}},
{"type":"Feature","geometry":{"type":"Polygon","coordinates":[[[30.03997,-1.90797],[30.0398,-1.90777],[30.03971,-1.90786],[30.03967,-1.9079],[30.0398,-1.90808],[30.03997,-1.90797]]]},"properties":{"objectid":40634276,"parcel_num":1522,"village":"Nyagasozi","province":"Kigali City","district":"Gasabo","sector":"Gatsata","cell":"Karuruma","cell_code":"1020201","upi":"1/02/02/01/1522","change_id":"","start_date":"1800-01-01T00:00:00.000Z","end_date":"1899-11-30T00:00:00.000Z","status":"Actual","transactio":"","accuracy":"C","area_in_we":0,"x":504429.64825,"y":4789051.95158334,"village_co":"102020108","globalid":"{602B0C4C-5B89-49CF-891A-F68FC098DB3F}","st_area_sh":571.057801195,"st_length_":96.2294876969}},
{"type":"Feature","geometry":{"type":"Polygon","coordinates":[[[30.03956,-1.90774],[30.03942,-1.90762],[30.03934,-1.90773],[30.03938,-1.90777],[30.03946,-1.90784],[30.03956,-1.90774]]]},"properties":{"objectid":40634277,"parcel_num":1524,"village":"Nyagasozi","province":"Kigali City","district":"Gasabo","sector":"Gatsata","cell":"Karuruma","cell_code":"1020201","upi":"1/02/02/01/1524","change_id":"","start_date":"1800-01-01T00:00:00.000Z","end_date":"1899-11-30T00:00:00.000Z","status":"Actual","transactio":"","accuracy":"C","area_in_we":0,"x":504388.36204279,"y":4789074.45075,"village_co":"102020108","globalid":"{EC18DCC6-ADD7-4F12-8A1E-542FC731CF74}","st_area_sh":311.859226875,"st_length_":70.2809927725}},
{"type":"Feature","geometry":{"type":"Polygon","coordinates":[[[30.03915,-1.90787],[30.03905,-1.90782],[30.03905,-1.90783],[30.03897,-1.90795],[30.03905,-1.90807],[30.03909,-1.90802],[30.03922,-1.9082],[30.03936,-1.90809],[30.03937,-1.90805],[30.03923,-1.90794],[30.03915,-1.90787]]]},"properties":{"objectid":40634278,"parcel_num":1526,"village":"Nyagasozi","province":"Kigali City","district":"Gasabo","sector":"Gatsata","cell":"Karuruma","cell_code":"1020201","upi":"1/02/02/01/1526","change_id":"BC","start_date":"1800-01-01T00:00:00.000Z","end_date":"1899-11-30T00:00:00.000Z","status":"Actual","transactio":"","accuracy":"C","area_in_we":0,"x":504356.72295471,"y":4789043.31425,"village_co":"102020108","globalid":"{94A9B489-3A78-4FF1-9832-654BBE88AAF1}","st_area_sh":882.49017258,"st_length_":134.247937762}},
{"type":"Feature","geometry":{"type":"Polygon","coordinates":[[[30.03895,-1.90766],[30.03891,-1.90771],[30.03882,-1.90766],[30.03878,-1.9077],[30.03876,-1.90772],[30.03889,-1.90786],[30.03895,-1.90766]]]},"properties":{"objectid":40634279,"parcel_num":1528,"village":"Nyagasozi","province":"Kigali City","district":"Gasabo","sector":"Gatsata","cell":"Karuruma","cell_code":"1020201","upi":"1/02/02/01/1528","change_id":"BC","start_date":"2025-05-19T00:00:00.000Z","end_date":"1899-11-30T00:00:00.000Z","status":"Actual","transactio":"","accuracy":"C","area_in_we":0,"x":504323.29459445,"y":4789072.56278849,"village_co":"102020108","globalid":"{DF7E7F15-6AD8-4141-9D5A-296F740B5BCD}","st_area_sh":241.089210945,"st_length_":72.7711939491}},
{"type":"Feature","geometry":{"type":"Polygon","coordinates":[[[30.03922,-1.9082],[30.03909,-1.90802],[30.03905,-1.90807],[30.03888,-1.90815],[30.03884,-1.9081],[30.03877,-1.90817],[30.03882,-1.90837],[30.03898,-1.90828],[30.03918,-1.9082],[30.03922,-1.9082]]]},"properties":{"objectid":40634281,"parcel_num":1532,"village":"Nyagasozi","province":"Kigali City","district":"Gasabo","sector":"Gatsata","cell":"Karuruma","cell_code":"1020201","upi":"1/02/02/01/1532","change_id":"","start_date":"1800-01-01T00:00:00.000Z","end_date":"1899-11-30T00:00:00.000Z","status":"Actual","transactio":"","accuracy":"C","area_in_we":0,"x":504337.8627116,"y":4789023.11165,"village_co":"102020108","globalid":"{F42F8104-5801-47C5-A5E7-CBEC01A1362E}","st_area_sh":917.627298725,"st_length_":144.020098022}},
{"type":"Feature","geometry":{"type":"Polygon","coordinates":[[[30.03904,-1.90858],[30.03882,-1.90837],[30.03868,-1.90846],[30.03881,-1.90858],[30.03877,-1.90867],[30.03885,-1.90872],[30.03901,-1.90876],[30.03904,-1.90858]]]},"properties":{"objectid":40634282,"parcel_num":1535,"village":"Nyagasozi","province":"Kigali City","district":"Gasabo","sector":"Gatsata","cell":"Karuruma","cell_code":"1020201","upi":"1/02/02/01/1535","change_id":"","start_date":"1800-01-01T00:00:00.000Z","end_date":"1899-11-30T00:00:00.000Z","status":"Actual","transactio":"","accuracy":"C","area_in_we":0,"x":504323.50375,"y":4788980.57666842,"village_co":"102020108","globalid":"{722D812D-510A-41F5-A18D-277808AFB355}","st_area_sh":868.300309435,"st_length_":132.016675357}},
{"type":"Feature","geometry":{"type":"Polygon","coordinates":[[[30.03981,-1.90859],[30.0398,-1.90858],[30.03976,-1.90868],[30.03963,-1.90865],[30.03961,-1.90878],[30.03995,-1.9088],[30.03999,-1.90865],[30.03991,-1.90862],[30.03981,-1.90859]]]},"properties":{"objectid":40634283,"parcel_num":1538,"village":"Nyagasozi","province":"Kigali City","district":"Gasabo","sector":"Gatsata","cell":"Karuruma","cell_code":"1020201","upi":"1/02/02/01/1538","change_id":"","start_date":"1800-01-01T00:00:00.000Z","end_date":"1899-11-30T00:00:00.000Z","status":"Actual","transactio":"","accuracy":"C","area_in_we":0,"x":504427.30415627,"y":4788968.0796,"village_co":"102020108","globalid":"{AD6A2DC2-B5C7-4B5F-A96E-9B550F22734B}","st_area_sh":667.069094745,"st_length_":121.029204139}},
{"type":"Feature","geometry":{"type":"Polygon","coordinates":[[[30.04021,-1.90869],[30.04006,-1.90857],[30.03991,-1.90862],[30.03999,-1.90865],[30.03995,-1.9088],[30.04013,-1.90885],[30.04021,-1.90869]]]},"properties":{"objectid":40634284,"parcel_num":1539,"village":"Nyagasozi","province":"Kigali City","district":"Gasabo","sector":"Gatsata","cell":"Karuruma","cell_code":"1020201","upi":"1/02/02/01/1539","change_id":"","start_date":"1800-01-01T00:00:00.000Z","end_date":"1899-11-30T00:00:00.000Z","status":"Actual","transactio":"","accuracy":"C","area_in_we":0,"x":504456.229,"y":4788966.93987714,"village_co":"102020108","globalid":"{F6C768F6-85F6-45DC-B6E3-97EAE3851F81}","st_area_sh":576.30466108,"st_length_":108.846297763}},
{"type":"Feature","geometry":{"type":"Polygon","coordinates":[[[30.04015,-1.90841],[30.04008,-1.90839],[30.03988,-1.9085],[30.03981,-1.90859],[30.03991,-1.90862],[30.04006,-1.90857],[30.04015,-1.90852],[30.04015,-1.90841]]]},"properties":{"objectid":40634286,"parcel_num":1540,"village":"Nyagasozi","province":"Kigali City","district":"Gasabo","sector":"Gatsata","cell":"Karuruma","cell_code":"1020201","upi":"1/02/02/01/1540","change_id":"","start_date":"1800-01-01T00:00:00.000Z","end_date":"1899-11-30T00:00:00.000Z","status":"Actual","transactio":"","accuracy":"C","area_in_we":0,"x":504451.1597817,"y":4788989.2642,"village_co":"102020108","globalid":"{F4689776-65C5-466C-9D45-4DA91737D4CC}","st_area_sh":565.82536602,"st_length_":103.368099855}},
{"type":"Feature","geometry":{"type":"Polygon","coordinates":[[[30.04036,-1.90857],[30.04032,-1.90838],[30.04015,-1.90841],[30.04015,-1.90852],[30.04006,-1.90857],[30.04021,-1.90869],[30.04036,-1.90857]]]},"properties":{"objectid":40634287,"parcel_num":1541,"village":"Nyagasozi","province":"Kigali City","district":"Gasabo","sector":"Gatsata","cell":"Karuruma","cell_code":"1020201","upi":"1/02/02/01/1541","change_id":"BC","start_date":"1800-01-01T00:00:00.000Z","end_date":"1899-11-30T00:00:00.000Z","status":"Actual","transactio":"","accuracy":"C","area_in_we":0,"x":504473.44115,"y":4788984.37106981,"village_co":"102020108","globalid":"{5863B51E-9A0A-4AF2-85CB-512B46F5E6A7}","st_area_sh":648.695949295,"st_length_":107.405652323}},
{"type":"Feature","geometry":{"type":"Polygon","coordinates":[[[30.04055,-1.9088],[30.04037,-1.90859],[30.04025,-1.90869],[30.04016,-1.90885],[30.04046,-1.90884],[30.04059,-1.90886],[30.04055,-1.9088]]]},"properties":{"objectid":40634288,"parcel_num":1542,"village":"Nyagasozi","province":"Kigali City","district":"Gasabo","sector":"Gatsata","cell":"Karuruma","cell_code":"1020201","upi":"1/02/02/01/1542","change_id":"","start_date":"1800-01-01T00:00:00.000Z","end_date":"1899-11-30T00:00:00.000Z","status":"Actual","transactio":"","accuracy":"C","area_in_we":0,"x":504489.90191789,"y":4788964.4565,"village_co":"102020108","globalid":"{FA4363A8-7523-4ECC-8198-96CD08AB70CE}","st_area_sh":740.27203154,"st_length_":127.204959289}},
{"type":"Feature","geometry":{"type":"Polygon","coordinates":[[[30.04077,-1.90868],[30.04065,-1.90848],[30.04037,-1.90859],[30.04055,-1.9088],[30.04077,-1.90868]]]},"properties":{"objectid":40634289,"parcel_num":1543,"village":"Nyagasozi","province":"Kigali City","district":"Gasabo","sector":"Gatsata","cell":"Karuruma","cell_code":"1020201","upi":"1/02/02/01/1543","change_id":"","start_date":"1800-01-01T00:00:00.000Z","end_date":"1899-11-30T00:00:00.000Z","status":"Actual","transactio":"","accuracy":"C","area_in_we":0,"x":504514.78960334,"y":4788973.84335,"village_co":"102020108","globalid":"{9EC3AC80-2884-45B4-B004-3037734A81AE}","st_area_sh":782.870891015,"st_length_":117.788390441}},
{"type":"Feature","geometry":{"type":"Polygon","coordinates":[[[30.04091,-1.90862],[30.04085,-1.90842],[30.04065,-1.90848],[30.04077,-1.90868],[30.04091,-1.90862]]]},"properties":{"objectid":40634290,"parcel_num":1544,"village":"Nyagasozi","province":"Kigali City","district":"Gasabo","sector":"Gatsata","cell":"Karuruma","cell_code":"1020201","upi":"1/02/02/01/1544","change_id":"","start_date":"1800-01-01T00:00:00.000Z","end_date":"1899-11-30T00:00:00.000Z","status":"Actual","transactio":"","accuracy":"C","area_in_we":0,"x":504536.52845,"y":4788983.48786775,"village_co":"102020108","globalid":"{64EFFED1-2590-43E5-ADE4-533718374DA1}","st_area_sh":509.98896091,"st_length_":90.243905917}},
{"type":"Feature","geometry":{"type":"Polygon","coordinates":[[[30.04097,-1.90841],[30.04085,-1.90842],[30.04091,-1.90862],[30.04096,-1.90869],[30.04097,-1.90869],[30.04097,-1.90841]]]},"properties":{"objectid":40634291,"parcel_num":1545,"village":"Nyagasozi","province":"Kigali City","district":"Gasabo","sector":"Gatsata","cell":"Karuruma","cell_code":"1020201","upi":"1/02/02/01/1545","change_id":"","start_date":"1800-01-01T00:00:00.000Z","end_date":"1899-11-30T00:00:00.000Z","status":"Actual","transactio":"","accuracy":"C","area_in_we":0,"x":504552.5967,"y":4788986.16679742,"village_co":"102020108","globalid":"{B7AB6BC4-9782-491B-A5C4-97A18FB2FE95}","st_area_sh":333.213846915,"st_length_":84.5179464646}},
{"type":"Feature","geometry":{"type":"Polygon","coordinates":[[[30.04096,-1.90869],[30.04091,-1.90862],[30.04077,-1.90868],[30.04078,-1.90876],[30.04069,-1.90889],[30.04072,-1.90891],[30.04105,-1.90899],[30.04107,-1.90884],[30.04103,-1.90881],[30.04096,-1.90869]]]},"properties":{"objectid":40634292,"parcel_num":1546,"village":"Nyagasozi","province":"Kigali City","district":"Gasabo","sector":"Gatsata","cell":"Karuruma","cell_code":"1020201","upi":"1/02/02/01/1546","change_id":"","start_date":"1800-01-01T00:00:00.000Z","end_date":"1899-11-30T00:00:00.000Z","status":"Actual","transactio":"","accuracy":"C","area_in_we":0,"x":504547.46665,"y":4788956.3830236,"village_co":"102020108","globalid":"{2E426852-BA86-46B3-90A1-592ED3FF7392}","st_area_sh":1010.60758001,"st_length_":137.12766308}},
{"type":"Feature","geometry":{"type":"Polygon","coordinates":[[[30.04073,-1.90842],[30.04066,-1.90823],[30.04032,-1.90838],[30.04036,-1.90857],[30.04073,-1.90842]]]},"properties":{"objectid":40634293,"parcel_num":1548,"village":"Nyagasozi","province":"Kigali City","district":"Gasabo","sector":"Gatsata","cell":"Karuruma","cell_code":"1020201","upi":"1/02/02/01/1548","change_id":"BC","start_date":"1800-01-01T00:00:00.000Z","end_date":"1899-11-30T00:00:00.000Z","status":"Actual","transactio":"","accuracy":"C","area_in_we":0,"x":504508.12230489,"y":4789000.09295,"village_co":"102020108","globalid":"{F338D119-DA37-4363-89A2-84A97672B6F6}","st_area_sh":926.693197765,"st_length_":130.476840934}},
{"type":"Feature","geometry":{"type":"Polygon","coordinates":[[[30.04074,-1.9082],[30.04066,-1.90823],[30.04073,-1.90842],[30.04081,-1.90838],[30.04077,-1.90825],[30.04074,-1.9082]]]},"properties":{"objectid":40634295,"parcel_num":1555,"village":"Nyagasozi","province":"Kigali City","district":"Gasabo","sector":"Gatsata","cell":"Karuruma","cell_code":"1020201","upi":"1/02/02/01/1555","change_id":"","start_date":"1800-01-01T00:00:00.000Z","end_date":"1899-11-30T00:00:00.000Z","status":"Actual","transactio":"","accuracy":"C","area_in_we":0,"x":504531.5546,"y":4789011.47701807,"village_co":"102020108","globalid":"{D3597692-280D-4724-BEB3-E76771AC0E83}","st_area_sh":241.21245024,"st_length_":68.1318713957}},
{"type":"Feature","geometry":{"type":"Polygon","coordinates":[[[30.04119,-1.90811],[30.04115,-1.90802],[30.04094,-1.9081],[30.04098,-1.9082],[30.04099,-1.90822],[30.04101,-1.90823],[30.04105,-1.90821],[30.04104,-1.90817],[30.04119,-1.90811]]]},"properties":{"objectid":40634296,"parcel_num":1557,"village":"Nyagasozi","province":"Kigali City","district":"Gasabo","sector":"Gatsata","cell":"Karuruma","cell_code":"1020201","upi":"1/02/02/01/1557","change_id":"","start_date":"1800-01-01T00:00:00.000Z","end_date":"1899-11-30T00:00:00.000Z","status":"Actual","transactio":"","accuracy":"C","area_in_we":0,"x":504567.32579017,"y":4789030.5084,"village_co":"102020108","globalid":"{CA62D8E4-91EE-4361-AB80-728BCF12759D}","st_area_sh":278.802573105,"st_length_":80.5359080835}},
{"type":"Feature","geometry":{"type":"Polygon","coordinates":[[[30.04119,-1.90813],[30.04119,-1.90811],[30.04104,-1.90817],[30.04105,-1.90821],[30.04101,-1.90823],[30.04105,-1.90836],[30.04124,-1.90834],[30.04119,-1.90813]]]},"properties":{"objectid":40634297,"parcel_num":1558,"village":"Nyagasozi","province":"Kigali City","district":"Gasabo","sector":"Gatsata","cell":"Karuruma","cell_code":"1020201","upi":"1/02/02/01/1558","change_id":"","start_date":"1800-01-01T00:00:00.000Z","end_date":"1899-11-30T00:00:00.000Z","status":"Actual","transactio":"","accuracy":"C","area_in_we":0,"x":504574.9936,"y":4789017.41358007,"village_co":"102020108","globalid":"{914CC5D2-8D1C-4B6E-ABD8-9BBE767491A5}","st_area_sh":467.95978087,"st_length_":92.0375823565}},
{"type":"Feature","geometry":{"type":"Polygon","coordinates":[[[30.04129,-1.90883],[30.04118,-1.90869],[30.04115,-1.90872],[30.04103,-1.90881],[30.04107,-1.90884],[30.04105,-1.90899],[30.04112,-1.90898],[30.04119,-1.90906],[30.04138,-1.90915],[30.04156,-1.90914],[30.04141,-1.90906],[30.04129,-1.90883]]]},"properties":{"objectid":40634299,"parcel_num":1560,"village":"Nyagasozi","province":"Kigali City","district":"Gasabo","sector":"Gatsata","cell":"Karuruma","cell_code":"1020201","upi":"1/02/02/01/1560","change_id":"","start_date":"1800-01-01T00:00:00.000Z","end_date":"1899-11-30T00:00:00.000Z","status":"Actual","transactio":"","accuracy":"C","area_in_we":0,"x":504593.86705,"y":4788935.97837581,"village_co":"102020108","globalid":"{F366C945-A222-4DE4-8240-3C9706CE9E08}","st_area_sh":1214.46936813,"st_length_":175.394071649}},
{"type":"Feature","geometry":{"type":"Polygon","coordinates":[[[30.04155,-1.90893],[30.0415,-1.90875],[30.04129,-1.90883],[30.04141,-1.90906],[30.04156,-1.90914],[30.04163,-1.90914],[30.04168,-1.90912],[30.04155,-1.90893]]]},"properties":{"objectid":40634300,"parcel_num":1561,"village":"Nyagasozi","province":"Kigali City","district":"Gasabo","sector":"Gatsata","cell":"Karuruma","cell_code":"1020201","upi":"1/02/02/01/1561","change_id":"","start_date":"1800-01-01T00:00:00.000Z","end_date":"1899-11-30T00:00:00.000Z","status":"Actual","transactio":"","accuracy":"C","area_in_we":0,"x":504615.2781,"y":4788941.65602432,"village_co":"102020108","globalid":"{CE7FF5AE-530D-4C3C-AEEA-56B34F9EA8EE}","st_area_sh":897.375615075,"st_length_":131.338622601}},
{"type":"Feature","geometry":{"type":"Polygon","coordinates":[[[30.04153,-1.90808],[30.04145,-1.90814],[30.04138,-1.90821],[30.04144,-1.90831],[30.04167,-1.90828],[30.04153,-1.90808]]]},"properties":{"objectid":40634301,"parcel_num":1562,"village":"Nyagasozi","province":"Kigali City","district":"Gasabo","sector":"Gatsata","cell":"Karuruma","cell_code":"1020201","upi":"1/02/02/01/1562","change_id":"","start_date":"1800-01-01T00:00:00.000Z","end_date":"1899-11-30T00:00:00.000Z","status":"Actual","transactio":"","accuracy":"C","area_in_we":0,"x":504619.194,"y":4789023.0675075,"village_co":"102020108","globalid":"{6416DC48-FDDE-4719-AE1C-D4253A6F96D3}","st_area_sh":477.64050765,"st_length_":88.775712533}},
{"type":"Feature","geometry":{"type":"Polygon","coordinates":[[[30.04171,-1.90785],[30.04152,-1.90771],[30.04135,-1.90804],[30.04145,-1.90814],[30.04153,-1.90808],[30.04171,-1.90785]]]},"properties":{"objectid":40634302,"parcel_num":1563,"village":"Nyagasozi","province":"Kigali City","district":"Gasabo","sector":"Gatsata","cell":"Karuruma","cell_code":"1020201","upi":"1/02/02/01/1563","change_id":"BC","start_date":"1800-01-01T00:00:00.000Z","end_date":"1899-11-30T00:00:00.000Z","status":"Actual","transactio":"","accuracy":"C","area_in_we":0,"x":504620.3638,"y":4789056.62446981,"village_co":"102020108","globalid":"{7DF77B08-5819-4056-9281-F8E3D765C6F0}","st_area_sh":882.170553565,"st_length_":127.926153738}},
{"type":"Feature","geometry":{"type":"Polygon","coordinates":[[[30.04135,-1.90804],[30.04152,-1.90771],[30.04135,-1.90771],[30.04125,-1.90794],[30.04135,-1.90804]]]},"properties":{"objectid":40634303,"parcel_num":1564,"village":"Nyagasozi","province":"Kigali City","district":"Gasabo","sector":"Gatsata","cell":"Karuruma","cell_code":"1020201","upi":"1/02/02/01/1564","change_id":"BC","start_date":"1800-01-01T00:00:00.000Z","end_date":"1899-11-30T00:00:00.000Z","status":"Actual","transactio":"","accuracy":"C","area_in_we":0,"x":504603.8878,"y":4789060.30460683,"village_co":"102020108","globalid":"{51D55D59-73E4-4C4D-BC33-7A255D9C42BA}","st_area_sh":630.44678681,"st_length_":105.32992942}},
{"type":"Feature","geometry":{"type":"Polygon","coordinates":[[[30.04119,-1.90769],[30.04111,-1.90764],[30.04099,-1.9079],[30.04115,-1.90802],[30.04125,-1.90794],[30.04135,-1.90771],[30.04135,-1.9077],[30.04119,-1.90769]]]},"properties":{"objectid":40634304,"parcel_num":1565,"village":"Nyagasozi","province":"Kigali City","district":"Gasabo","sector":"Gatsata","cell":"Karuruma","cell_code":"1020201","upi":"1/02/02/01/1565","change_id":"","start_date":"1800-01-01T00:00:00.000Z","end_date":"1899-11-30T00:00:00.000Z","status":"Actual","transactio":"","accuracy":"C","area_in_we":0,"x":504579.9226,"y":4789061.98212114,"village_co":"102020108","globalid":"{61E2430B-9334-49FC-A2F9-60FC5C0D8A57}","st_area_sh":901.166146355,"st_length_":127.117142114}},
{"type":"Feature","geometry":{"type":"Polygon","coordinates":[[[30.04096,-1.90788],[30.04107,-1.90764],[30.04087,-1.90753],[30.04076,-1.90772],[30.04078,-1.90774],[30.04096,-1.90788]]]},"properties":{"objectid":40634305,"parcel_num":1566,"village":"Nyagasozi","province":"Kigali City","district":"Gasabo","sector":"Gatsata","cell":"Karuruma","cell_code":"1020201","upi":"1/02/02/01/1566","change_id":"","start_date":"1800-01-01T00:00:00.000Z","end_date":"1899-11-30T00:00:00.000Z","status":"Actual","transactio":"","accuracy":"C","area_in_we":0,"x":504551.5291,"y":4789077.92462594,"village_co":"102020108","globalid":"{6C27687C-28F7-4960-BFA2-B991D253C71E}","st_area_sh":740.442494895,"st_length_":108.506272427}},
{"type":"Feature","geometry":{"type":"Polygon","coordinates":[[[30.04066,-1.90736],[30.04049,-1.90733],[30.04046,-1.90743],[30.04066,-1.90747],[30.04066,-1.90736]]]},"properties":{"objectid":40634306,"parcel_num":1568,"village":"Nyagasozi","province":"Kigali City","district":"Gasabo","sector":"Gatsata","cell":"Karuruma","cell_code":"1020201","upi":"1/02/02/01/1568","change_id":"","start_date":"1800-01-01T00:00:00.000Z","end_date":"1899-11-30T00:00:00.000Z","status":"Actual","transactio":"","accuracy":"C","area_in_we":0,"x":504513.01607361,"y":4789110.93275,"village_co":"102020108","globalid":"{026B91DB-A0CD-4456-ACA9-EC5AE6E9A619}","st_area_sh":249.80014196,"st_length_":66.6799082423}},
{"type":"Feature","geometry":{"type":"Polygon","coordinates":[[[30.04093,-1.90734],[30.04067,-1.90733],[30.04066,-1.90736],[30.04066,-1.90747],[30.04083,-1.90748],[30.04098,-1.90755],[30.04105,-1.90738],[30.04093,-1.90734]]]},"properties":{"objectid":40634307,"parcel_num":1569,"village":"Nyagasozi","province":"Kigali City","district":"Gasabo","sector":"Gatsata","cell":"Karuruma","cell_code":"1020201","upi":"1/02/02/01/1569","change_id":"","start_date":"1800-01-01T00:00:00.000Z","end_date":"1899-11-30T00:00:00.000Z","status":"Actual","transactio":"","accuracy":"C","area_in_we":0,"x":504544.53995855,"y":4789107.16385,"village_co":"102020108","globalid":"{F3A71D59-31A2-40C8-866B-223F176244B6}","st_area_sh":694.774921755,"st_length_":119.25280864}},
{"type":"Feature","geometry":{"type":"Polygon","coordinates":[[[30.04119,-1.9074],[30.04105,-1.90738],[30.04098,-1.90755],[30.04111,-1.90764],[30.04119,-1.90769],[30.04126,-1.90753],[30.04119,-1.9074]]]},"properties":{"objectid":40634309,"parcel_num":1570,"village":"Nyagasozi","province":"Kigali City","district":"Gasabo","sector":"Gatsata","cell":"Karuruma","cell_code":"1020201","upi":"1/02/02/01/1570","change_id":"","start_date":"1800-01-01T00:00:00.000Z","end_date":"1899-11-30T00:00:00.000Z","status":"Actual","transactio":"","accuracy":"C","area_in_we":0,"x":504574.74142087,"y":4789096.12135,"village_co":"102020108","globalid":"{730772A1-16E3-4A37-ABC3-14B79123BEBF}","st_area_sh":642.78975216,"st_length_":99.8712068613}},
{"type":"Feature","geometry":{"type":"Polygon","coordinates":[[[30.04137,-1.90768],[30.04126,-1.90753],[30.04119,-1.90769],[30.04135,-1.9077],[30.04137,-1.90768]]]},"properties":{"objectid":40634310,"parcel_num":1571,"village":"Nyagasozi","province":"Kigali City","district":"Gasabo","sector":"Gatsata","cell":"Karuruma","cell_code":"1020201","upi":"1/02/02/01/1571","change_id":"","start_date":"1800-01-01T00:00:00.000Z","end_date":"1899-11-30T00:00:00.000Z","status":"Actual","transactio":"","accuracy":"C","area_in_we":0,"x":504592.1397,"y":4789085.32611578,"village_co":"102020108","globalid":"{073A6485-AB10-4BCB-8288-9765F87A9051}","st_area_sh":219.264294065,"st_length_":63.4754006268}},
{"type":"Feature","geometry":{"type":"Polygon","coordinates":[[[30.04127,-1.90718],[30.04109,-1.90716],[30.04102,-1.90717],[30.041,-1.90724],[30.04095,-1.90724],[30.04093,-1.90723],[30.04093,-1.90734],[30.04105,-1.90738],[30.04119,-1.9074],[30.04129,-1.90729],[30.04127,-1.90719],[30.04127,-1.90718]]]},"properties":{"objectid":40634311,"parcel_num":1572,"village":"Nyagasozi","province":"Kigali City","district":"Gasabo","sector":"Gatsata","cell":"Karuruma","cell_code":"1020201","upi":"1/02/02/01/1572","change_id":"","start_date":"1800-01-01T00:00:00.000Z","end_date":"1899-11-30T00:00:00.000Z","status":"Actual","transactio":"","accuracy":"C","area_in_we":0,"x":504573.62710118,"y":4789124.49225,"village_co":"102020108","globalid":"{474B51F7-320E-4138-AD8E-FBAB9FACDD33}","st_area_sh":811.05618844,"st_length_":120.229826504}},
{"type":"Feature","geometry":{"type":"Polygon","coordinates":[[[30.04071,-1.90714],[30.04069,-1.90714],[30.04067,-1.90733],[30.04093,-1.90734],[30.04093,-1.90723],[30.04071,-1.90714]]]},"properties":{"objectid":40634312,"parcel_num":1573,"village":"Nyagasozi","province":"Kigali City","district":"Gasabo","sector":"Gatsata","cell":"Karuruma","cell_code":"1020201","upi":"1/02/02/01/1573","change_id":"","start_date":"1800-01-01T00:00:00.000Z","end_date":"1899-11-30T00:00:00.000Z","status":"Actual","transactio":"","accuracy":"C","area_in_we":0,"x":504539.66159296,"y":4789128.58305,"village_co":"102020108","globalid":"{802781AB-0341-4E3C-9549-D86043C765D1}","st_area_sh":450.30405381,"st_length_":92.9587563713}},
{"type":"Feature","geometry":{"type":"Polygon","coordinates":[[[30.04069,-1.90714],[30.04059,-1.90713],[30.04054,-1.90706],[30.04049,-1.90733],[30.04066,-1.90736],[30.04067,-1.90733],[30.04069,-1.90714]]]},"properties":{"objectid":40634313,"parcel_num":1574,"village":"Nyagasozi","province":"Kigali City","district":"Gasabo","sector":"Gatsata","cell":"Karuruma","cell_code":"1020201","upi":"1/02/02/01/1574","change_id":"","start_date":"1800-01-01T00:00:00.000Z","end_date":"1899-11-30T00:00:00.000Z","status":"Actual","transactio":"","accuracy":"C","area_in_we":0,"x":504515.5725,"y":4789129.18831688,"village_co":"102020108","globalid":"{772BA2AA-A565-483C-AE81-3721C648966A}","st_area_sh":513.060112365,"st_length_":95.4866537481}},
{"type":"Feature","geometry":{"type":"Polygon","coordinates":[[[30.04073,-1.90696],[30.0406,-1.90693],[30.04054,-1.90706],[30.04059,-1.90713],[30.04069,-1.90714],[30.04071,-1.90714],[30.04073,-1.90696]]]},"properties":{"objectid":40634314,"parcel_num":1575,"village":"Nyagasozi","province":"Kigali City","district":"Gasabo","sector":"Gatsata","cell":"Karuruma","cell_code":"1020201","upi":"1/02/02/01/1575","change_id":"","start_date":"1800-01-01T00:00:00.000Z","end_date":"1899-11-30T00:00:00.000Z","status":"Actual","transactio":"","accuracy":"C","area_in_we":0,"x":504520.33845,"y":4789150.79348641,"village_co":"102020108","globalid":"{451DA86E-2100-4104-AFAB-E658FA190273}","st_area_sh":369.317968925,"st_length_":74.4870977607}},
{"type":"Feature","geometry":{"type":"Polygon","coordinates":[[[30.04123,-1.90684],[30.0411,-1.90683],[30.04113,-1.90698],[30.04102,-1.90697],[30.04104,-1.90711],[30.04106,-1.90714],[30.04109,-1.90716],[30.04127,-1.90718],[30.04131,-1.90701],[30.04123,-1.90702],[30.04123,-1.90684]]]},"properties":{"objectid":40634315,"parcel_num":1578,"village":"Nyagasozi","province":"Kigali City","district":"Gasabo","sector":"Gatsata","cell":"Karuruma","cell_code":"1020201","upi":"1/02/02/01/1578","change_id":"","start_date":"1800-01-01T00:00:00.000Z","end_date":"1899-11-30T00:00:00.000Z","status":"Actual","transactio":"","accuracy":"C","area_in_we":0,"x":504579.3314,"y":4789155.04938874,"village_co":"102020108","globalid":"{2E47F038-F9A0-406B-8A17-0BA3D468DCA1}","st_area_sh":753.06555023,"st_length_":134.90028486}},
{"type":"Feature","geometry":{"type":"Polygon","coordinates":[[[30.0411,-1.90683],[30.04096,-1.90681],[30.04093,-1.90687],[30.04102,-1.90689],[30.04102,-1.90697],[30.04113,-1.90698],[30.0411,-1.90683]]]},"properties":{"objectid":40634316,"parcel_num":1579,"village":"Nyagasozi","province":"Kigali City","district":"Gasabo","sector":"Gatsata","cell":"Karuruma","cell_code":"1020201","upi":"1/02/02/01/1579","change_id":"DP","start_date":"2025-08-19T00:00:00.000Z","end_date":"1899-11-30T00:00:00.000Z","status":"Actual","transactio":"","accuracy":"C","area_in_we":0,"x":504566.39844605,"y":4789167.1742135,"village_co":"102020108","globalid":"{331970B5-D511-4DA0-8749-248F431E78B1}","st_area_sh":228.18191013,"st_length_":74.7917670352}},
{"type":"Feature","geometry":{"type":"Polygon","coordinates":[[[30.04165,-1.90656],[30.04167,-1.90651],[30.0415,-1.90626],[30.04129,-1.90637],[30.04147,-1.90647],[30.04165,-1.90656]]]},"properties":{"objectid":40634318,"parcel_num":1583,"village":"Nyagasozi","province":"Kigali City","district":"Gasabo","sector":"Gatsata","cell":"Karuruma","cell_code":"1020201","upi":"1/02/02/01/1583","change_id":"BC","start_date":"2015-07-20T00:00:00.000Z","end_date":"1899-11-30T00:00:00.000Z","status":"Actual","transactio":"","accuracy":"C","area_in_we":0,"x":504614.60892219,"y":4789220.34405,"village_co":"102020108","globalid":"{582017BE-ED08-4C5E-8111-098D297A7861}","st_area_sh":579.54809208,"st_length_":111.084310788}},
{"type":"Feature","geometry":{"type":"Polygon","coordinates":[[[30.04194,-1.90648],[30.04183,-1.90641],[30.04162,-1.9068],[30.04166,-1.90682],[30.04165,-1.90686],[30.0418,-1.90688],[30.04184,-1.90675],[30.04194,-1.90648]]]},"properties":{"objectid":40634319,"parcel_num":1585,"village":"Nyagasozi","province":"Kigali City","district":"Gasabo","sector":"Gatsata","cell":"Karuruma","cell_code":"1020201","upi":"1/02/02/01/1585","change_id":"BC","start_date":"2015-07-20T00:00:00.000Z","end_date":"1899-11-30T00:00:00.000Z","status":"Actual","transactio":"","accuracy":"C","area_in_we":0,"x":504647.41035,"y":4789190.37462049,"village_co":"102020108","globalid":"{BB44BC2C-C043-437C-B105-EEA35514103C}","st_area_sh":957.796764015,"st_length_":139.067339869}},
{"type":"Feature","geometry":{"type":"Polygon","coordinates":[[[30.04191,-1.90678],[30.04184,-1.90675],[30.0418,-1.90688],[30.04188,-1.90689],[30.04209,-1.90696],[30.04213,-1.90696],[30.04215,-1.90689],[30.04191,-1.90678]]]},"properties":{"objectid":40634320,"parcel_num":1586,"village":"Nyagasozi","province":"Kigali City","district":"Gasabo","sector":"Gatsata","cell":"Karuruma","cell_code":"1020201","upi":"1/02/02/01/1586","change_id":"","start_date":"1800-01-01T00:00:00.000Z","end_date":"1899-11-30T00:00:00.000Z","status":"Actual","transactio":"","accuracy":"C","area_in_we":0,"x":504665.02882256,"y":4789170.47075,"village_co":"102020108","globalid":"{FCA90757-CE48-4FAC-9593-BAAF5F5E6945}","st_area_sh":390.378994785,"st_length_":100.716331685}},
{"type":"Feature","geometry":{"type":"Polygon","coordinates":[[[30.04203,-1.90675],[30.04195,-1.90671],[30.04191,-1.90678],[30.04215,-1.90689],[30.04219,-1.90682],[30.04203,-1.90675]]]},"properties":{"objectid":40634321,"parcel_num":1587,"village":"Nyagasozi","province":"Kigali City","district":"Gasabo","sector":"Gatsata","cell":"Karuruma","cell_code":"1020201","upi":"1/02/02/01/1587","change_id":"","start_date":"1800-01-01T00:00:00.000Z","end_date":"1899-11-30T00:00:00.000Z","status":"Actual","transactio":"","accuracy":"C","area_in_we":0,"x":504677.07268369,"y":4789177.2046,"village_co":"102020108","globalid":"{46E48C80-852C-461F-BFB9-997F58AA58A0}","st_area_sh":300.09423352,"st_length_":79.0935248375}},
{"type":"Feature","geometry":{"type":"Polygon","coordinates":[[[30.04217,-1.90641],[30.04202,-1.90632],[30.04194,-1.90648],[30.04184,-1.90675],[30.04191,-1.90678],[30.04195,-1.90671],[30.04203,-1.90675],[30.04218,-1.90641],[30.04217,-1.90641]]]},"properties":{"objectid":40634322,"parcel_num":1588,"village":"Nyagasozi","province":"Kigali City","district":"Gasabo","sector":"Gatsata","cell":"Karuruma","cell_code":"1020201","upi":"1/02/02/01/1588","change_id":"","start_date":"1800-01-01T00:00:00.000Z","end_date":"1899-11-30T00:00:00.000Z","status":"Actual","transactio":"","accuracy":"C","area_in_we":0,"x":504673.5781,"y":4789206.75570669,"village_co":"102020108","globalid":"{BAA8C89F-3B6F-44B2-A318-4E0B83222972}","st_area_sh":968.71078661,"st_length_":141.275517425}},
{"type":"Feature","geometry":{"type":"Polygon","coordinates":[[[30.04201,-1.90631],[30.04189,-1.9062],[30.04182,-1.90629],[30.04187,-1.90633],[30.04181,-1.9064],[30.04183,-1.90641],[30.04194,-1.90648],[30.04202,-1.90632],[30.04201,-1.90631]]]},"properties":{"objectid":40634323,"parcel_num":1589,"village":"Nyagasozi","province":"Kigali City","district":"Gasabo","sector":"Gatsata","cell":"Karuruma","cell_code":"1020201","upi":"1/02/02/01/1589","change_id":"","start_date":"1800-01-01T00:00:00.000Z","end_date":"1899-11-30T00:00:00.000Z","status":"Actual","transactio":"","accuracy":"C","area_in_we":0,"x":504662.9661,"y":4789227.54603737,"village_co":"102020108","globalid":"{80F7510A-1BDA-40AA-81AA-BE195FAF174A}","st_area_sh":368.410280245,"st_length_":86.1884292884}},
{"type":"Feature","geometry":{"type":"Polygon","coordinates":[[[30.04614,-1.90728],[30.04588,-1.90717],[30.04579,-1.90737],[30.04591,-1.90747],[30.04598,-1.9075],[30.04611,-1.90756],[30.04614,-1.90728]]]},"properties":{"objectid":40634370,"parcel_num":1634,"village":"Nyagasozi","province":"Kigali City","district":"Gasabo","sector":"Gatsata","cell":"Karuruma","cell_code":"1020201","upi":"1/02/02/01/1634","change_id":"","start_date":"1800-01-01T00:00:00.000Z","end_date":"1899-11-30T00:00:00.000Z","status":"Actual","transactio":"","accuracy":"C","area_in_we":0,"x":505112.20518784,"y":4789114.76115,"village_co":"102020108","globalid":"{1BA06751-93FB-4E26-B293-F98D9D71F353}","st_area_sh":1024.83751936,"st_length_":132.744230094}},
{"type":"Feature","geometry":{"type":"Polygon","coordinates":[[[30.04604,-1.90578],[30.04567,-1.90575],[30.04563,-1.90589],[30.04536,-1.90583],[30.04532,-1.90599],[30.04525,-1.90598],[30.04516,-1.90609],[30.045,-1.90604],[30.04494,-1.90637],[30.04512,-1.9064],[30.04539,-1.90643],[30.04576,-1.90651],[30.04573,-1.90658],[30.04587,-1.90668],[30.04595,-1.90658],[30.04611,-1.90663],[30.04623,-1.90666],[30.04627,-1.90667],[30.04621,-1.90633],[30.04604,-1.90578]]]},"properties":{"objectid":40634371,"parcel_num":1638,"village":"Nyagasozi","province":"Kigali City","district":"Gasabo","sector":"Gatsata","cell":"Karuruma","cell_code":"1020201","upi":"1/02/02/01/1638","change_id":"BC","start_date":"1800-01-01T00:00:00.000Z","end_date":"1899-11-30T00:00:00.000Z","status":"Actual","transactio":"","accuracy":"C","area_in_we":0,"x":505069.7898143,"y":4789242.1055,"village_co":"102020108","globalid":"{67AF8538-6643-4D2F-8763-204DE0574F58}","st_area_sh":9215.02662329,"st_length_":461.526745002}},
{"type":"Feature","geometry":{"type":"Polygon","coordinates":[[[30.04571,-1.90663],[30.04551,-1.9066],[30.04544,-1.9068],[30.04565,-1.90683],[30.04569,-1.90669],[30.04571,-1.90663]]]},"properties":{"objectid":40634372,"parcel_num":1639,"village":"Nyagasozi","province":"Kigali City","district":"Gasabo","sector":"Gatsata","cell":"Karuruma","cell_code":"1020201","upi":"1/02/02/01/1639","change_id":"","start_date":"1800-01-01T00:00:00.000Z","end_date":"1899-11-30T00:00:00.000Z","status":"Actual","transactio":"","accuracy":"C","area_in_we":0,"x":505070.47853045,"y":4789186.7461,"village_co":"102020108","globalid":"{80BD005D-49CE-4335-9D87-4B38C8DBEDC3}","st_area_sh":548.340626135,"st_length_":94.3093805146}},
{"type":"Feature","geometry":{"type":"Polygon","coordinates":[[[30.04565,-1.90683],[30.04544,-1.9068],[30.04541,-1.90688],[30.04552,-1.90695],[30.04543,-1.90711],[30.04535,-1.90727],[30.04543,-1.90731],[30.04548,-1.90721],[30.04559,-1.90697],[30.04565,-1.90683]]]},"properties":{"objectid":40634374,"parcel_num":1640,"village":"Nyagasozi","province":"Kigali City","district":"Gasabo","sector":"Gatsata","cell":"Karuruma","cell_code":"1020201","upi":"1/02/02/01/1640","change_id":"BC","start_date":"1800-01-01T00:00:00.000Z","end_date":"1899-11-30T00:00:00.000Z","status":"Actual","transactio":"","accuracy":"C","area_in_we":0,"x":505061.3983,"y":4789146.87303751,"village_co":"102020108","globalid":"{66D192C2-E30B-4916-9FA6-9D34A4E80289}","st_area_sh":733.21161839,"st_length_":155.763796792}},
{"type":"Feature","geometry":{"type":"Polygon","coordinates":[[[30.04517,-1.90656],[30.04493,-1.90653],[30.04493,-1.90657],[30.04506,-1.90659],[30.04517,-1.90661],[30.04517,-1.90656]]]},"properties":{"objectid":40634375,"parcel_num":1644,"village":"Nyagasozi","province":"Kigali City","district":"Gasabo","sector":"Gatsata","cell":"Karuruma","cell_code":"1020201","upi":"1/02/02/01/1644","change_id":"BC","start_date":"2016-04-18T00:00:00.000Z","end_date":"1899-11-30T00:00:00.000Z","status":"Actual","transactio":"","accuracy":"C","area_in_we":0,"x":505012.85573402,"y":4789202.5175,"village_co":"102020108","globalid":"{28995A84-5B21-4C52-A580-54C0AE3BC7C1}","st_area_sh":133.0453916,"st_length_":63.9617847397}},
{"type":"Feature","geometry":{"type":"Polygon","coordinates":[[[30.046,-1.90564],[30.04569,-1.90563],[30.04567,-1.90575],[30.04604,-1.90578],[30.046,-1.90564]]]},"properties":{"objectid":40634376,"parcel_num":1647,"village":"Nyagasozi","province":"Kigali City","district":"Gasabo","sector":"Gatsata","cell":"Karuruma","cell_code":"1020201","upi":"1/02/02/01/1647","change_id":"","start_date":"1800-01-01T00:00:00.000Z","end_date":"1899-11-30T00:00:00.000Z","status":"Actual","transactio":"","accuracy":"C","area_in_we":0,"x":505100.31234843,"y":4789298.3548,"village_co":"102020108","globalid":"{EE1DE296-28AA-4D69-B123-98256B80A688}","st_area_sh":524.35089082,"st_length_":105.251052132}},
{"type":"Feature","geometry":{"type":"Polygon","coordinates":[[[30.046,-1.90564],[30.04584,-1.90526],[30.04557,-1.90536],[30.04557,-1.90562],[30.04569,-1.90563],[30.046,-1.90564]]]},"properties":{"objectid":40634377,"parcel_num":1648,"village":"Nyagasozi","province":"Kigali City","district":"Gasabo","sector":"Gatsata","cell":"Karuruma","cell_code":"1020201","upi":"1/02/02/01/1648","change_id":"","start_date":"1800-01-01T00:00:00.000Z","end_date":"1899-11-30T00:00:00.000Z","status":"Actual","transactio":"","accuracy":"C","area_in_we":0,"x":505089.27267989,"y":4789326.39695,"village_co":"102020108","globalid":"{A8277797-3A1F-41B2-98CB-F44625F7616C}","st_area_sh":1504.56678315,"st_length_":156.110889259}},
{"type":"Feature","geometry":{"type":"Polygon","coordinates":[[[30.04544,-1.90524],[30.04524,-1.90526],[30.04523,-1.90541],[30.04546,-1.90531],[30.04544,-1.90524]]]},"properties":{"objectid":40634379,"parcel_num":1650,"village":"Nyagasozi","province":"Kigali City","district":"Gasabo","sector":"Gatsata","cell":"Karuruma","cell_code":"1020201","upi":"1/02/02/01/1650","change_id":"","start_date":"1800-01-01T00:00:00.000Z","end_date":"1899-11-30T00:00:00.000Z","status":"Actual","transactio":"","accuracy":"C","area_in_we":0,"x":505045.00799223,"y":4789340.8576,"village_co":"102020108","globalid":"{869C3B20-0DCD-49F1-B297-DFE2953EEBA6}","st_area_sh":337.287679825,"st_length_":78.5196914146}},
{"type":"Feature","geometry":{"type":"Polygon","coordinates":[[[30.04523,-1.90526],[30.04504,-1.90527],[30.04504,-1.90529],[30.04503,-1.90544],[30.04523,-1.90541],[30.04524,-1.90526],[30.04523,-1.90526]]]},"properties":{"objectid":40634380,"parcel_num":1651,"village":"Nyagasozi","province":"Kigali City","district":"Gasabo","sector":"Gatsata","cell":"Karuruma","cell_code":"1020201","upi":"1/02/02/01/1651","change_id":"","start_date":"1800-01-01T00:00:00.000Z","end_date":"1899-11-30T00:00:00.000Z","status":"Actual","transactio":"","accuracy":"C","area_in_we":0,"x":505019.72985883,"y":4789337.57845,"village_co":"102020108","globalid":"{778BD5D6-B6E3-4FA5-BF79-450F9185769A}","st_area_sh":416.231180715,"st_length_":80.7416174509}},
{"type":"Feature","geometry":{"type":"Polygon","coordinates":[[[30.04504,-1.90519],[30.04507,-1.90508],[30.04498,-1.90509],[30.04491,-1.90509],[30.04491,-1.90518],[30.04504,-1.90519]]]},"properties":{"objectid":40634381,"parcel_num":1653,"village":"Nyagasozi","province":"Kigali City","district":"Gasabo","sector":"Gatsata","cell":"Karuruma","cell_code":"1020201","upi":"1/02/02/01/1653","change_id":"","start_date":"1800-01-01T00:00:00.000Z","end_date":"1899-11-30T00:00:00.000Z","status":"Actual","transactio":"","accuracy":"C","area_in_we":0,"x":505003.70915851,"y":4789361.31045,"village_co":"102020108","globalid":"{0DB84A82-FC99-4269-A877-04EE5A16A46D}","st_area_sh":170.013465835,"st_length_":55.5225617195}},
{"type":"Feature","geometry":{"type":"Polygon","coordinates":[[[30.04504,-1.90519],[30.04491,-1.90518],[30.04491,-1.9052],[30.04491,-1.90529],[30.04504,-1.90529],[30.04504,-1.90527],[30.04504,-1.90519]]]},"properties":{"objectid":40634382,"parcel_num":1654,"village":"Nyagasozi","province":"Kigali City","district":"Gasabo","sector":"Gatsata","cell":"Karuruma","cell_code":"1020201","upi":"1/02/02/01/1654","change_id":"","start_date":"1800-01-01T00:00:00.000Z","end_date":"1899-11-30T00:00:00.000Z","status":"Actual","transactio":"","accuracy":"C","area_in_we":0,"x":505003.46074228,"y":4789349.9952,"village_co":"102020108","globalid":"{C256B74F-D060-421B-88BB-5649C7441C47}","st_area_sh":166.640454885,"st_length_":51.907169538}},
{"type":"Feature","geometry":{"type":"Polygon","coordinates":[[[30.04491,-1.90518],[30.04491,-1.90509],[30.04472,-1.9051],[30.04473,-1.90523],[30.04491,-1.9052],[30.04491,-1.90518]]]},"properties":{"objectid":40634383,"parcel_num":1655,"village":"Nyagasozi","province":"Kigali City","district":"Gasabo","sector":"Gatsata","cell":"Karuruma","cell_code":"1020201","upi":"1/02/02/01/1655","change_id":"","start_date":"1800-01-01T00:00:00.000Z","end_date":"1899-11-30T00:00:00.000Z","status":"Actual","transactio":"","accuracy":"C","area_in_we":0,"x":504986.00051182,"y":4789358.7169,"village_co":"102020108","globalid":"{92BCFF5F-C271-429C-A0E7-8E82F238D953}","st_area_sh":264.869395555,"st_length_":66.6539543891}},
{"type":"Feature","geometry":{"type":"Polygon","coordinates":[[[30.04504,-1.90529],[30.04491,-1.90529],[30.04491,-1.9052],[30.04473,-1.90523],[30.04475,-1.9055],[30.04503,-1.90544],[30.04504,-1.90529]]]},"properties":{"objectid":40634384,"parcel_num":1656,"village":"Nyagasozi","province":"Kigali City","district":"Gasabo","sector":"Gatsata","cell":"Karuruma","cell_code":"1020201","upi":"1/02/02/01/1656","change_id":"","start_date":"1800-01-01T00:00:00.000Z","end_date":"1899-11-30T00:00:00.000Z","status":"Actual","transactio":"","accuracy":"C","area_in_we":0,"x":504992.49106894,"y":4789337.34075,"village_co":"102020108","globalid":"{E3494411-BEF4-4064-BCC1-2C60FA39FADA}","st_area_sh":781.55822148,"st_length_":124.894754049}},
{"type":"Feature","geometry":{"type":"Polygon","coordinates":[[[30.04477,-1.90581],[30.04473,-1.90554],[30.04452,-1.90565],[30.04473,-1.90579],[30.04477,-1.90581]]]},"properties":{"objectid":40634385,"parcel_num":1658,"village":"Nyagasozi","province":"Kigali City","district":"Gasabo","sector":"Gatsata","cell":"Karuruma","cell_code":"1020201","upi":"1/02/02/01/1658","change_id":"","start_date":"1800-01-01T00:00:00.000Z","end_date":"1899-11-30T00:00:00.000Z","status":"Actual","transactio":"","accuracy":"C","area_in_we":0,"x":504967.30986013,"y":4789301.30745,"village_co":"102020108","globalid":"{C8D7A536-F7BC-4E2E-B8DE-1A8901578C78}","st_area_sh":436.703568965,"st_length_":90.8114383653}},
{"type":"Feature","geometry":{"type":"Polygon","coordinates":[[[30.04477,-1.90581],[30.04473,-1.90579],[30.04455,-1.90587],[30.04455,-1.90597],[30.04471,-1.90601],[30.04477,-1.90581]]]},"properties":{"objectid":40634386,"parcel_num":1659,"village":"Nyagasozi","province":"Kigali City","district":"Gasabo","sector":"Gatsata","cell":"Karuruma","cell_code":"1020201","upi":"1/02/02/01/1659","change_id":"","start_date":"1800-01-01T00:00:00.000Z","end_date":"1899-11-30T00:00:00.000Z","status":"Actual","transactio":"","accuracy":"C","area_in_we":0,"x":504967.10583279,"y":4789276.72375,"village_co":"102020108","globalid":"{4BC05B36-E357-4B74-B37D-30F0F7CF80E0}","st_area_sh":393.668232215,"st_length_":79.8368674166}},
{"type":"Feature","geometry":{"type":"Polygon","coordinates":[[[30.04436,-1.90585],[30.04435,-1.90576],[30.04403,-1.90588],[30.04403,-1.90593],[30.04402,-1.90601],[30.04432,-1.90604],[30.04436,-1.90585]]]},"properties":{"objectid":40634388,"parcel_num":1664,"village":"Nyagasozi","province":"Kigali City","district":"Gasabo","sector":"Gatsata","cell":"Karuruma","cell_code":"1020201","upi":"1/02/02/01/1664","change_id":"","start_date":"1800-01-01T00:00:00.000Z","end_date":"1899-11-30T00:00:00.000Z","status":"Actual","transactio":"","accuracy":"C","area_in_we":0,"x":504916.50912767,"y":4789277.12755,"village_co":"102020108","globalid":"{192AAE49-AAEC-40DB-B788-AF1A6CC0CB6D}","st_area_sh":781.38667698,"st_length_":116.827859439}},
{"type":"Feature","geometry":{"type":"Polygon","coordinates":[[[30.04473,-1.90579],[30.04452,-1.90565],[30.04435,-1.90576],[30.04436,-1.90585],[30.04443,-1.90586],[30.04455,-1.90587],[30.04473,-1.90579]]]},"properties":{"objectid":40634389,"parcel_num":1665,"village":"Nyagasozi","province":"Kigali City","district":"Gasabo","sector":"Gatsata","cell":"Karuruma","cell_code":"1020201","upi":"1/02/02/01/1665","change_id":"","start_date":"1800-01-01T00:00:00.000Z","end_date":"1899-11-30T00:00:00.000Z","status":"Actual","transactio":"","accuracy":"C","area_in_we":0,"x":504951.15876711,"y":4789291.39815,"village_co":"102020108","globalid":"{D77E81A0-9B98-4199-AB73-33ACCEC692F4}","st_area_sh":595.36779219,"st_length_":105.722023573}},
{"type":"Feature","geometry":{"type":"Polygon","coordinates":[[[30.04385,-1.90588],[30.04382,-1.90555],[30.04374,-1.90555],[30.04367,-1.90555],[30.04367,-1.9058],[30.04367,-1.90587],[30.04385,-1.90588]]]},"properties":{"objectid":40634390,"parcel_num":1669,"village":"Nyagasozi","province":"Kigali City","district":"Gasabo","sector":"Gatsata","cell":"Karuruma","cell_code":"1020201","upi":"1/02/02/01/1669","change_id":"","start_date":"1800-01-01T00:00:00.000Z","end_date":"1899-11-30T00:00:00.000Z","status":"Actual","transactio":"","accuracy":"C","area_in_we":0,"x":504868.1465,"y":4789297.64963322,"village_co":"102020108","globalid":"{E15199C1-61B8-491B-9CF1-B87C823B9808}","st_area_sh":663.8156573,"st_length_":109.12477227}},
{"type":"Feature","geometry":{"type":"Polygon","coordinates":[[[30.04367,-1.9058],[30.04367,-1.90555],[30.04356,-1.90555],[30.04351,-1.90581],[30.04367,-1.9058]]]},"properties":{"objectid":40634392,"parcel_num":1670,"village":"Nyagasozi","province":"Kigali City","district":"Gasabo","sector":"Gatsata","cell":"Karuruma","cell_code":"1020201","upi":"1/02/02/01/1670","change_id":"BC","start_date":"2021-11-16T00:00:00.000Z","end_date":"1899-11-30T00:00:00.000Z","status":"Actual","transactio":"","accuracy":"C","area_in_we":0,"x":504850.61155333,"y":4789300.70252926,"village_co":"102020108","globalid":"{573FAFAA-EE8B-448C-AF3C-A67CFB3092C5}","st_area_sh":428.352136405,"st_length_":87.751075742}},
{"type":"Feature","geometry":{"type":"Polygon","coordinates":[[[30.04403,-1.90593],[30.04403,-1.90588],[30.04392,-1.9059],[30.04393,-1.90594],[30.04403,-1.90593]]]},"properties":{"objectid":40634393,"parcel_num":1672,"village":"Nyagasozi","province":"Kigali City","district":"Gasabo","sector":"Gatsata","cell":"Karuruma","cell_code":"1020201","upi":"1/02/02/01/1672","change_id":"","start_date":"1800-01-01T00:00:00.000Z","end_date":"1899-11-30T00:00:00.000Z","status":"Actual","transactio":"","accuracy":"C","area_in_we":0,"x":504892.30232344,"y":4789275.81325,"village_co":"102020108","globalid":"{EB3010DB-F603-4C72-B298-62C0014A8759}","st_area_sh":68.85461822,"st_length_":35.7445332925}},
{"type":"Feature","geometry":{"type":"Polygon","coordinates":[[[30.04382,-1.90592],[30.04357,-1.9059],[30.04355,-1.906],[30.0438,-1.90606],[30.04382,-1.90592]]]},"properties":{"objectid":40634394,"parcel_num":1673,"village":"Nyagasozi","province":"Kigali City","district":"Gasabo","sector":"Gatsata","cell":"Karuruma","cell_code":"1020201","upi":"1/02/02/01/1673","change_id":"","start_date":"1800-01-01T00:00:00.000Z","end_date":"1899-11-30T00:00:00.000Z","status":"Actual","transactio":"","accuracy":"C","area_in_we":0,"x":504859.41531099,"y":4789267.86475,"village_co":"102020108","globalid":"{3BCDA271-12EE-415B-A07C-B35A00CD442B}","st_area_sh":381.819046035,"st_length_":84.5342762376}},
{"type":"Feature","geometry":{"type":"Polygon","coordinates":[[[30.04357,-1.9059],[30.0435,-1.90589],[30.04342,-1.90604],[30.04349,-1.90622],[30.04351,-1.90614],[30.04355,-1.906],[30.04357,-1.9059]]]},"properties":{"objectid":40634395,"parcel_num":1674,"village":"Nyagasozi","province":"Kigali City","district":"Gasabo","sector":"Gatsata","cell":"Karuruma","cell_code":"1020201","upi":"1/02/02/01/1674","change_id":"","start_date":"1800-01-01T00:00:00.000Z","end_date":"1899-11-30T00:00:00.000Z","status":"Actual","transactio":"","accuracy":"C","area_in_we":0,"x":504838.86095,"y":4789260.08314174,"village_co":"102020108","globalid":"{F51F8940-9EDB-4B39-9C72-9E81EDE16A76}","st_area_sh":299.739240835,"st_length_":85.3353099299}},
{"type":"Feature","geometry":{"type":"Polygon","coordinates":[[[30.0438,-1.90606],[30.04355,-1.906],[30.04351,-1.90614],[30.04381,-1.90625],[30.04384,-1.90615],[30.0438,-1.90606]]]},"properties":{"objectid":40634396,"parcel_num":1675,"village":"Nyagasozi","province":"Kigali City","district":"Gasabo","sector":"Gatsata","cell":"Karuruma","cell_code":"1020201","upi":"1/02/02/01/1675","change_id":"","start_date":"1800-01-01T00:00:00.000Z","end_date":"1899-11-30T00:00:00.000Z","status":"Actual","transactio":"","accuracy":"C","area_in_we":0,"x":504856.86753452,"y":4789251.95435,"village_co":"102020108","globalid":"{5D64E466-463B-4D0B-BF50-185524A0F823}","st_area_sh":595.723881515,"st_length_":105.196500434}},
{"type":"Feature","geometry":{"type":"Polygon","coordinates":[[[30.04381,-1.90625],[30.04351,-1.90614],[30.04349,-1.90622],[30.04372,-1.90647],[30.04381,-1.90625]]]},"properties":{"objectid":40634397,"parcel_num":1676,"village":"Nyagasozi","province":"Kigali City","district":"Gasabo","sector":"Gatsata","cell":"Karuruma","cell_code":"1020201","upi":"1/02/02/01/1676","change_id":"","start_date":"1800-01-01T00:00:00.000Z","end_date":"1899-11-30T00:00:00.000Z","status":"Actual","transactio":"","accuracy":"C","area_in_we":0,"x":504857.7630336,"y":4789232.25165,"village_co":"102020108","globalid":"{D4EAA627-35E2-4BBB-85E0-3106CAABB2DD}","st_area_sh":652.547076635,"st_length_":107.71290348}},
{"type":"Feature","geometry":{"type":"Polygon","coordinates":[[[30.04328,-1.90605],[30.04324,-1.90599],[30.04305,-1.90597],[30.04306,-1.90609],[30.04328,-1.90605]]]},"properties":{"objectid":40634398,"parcel_num":1677,"village":"Nyagasozi","province":"Kigali City","district":"Gasabo","sector":"Gatsata","cell":"Karuruma","cell_code":"1020201","upi":"1/02/02/01/1677","change_id":"","start_date":"1800-01-01T00:00:00.000Z","end_date":"1899-11-30T00:00:00.000Z","status":"Actual","transactio":"","accuracy":"C","area_in_we":0,"x":504801.43181599,"y":4789262.5291,"village_co":"102020108","globalid":"{8A502735-6275-4D7C-AB7F-947EFBA4B507}","st_area_sh":245.894814985,"st_length_":66.9934955741}},
{"type":"Feature","geometry":{"type":"Polygon","coordinates":[[[30.04329,-1.90585],[30.04309,-1.90582],[30.04305,-1.90597],[30.04324,-1.90599],[30.04328,-1.90605],[30.04339,-1.90602],[30.04345,-1.90588],[30.04329,-1.90585]]]},"properties":{"objectid":40634399,"parcel_num":1678,"village":"Nyagasozi","province":"Kigali City","district":"Gasabo","sector":"Gatsata","cell":"Karuruma","cell_code":"1020201","upi":"1/02/02/01/1678","change_id":"","start_date":"1800-01-01T00:00:00.000Z","end_date":"1899-11-30T00:00:00.000Z","status":"Actual","transactio":"","accuracy":"C","area_in_we":0,"x":504810.88174638,"y":4789272.9157,"village_co":"102020108","globalid":"{D0902373-4FE7-42D8-B092-7B5ED7809B4B}","st_area_sh":677.829615355,"st_length_":117.68433728}},
{"type":"Feature","geometry":{"type":"Polygon","coordinates":[[[30.04349,-1.90561],[30.04326,-1.90562],[30.04329,-1.90585],[30.04345,-1.90588],[30.04349,-1.90561]]]},"properties":{"objectid":40634400,"parcel_num":1679,"village":"Nyagasozi","province":"Kigali City","district":"Gasabo","sector":"Gatsata","cell":"Karuruma","cell_code":"1020201","upi":"1/02/02/01/1679","change_id":"","start_date":"1800-01-01T00:00:00.000Z","end_date":"1899-11-30T00:00:00.000Z","status":"Actual","transactio":"","accuracy":"C","area_in_we":0,"x":504826.51505,"y":4789295.37372125,"village_co":"102020108","globalid":"{39D525E6-69AB-4DBA-AF38-2C820BAE60F5}","st_area_sh":653.54188329,"st_length_":100.312411658}},
{"type":"Feature","geometry":{"type":"Polygon","coordinates":[[[30.04336,-1.90506],[30.04335,-1.90489],[30.04303,-1.90489],[30.04274,-1.90542],[30.04259,-1.90561],[30.04253,-1.9058],[30.04306,-1.90609],[30.04305,-1.90597],[30.04309,-1.90582],[30.04329,-1.90585],[30.04326,-1.90562],[30.04349,-1.90561],[30.0435,-1.90521],[30.04332,-1.90518],[30.04323,-1.90518],[30.04324,-1.90505],[30.04333,-1.90505],[30.04336,-1.90506]]]},"properties":{"objectid":40634402,"parcel_num":1680,"village":"Nyagasozi","province":"Kigali City","district":"Gasabo","sector":"Gatsata","cell":"Karuruma","cell_code":"1020201","upi":"1/02/02/01/1680","change_id":"BC","start_date":"2016-03-20T00:00:00.000Z","end_date":"1899-11-30T00:00:00.000Z","status":"Actual","transactio":"","accuracy":"C","area_in_we":0,"x":504786.5585,"y":4789322.15473091,"village_co":"102020108","globalid":"{3D755570-B73D-4DD4-885D-5D372CF4B2A0}","st_area_sh":7924.65998874,"st_length_":446.875255301}},
{"type":"Feature","geometry":{"type":"Polygon","coordinates":[[[30.04253,-1.9058],[30.04259,-1.90561],[30.04235,-1.90574],[30.04253,-1.9058]]]},"properties":{"objectid":40634403,"parcel_num":1681,"village":"Nyagasozi","province":"Kigali City","district":"Gasabo","sector":"Gatsata","cell":"Karuruma","cell_code":"1020201","upi":"1/02/02/01/1681","change_id":"","start_date":"1800-01-01T00:00:00.000Z","end_date":"1899-11-30T00:00:00.000Z","status":"Actual","transactio":"","accuracy":"C","area_in_we":0,"x":504728.49368298,"y":4789298.0023,"village_co":"102020108","globalid":"{5040AD49-4FDB-4A08-9B13-9A3ECC3AB145}","st_area_sh":215.350246165,"st_length_":77.6051309898}},
{"type":"Feature","geometry":{"type":"Polygon","coordinates":[[[30.04241,-1.9058],[30.04227,-1.90576],[30.04233,-1.90591],[30.04241,-1.9058]]]},"properties":{"objectid":40634404,"parcel_num":1683,"village":"Nyagasozi","province":"Kigali City","district":"Gasabo","sector":"Gatsata","cell":"Karuruma","cell_code":"1020201","upi":"1/02/02/01/1683","change_id":"","start_date":"1800-01-01T00:00:00.000Z","end_date":"1899-11-30T00:00:00.000Z","status":"Actual","transactio":"","accuracy":"C","area_in_we":0,"x":504710.58915,"y":4789284.14754041,"village_co":"102020108","globalid":"{EA7F02D2-F2E2-4946-B37C-CB72CE562119}","st_area_sh":132.470828945,"st_length_":50.3702958779}},
{"type":"Feature","geometry":{"type":"Polygon","coordinates":[[[30.03586,-1.90985],[30.03583,-1.90981],[30.03551,-1.90982],[30.03513,-1.90994],[30.03521,-1.91017],[30.0356,-1.91009],[30.03587,-1.91009],[30.03588,-1.90999],[30.03586,-1.90985]]]},"properties":{"objectid":40634405,"parcel_num":1684,"village":"Nyagasozi","province":"Kigali City","district":"Gasabo","sector":"Gatsata","cell":"Karuruma","cell_code":"1020201","upi":"1/02/02/01/1684","change_id":"","start_date":"1800-01-01T00:00:00.000Z","end_date":"1899-11-30T00:00:00.000Z","status":"Actual","transactio":"","accuracy":"C","area_in_we":0,"x":503950.51964492,"y":4788824.6454,"village_co":"102020108","globalid":"{CAD54E0E-056D-4CCE-B264-83198EFA0711}","st_area_sh":2339.26016502,"st_length_":214.925602632}},
{"type":"Feature","geometry":{"type":"Polygon","coordinates":[[[30.03541,-1.9096],[30.03536,-1.90945],[30.03508,-1.90949],[30.03514,-1.90956],[30.0351,-1.90989],[30.03513,-1.90994],[30.03551,-1.90982],[30.03541,-1.9096]]]},"properties":{"objectid":40634406,"parcel_num":1685,"village":"Nyagasozi","province":"Kigali City","district":"Gasabo","sector":"Gatsata","cell":"Karuruma","cell_code":"1020201","upi":"1/02/02/01/1685","change_id":"","start_date":"1800-01-01T00:00:00.000Z","end_date":"1899-11-30T00:00:00.000Z","status":"Actual","transactio":"","accuracy":"C","area_in_we":0,"x":503926.5542,"y":4788859.78670397,"village_co":"102020108","globalid":"{DF157ECF-4D26-4372-8D52-0AF08F20C640}","st_area_sh":1675.31592348,"st_length_":176.765900268}},
{"type":"Feature","geometry":{"type":"Polygon","coordinates":[[[30.03562,-1.90938],[30.03556,-1.90938],[30.03547,-1.90939],[30.03536,-1.90945],[30.03541,-1.9096],[30.0357,-1.90952],[30.03562,-1.90938]]]},"properties":{"objectid":40634407,"parcel_num":1686,"village":"Nyagasozi","province":"Kigali City","district":"Gasabo","sector":"Gatsata","cell":"Karuruma","cell_code":"1020201","upi":"1/02/02/01/1686","change_id":"","start_date":"1800-01-01T00:00:00.000Z","end_date":"1899-11-30T00:00:00.000Z","status":"Actual","transactio":"","accuracy":"C","area_in_we":0,"x":503952.39210227,"y":4788880.08785,"village_co":"102020108","globalid":"{02DE4D6D-739F-49F4-B1BA-C23CB8011063}","st_area_sh":574.638544515,"st_length_":98.5157165148}},
{"type":"Feature","geometry":{"type":"Polygon","coordinates":[[[30.03585,-1.9098],[30.03575,-1.9095],[30.0357,-1.90952],[30.03541,-1.9096],[30.03551,-1.90982],[30.03583,-1.90981],[30.03585,-1.9098]]]},"properties":{"objectid":40634408,"parcel_num":1687,"village":"Nyagasozi","province":"Kigali City","district":"Gasabo","sector":"Gatsata","cell":"Karuruma","cell_code":"1020201","upi":"1/02/02/01/1687","change_id":"","start_date":"1800-01-01T00:00:00.000Z","end_date":"1899-11-30T00:00:00.000Z","status":"Actual","transactio":"","accuracy":"C","area_in_we":0,"x":503962.63657197,"y":4788860.74995,"village_co":"102020108","globalid":"{726E88F8-EC62-4D9B-8A6A-B000285B8759}","st_area_sh":1172.86991377,"st_length_":138.401517822}},
{"type":"Feature","geometry":{"type":"Polygon","coordinates":[[[30.03631,-1.90999],[30.03611,-1.90996],[30.03613,-1.91012],[30.03637,-1.91018],[30.03644,-1.91009],[30.03648,-1.91005],[30.03631,-1.90999]]]},"properties":{"objectid":40634409,"parcel_num":1689,"village":"Nyagasozi","province":"Kigali City","district":"Gasabo","sector":"Gatsata","cell":"Karuruma","cell_code":"1020201","upi":"1/02/02/01/1689","change_id":"","start_date":"1800-01-01T00:00:00.000Z","end_date":"1899-11-30T00:00:00.000Z","status":"Actual","transactio":"","accuracy":"C","area_in_we":0,"x":504037.49046643,"y":4788815.5885,"village_co":"102020108","globalid":"{DD1F8ADA-9043-4222-961C-2AE55893C697}","st_area_sh":623.57333924,"st_length_":106.74180931}},
{"type":"Feature","geometry":{"type":"Polygon","coordinates":[[[30.03632,-1.90982],[30.03608,-1.90983],[30.03611,-1.90996],[30.03631,-1.90999],[30.03632,-1.90982]]]},"properties":{"objectid":40634411,"parcel_num":1690,"village":"Nyagasozi","province":"Kigali City","district":"Gasabo","sector":"Gatsata","cell":"Karuruma","cell_code":"1020201","upi":"1/02/02/01/1690","change_id":"BC","start_date":"2024-04-01T00:00:00.000Z","end_date":"1899-11-30T00:00:00.000Z","status":"Actual","transactio":"","accuracy":"C","area_in_we":0,"x":504027.89809997,"y":4788835.1340139,"village_co":"102020108","globalid":"{82A9B21B-4684-410E-9E95-1258FBD0F633}","st_area_sh":433.560536075,"st_length_":85.4680634378}},
{"type":"Feature","geometry":{"type":"Polygon","coordinates":[[[30.03637,-1.90929],[30.03637,-1.90926],[30.03618,-1.90929],[30.03612,-1.90935],[30.03611,-1.90936],[30.03616,-1.90956],[30.03619,-1.90955],[30.03637,-1.9095],[30.03642,-1.90949],[30.03637,-1.90929]]]},"properties":{"objectid":40634414,"parcel_num":1695,"village":"Nyagasozi","province":"Kigali City","district":"Gasabo","sector":"Gatsata","cell":"Karuruma","cell_code":"1020201","upi":"1/02/02/01/1695","change_id":"BC","start_date":"2025-06-06T00:00:00.000Z","end_date":"1899-11-30T00:00:00.000Z","status":"Actual","transactio":"","accuracy":"C","area_in_we":0,"x":504034.13834246,"y":4788889.04661069,"village_co":"102020108","globalid":"{F9568053-9ED7-44CF-A4A5-01DCF4C7A975}","st_area_sh":803.769764455,"st_length_":111.996663505}},
{"type":"Feature","geometry":{"type":"Polygon","coordinates":[[[30.03666,-1.91195],[30.03659,-1.9117],[30.03643,-1.91171],[30.03643,-1.91189],[30.03666,-1.91195]]]},"properties":{"objectid":40634415,"parcel_num":1696,"village":"Nyagasozi","province":"Kigali City","district":"Gasabo","sector":"Gatsata","cell":"Karuruma","cell_code":"1020201","upi":"1/02/02/01/1696","change_id":"","start_date":"1800-01-01T00:00:00.000Z","end_date":"1899-11-30T00:00:00.000Z","status":"Actual","transactio":"","accuracy":"C","area_in_we":0,"x":504065.13525,"y":4788622.79244443,"village_co":"102020108","globalid":"{22A97912-40C8-4C71-A6A9-1A873EF02233}","st_area_sh":519.422276925,"st_length_":94.0910383714}},
{"type":"Feature","geometry":{"type":"Polygon","coordinates":[[[30.03568,-1.90918],[30.03555,-1.90916],[30.03556,-1.90938],[30.03562,-1.90938],[30.03592,-1.90945],[30.03591,-1.90919],[30.03582,-1.90919],[30.03568,-1.90918]]]},"properties":{"objectid":40634416,"parcel_num":1698,"village":"Nyagasozi","province":"Kigali City","district":"Gasabo","sector":"Gatsata","cell":"Karuruma","cell_code":"1020201","upi":"1/02/02/01/1698","change_id":"","start_date":"1800-01-01T00:00:00.000Z","end_date":"1899-11-30T00:00:00.000Z","status":"Actual","transactio":"","accuracy":"C","area_in_we":0,"x":503975.41314908,"y":4788899.9888,"village_co":"102020108","globalid":"{B3B4BD91-61DC-482D-A62F-78B6377F864E}","st_area_sh":1038.11697415,"st_length_":133.428202639}},
{"type":"Feature","geometry":{"type":"Polygon","coordinates":[[[30.03555,-1.90916],[30.03557,-1.90898],[30.03548,-1.90911],[30.03534,-1.90916],[30.03547,-1.90939],[30.03556,-1.90938],[30.03555,-1.90916]]]},"properties":{"objectid":40634417,"parcel_num":1699,"village":"Nyagasozi","province":"Kigali City","district":"Gasabo","sector":"Gatsata","cell":"Karuruma","cell_code":"1020201","upi":"1/02/02/01/1699","change_id":"","start_date":"1800-01-01T00:00:00.000Z","end_date":"1899-11-30T00:00:00.000Z","status":"Actual","transactio":"","accuracy":"C","area_in_we":0,"x":503944.41661552,"y":4788913.6862,"village_co":"102020108","globalid":"{AE4E7505-942E-4DBC-87C3-FF49D449DE8F}","st_area_sh":509.97616251,"st_length_":119.660742981}},
{"type":"Feature","geometry":{"type":"Polygon","coordinates":[[[30.03637,-1.90894],[30.03615,-1.90889],[30.03607,-1.909],[30.03607,-1.90901],[30.03606,-1.90908],[30.03609,-1.90908],[30.03615,-1.90908],[30.03638,-1.90905],[30.03637,-1.90894]]]},"properties":{"objectid":40634420,"parcel_num":1701,"village":"Nyagasozi","province":"Kigali City","district":"Gasabo","sector":"Gatsata","cell":"Karuruma","cell_code":"1020201","upi":"1/02/02/01/1701","change_id":"","start_date":"1800-01-01T00:00:00.000Z","end_date":"1899-11-30T00:00:00.000Z","status":"Actual","transactio":"","accuracy":"C","area_in_we":0,"x":504030.2536203,"y":4788935.5902,"village_co":"102020108","globalid":"{4D8D33D7-E3F3-4764-86D3-9439E0DCD1C3}","st_area_sh":549.16058115,"st_length_":96.9619739475}},
{"type":"Feature","geometry":{"type":"Polygon","coordinates":[[[30.03654,-1.90872],[30.03643,-1.90869],[30.0364,-1.90874],[30.03637,-1.9089],[30.03664,-1.90893],[30.03664,-1.90873],[30.03654,-1.90872]]]},"properties":{"objectid":40634421,"parcel_num":1702,"village":"Nyagasozi","province":"Kigali City","district":"Gasabo","sector":"Gatsata","cell":"Karuruma","cell_code":"1020201","upi":"1/02/02/01/1702","change_id":"","start_date":"1800-01-01T00:00:00.000Z","end_date":"1899-11-30T00:00:00.000Z","status":"Actual","transactio":"","accuracy":"C","area_in_we":0,"x":504061.92343368,"y":4788954.8915,"village_co":"102020108","globalid":"{43307D9A-0CCF-4D21-953E-2A0D2393522E}","st_area_sh":638.842108395,"st_length_":102.835957849}},
{"type":"Feature","geometry":{"type":"Polygon","coordinates":[[[30.03664,-1.90893],[30.03637,-1.9089],[30.03637,-1.90894],[30.03638,-1.90905],[30.03639,-1.90913],[30.03646,-1.90912],[30.03649,-1.90917],[30.0365,-1.9092],[30.03663,-1.90908],[30.03664,-1.90907],[30.03664,-1.90893]]]},"properties":{"objectid":40634422,"parcel_num":1703,"village":"Nyagasozi","province":"Kigali City","district":"Gasabo","sector":"Gatsata","cell":"Karuruma","cell_code":"1020201","upi":"1/02/02/01/1703","change_id":"","start_date":"1800-01-01T00:00:00.000Z","end_date":"1899-11-30T00:00:00.000Z","status":"Actual","transactio":"","accuracy":"C","area_in_we":0,"x":504061.0226,"y":4788927.50705322,"village_co":"102020108","globalid":"{007BF03B-5811-4EEC-A4E7-B4D65FD04216}","st_area_sh":690.30809464,"st_length_":109.700315154}},
{"type":"Feature","geometry":{"type":"Polygon","coordinates":[[[30.03702,-1.90906],[30.03695,-1.90896],[30.03687,-1.90898],[30.03688,-1.90903],[30.03664,-1.90907],[30.03663,-1.90908],[30.03664,-1.90923],[30.03668,-1.90943],[30.03674,-1.90968],[30.03675,-1.90971],[30.03691,-1.90965],[30.03707,-1.9096],[30.03718,-1.90958],[30.03721,-1.90958],[30.03718,-1.90944],[30.03714,-1.90931],[30.03707,-1.90921],[30.03706,-1.90918],[30.03702,-1.90906]]]},"properties":{"objectid":40634423,"parcel_num":1704,"village":"Nyagasozi","province":"Kigali City","district":"Gasabo","sector":"Gatsata","cell":"Karuruma","cell_code":"1020201","upi":"1/02/02/01/1704","change_id":"","start_date":"1800-01-01T00:00:00.000Z","end_date":"1899-11-30T00:00:00.000Z","status":"Actual","transactio":"","accuracy":"C","area_in_we":0,"x":504107.65165,"y":4788900.15647599,"village_co":"102020108","globalid":"{49DB6319-947B-43CA-9D96-2AA717727C3E}","st_area_sh":3421.98481158,"st_length_":242.727841393}},
{"type":"Feature","geometry":{"type":"Polygon","coordinates":[[[30.03845,-1.91082],[30.03842,-1.91081],[30.03837,-1.911],[30.03842,-1.91102],[30.03844,-1.91096],[30.0385,-1.91098],[30.03853,-1.91085],[30.03845,-1.91082]]]},"properties":{"objectid":40634424,"parcel_num":1708,"village":"Nyagasozi","province":"Kigali City","district":"Gasabo","sector":"Gatsata","cell":"Karuruma","cell_code":"1020201","upi":"1/02/02/01/1708","change_id":"","start_date":"1800-01-01T00:00:00.000Z","end_date":"1899-11-30T00:00:00.000Z","status":"Actual","transactio":"","accuracy":"C","area_in_we":0,"x":504277.05825,"y":4788724.93614349,"village_co":"102020108","globalid":"{49CE7BDA-2E92-4E70-A12D-E234ACD8C8E0}","st_area_sh":256.46843392,"st_length_":71.843051884}},
{"type":"Feature","geometry":{"type":"Polygon","coordinates":[[[30.03637,-1.91018],[30.03613,-1.91012],[30.03611,-1.91024],[30.03632,-1.91029],[30.03637,-1.91018]]]},"properties":{"objectid":40634425,"parcel_num":1709,"village":"Nyagasozi","province":"Kigali City","district":"Gasabo","sector":"Gatsata","cell":"Karuruma","cell_code":"1020201","upi":"1/02/02/01/1709","change_id":"","start_date":"1800-01-01T00:00:00.000Z","end_date":"1899-11-30T00:00:00.000Z","status":"Actual","transactio":"","accuracy":"C","area_in_we":0,"x":504031.6291746,"y":4788800.84205,"village_co":"102020108","globalid":"{5CA2A86F-A6E5-40BA-A177-C78AB4E896A6}","st_area_sh":343.33369523,"st_length_":78.5141813829}},
{"type":"Feature","geometry":{"type":"Polygon","coordinates":[[[30.03632,-1.91029],[30.03611,-1.91024],[30.03594,-1.91057],[30.03594,-1.91066],[30.03618,-1.91044],[30.03628,-1.9106],[30.03637,-1.91056],[30.03642,-1.91062],[30.03656,-1.9106],[30.0364,-1.91034],[30.03636,-1.91031],[30.03632,-1.91029]]]},"properties":{"objectid":40634427,"parcel_num":1710,"village":"Nyagasozi","province":"Kigali City","district":"Gasabo","sector":"Gatsata","cell":"Karuruma","cell_code":"1020201","upi":"1/02/02/01/1710","change_id":"","start_date":"1800-01-01T00:00:00.000Z","end_date":"1899-11-30T00:00:00.000Z","status":"Actual","transactio":"","accuracy":"C","area_in_we":0,"x":504041.42190793,"y":4788773.43535,"village_co":"102020108","globalid":"{85D46E94-F236-4E8E-914F-2DFC29D459AE}","st_area_sh":1476.39650916,"st_length_":214.939410881}},
{"type":"Feature","geometry":{"type":"Polygon","coordinates":[[[30.03628,-1.9106],[30.03618,-1.91044],[30.03594,-1.91066],[30.03628,-1.9106]]]},"properties":{"objectid":40634428,"parcel_num":1711,"village":"Nyagasozi","province":"Kigali City","district":"Gasabo","sector":"Gatsata","cell":"Karuruma","cell_code":"1020201","upi":"1/02/02/01/1711","change_id":"","start_date":"1800-01-01T00:00:00.000Z","end_date":"1899-11-30T00:00:00.000Z","status":"Actual","transactio":"","accuracy":"C","area_in_we":0,"x":504020.4596576,"y":4788762.69875,"village_co":"102020108","globalid":"{F8BCF8AA-EC43-405E-8342-FC048A3875D9}","st_area_sh":384.198478225,"st_length_":96.3204870174}},
{"type":"Feature","geometry":{"type":"Polygon","coordinates":[[[30.03645,-1.91019],[30.03637,-1.91018],[30.03632,-1.91029],[30.03636,-1.91031],[30.03645,-1.91019]]]},"properties":{"objectid":40634429,"parcel_num":1712,"village":"Nyagasozi","province":"Kigali City","district":"Gasabo","sector":"Gatsata","cell":"Karuruma","cell_code":"1020201","upi":"1/02/02/01/1712","change_id":"","start_date":"1800-01-01T00:00:00.000Z","end_date":"1899-11-30T00:00:00.000Z","status":"Actual","transactio":"","accuracy":"C","area_in_we":0,"x":504047.71945,"y":4788797.86283528,"village_co":"102020108","globalid":"{8F6C00EF-5F23-43BE-B76B-5EDAD9478BF3}","st_area_sh":104.40345925,"st_length_":44.8716628312}},
{"type":"Feature","geometry":{"type":"Polygon","coordinates":[[[30.03659,-1.91021],[30.03645,-1.91019],[30.03636,-1.91031],[30.0364,-1.91034],[30.03659,-1.91021]]]},"properties":{"objectid":40634430,"parcel_num":1713,"village":"Nyagasozi","province":"Kigali City","district":"Gasabo","sector":"Gatsata","cell":"Karuruma","cell_code":"1020201","upi":"1/02/02/01/1713","change_id":"","start_date":"1800-01-01T00:00:00.000Z","end_date":"1899-11-30T00:00:00.000Z","status":"Actual","transactio":"","accuracy":"C","area_in_we":0,"x":504055.59135309,"y":4788794.29195,"village_co":"102020108","globalid":"{E7885A38-1113-4140-A454-8F882E67BCE4}","st_area_sh":176.01355853,"st_length_":63.0283006699}},
{"type":"Feature","geometry":{"type":"Polygon","coordinates":[[[30.03721,-1.91007],[30.0371,-1.90992],[30.03697,-1.91008],[30.03694,-1.91019],[30.03689,-1.91012],[30.03668,-1.91026],[30.03663,-1.91019],[30.03661,-1.9102],[30.03659,-1.91021],[30.0364,-1.91034],[30.03656,-1.9106],[30.03661,-1.91058],[30.03666,-1.91057],[30.03677,-1.91039],[30.03685,-1.91037],[30.0369,-1.91044],[30.03707,-1.91035],[30.03712,-1.91025],[30.03728,-1.91016],[30.03721,-1.91007]]]},"properties":{"objectid":40634431,"parcel_num":1714,"village":"Nyagasozi","province":"Kigali City","district":"Gasabo","sector":"Gatsata","cell":"Karuruma","cell_code":"1020201","upi":"1/02/02/01/1714","change_id":"","start_date":"1800-01-01T00:00:00.000Z","end_date":"1899-11-30T00:00:00.000Z","status":"Actual","transactio":"","accuracy":"C","area_in_we":0,"x":504095.85059249,"y":4788794.69765,"village_co":"102020108","globalid":"{6195BFFD-D028-4536-A212-76D9A3D65E96}","st_area_sh":2710.66367862,"st_length_":287.875991255}},
{"type":"Feature","geometry":{"type":"Polygon","coordinates":[[[30.0369,-1.91044],[30.03685,-1.91037],[30.03677,-1.91039],[30.03666,-1.91057],[30.03696,-1.91058],[30.0369,-1.91044]]]},"properties":{"objectid":40634432,"parcel_num":1715,"village":"Nyagasozi","province":"Kigali City","district":"Gasabo","sector":"Gatsata","cell":"Karuruma","cell_code":"1020201","upi":"1/02/02/01/1715","change_id":"","start_date":"1800-01-01T00:00:00.000Z","end_date":"1899-11-30T00:00:00.000Z","status":"Actual","transactio":"","accuracy":"C","area_in_we":0,"x":504094.9911,"y":4788770.55510351,"village_co":"102020108","globalid":"{20336B0E-E665-46A3-862D-F12E9A7512C9}","st_area_sh":495.203273685,"st_length_":94.4269841859}},
{"type":"Feature","geometry":{"type":"Polygon","coordinates":[[[30.03717,-1.91053],[30.03707,-1.91035],[30.0369,-1.91044],[30.03696,-1.91058],[30.03711,-1.91055],[30.03717,-1.91053]]]},"properties":{"objectid":40634433,"parcel_num":1716,"village":"Nyagasozi","province":"Kigali City","district":"Gasabo","sector":"Gatsata","cell":"Karuruma","cell_code":"1020201","upi":"1/02/02/01/1716","change_id":"","start_date":"1800-01-01T00:00:00.000Z","end_date":"1899-11-30T00:00:00.000Z","status":"Actual","transactio":"","accuracy":"C","area_in_we":0,"x":504118.92250261,"y":4788771.9957,"village_co":"102020108","globalid":"{34F0092C-4905-4106-A391-777110F69A6F}","st_area_sh":440.92197479,"st_length_":84.9649168179}},
{"type":"Feature","geometry":{"type":"Polygon","coordinates":[[[30.0375,-1.9104],[30.03738,-1.91013],[30.03728,-1.91016],[30.03712,-1.91025],[30.03707,-1.91035],[30.03717,-1.91053],[30.03734,-1.91046],[30.03743,-1.91042],[30.0375,-1.9104]]]},"properties":{"objectid":40634434,"parcel_num":1717,"village":"Nyagasozi","province":"Kigali City","district":"Gasabo","sector":"Gatsata","cell":"Karuruma","cell_code":"1020201","upi":"1/02/02/01/1717","change_id":"","start_date":"1800-01-01T00:00:00.000Z","end_date":"1899-11-30T00:00:00.000Z","status":"Actual","transactio":"","accuracy":"C","area_in_we":0,"x":504147.4432369,"y":4788786.97105,"village_co":"102020108","globalid":"{B439D3F7-AB26-4368-B21F-BEF849926CAE}","st_area_sh":1267.41449749,"st_length_":142.520153575}},
{"type":"Feature","geometry":{"type":"Polygon","coordinates":[[[30.03745,-1.91013],[30.03736,-1.90996],[30.03732,-1.90998],[30.03721,-1.91007],[30.03728,-1.91016],[30.03738,-1.91013],[30.03745,-1.91013]]]},"properties":{"objectid":40634435,"parcel_num":1718,"village":"Nyagasozi","province":"Kigali City","district":"Gasabo","sector":"Gatsata","cell":"Karuruma","cell_code":"1020201","upi":"1/02/02/01/1718","change_id":"","start_date":"1800-01-01T00:00:00.000Z","end_date":"1899-11-30T00:00:00.000Z","status":"Actual","transactio":"","accuracy":"C","area_in_we":0,"x":504151.14250096,"y":4788816.4079,"village_co":"102020108","globalid":"{0A204EDD-7B48-41D2-8698-45BA4CA95EB0}","st_area_sh":316.088276075,"st_length_":74.2771491703}},
{"type":"Feature","geometry":{"type":"Polygon","coordinates":[[[30.03732,-1.90998],[30.03721,-1.90983],[30.0371,-1.90992],[30.03721,-1.91007],[30.03732,-1.90998]]]},"properties":{"objectid":40634436,"parcel_num":1719,"village":"Nyagasozi","province":"Kigali City","district":"Gasabo","sector":"Gatsata","cell":"Karuruma","cell_code":"1020201","upi":"1/02/02/01/1719","change_id":"","start_date":"1800-01-01T00:00:00.000Z","end_date":"1899-11-30T00:00:00.000Z","status":"Actual","transactio":"","accuracy":"C","area_in_we":0,"x":504139.2012,"y":4788829.16923353,"village_co":"102020108","globalid":"{13C9E84B-4257-4F61-B68B-4C586B90691A}","st_area_sh":328.07840729,"st_length_":73.4754118475}},
{"type":"Feature","geometry":{"type":"Polygon","coordinates":[[[30.03721,-1.90983],[30.0371,-1.9097],[30.03705,-1.90971],[30.037,-1.9098],[30.03702,-1.90982],[30.03698,-1.90988],[30.03689,-1.91],[30.03697,-1.91008],[30.0371,-1.90992],[30.03721,-1.90983]]]},"properties":{"objectid":40634438,"parcel_num":1720,"village":"Nyagasozi","province":"Kigali City","district":"Gasabo","sector":"Gatsata","cell":"Karuruma","cell_code":"1020201","upi":"1/02/02/01/1720","change_id":"","start_date":"1800-01-01T00:00:00.000Z","end_date":"1899-11-30T00:00:00.000Z","status":"Actual","transactio":"","accuracy":"C","area_in_we":0,"x":504121.8043,"y":4788840.55823122,"village_co":"102020108","globalid":"{10A9CC4C-5B69-4808-A056-75B3ABAA36CD}","st_area_sh":594.14153988,"st_length_":119.5427938}},
{"type":"Feature","geometry":{"type":"Polygon","coordinates":[[[30.03723,-1.90959],[30.03721,-1.90958],[30.03718,-1.90958],[30.0371,-1.9097],[30.03721,-1.90983],[30.03731,-1.90975],[30.03723,-1.90959]]]},"properties":{"objectid":40634439,"parcel_num":1721,"village":"Nyagasozi","province":"Kigali City","district":"Gasabo","sector":"Gatsata","cell":"Karuruma","cell_code":"1020201","upi":"1/02/02/01/1721","change_id":"","start_date":"1800-01-01T00:00:00.000Z","end_date":"1899-11-30T00:00:00.000Z","status":"Actual","transactio":"","accuracy":"C","area_in_we":0,"x":504138.593,"y":4788856.15994984,"village_co":"102020108","globalid":"{740A6B8D-FA9B-4A0F-B1B3-1FA9F50C4700}","st_area_sh":358.172530235,"st_length_":74.6414759151}},
{"type":"Feature","geometry":{"type":"Polygon","coordinates":[[[30.03744,-1.90992],[30.03734,-1.90974],[30.03731,-1.90975],[30.03721,-1.90983],[30.03732,-1.90998],[30.03736,-1.90996],[30.03744,-1.90992]]]},"properties":{"objectid":40634440,"parcel_num":1722,"village":"Nyagasozi","province":"Kigali City","district":"Gasabo","sector":"Gatsata","cell":"Karuruma","cell_code":"1020201","upi":"1/02/02/01/1722","change_id":"","start_date":"1800-01-01T00:00:00.000Z","end_date":"1899-11-30T00:00:00.000Z","status":"Actual","transactio":"","accuracy":"C","area_in_we":0,"x":504152.21905,"y":4788838.63328891,"village_co":"102020108","globalid":"{F43A53FB-17C2-4944-AC75-C3F750D20D19}","st_area_sh":367.28597323,"st_length_":77.0843390968}},
{"type":"Feature","geometry":{"type":"Polygon","coordinates":[[[30.03697,-1.91008],[30.03689,-1.91],[30.03663,-1.91019],[30.03668,-1.91026],[30.03689,-1.91012],[30.03694,-1.91019],[30.03697,-1.91008]]]},"properties":{"objectid":40634441,"parcel_num":1723,"village":"Nyagasozi","province":"Kigali City","district":"Gasabo","sector":"Gatsata","cell":"Karuruma","cell_code":"1020201","upi":"1/02/02/01/1723","change_id":"","start_date":"1800-01-01T00:00:00.000Z","end_date":"1899-11-30T00:00:00.000Z","status":"Actual","transactio":"","accuracy":"C","area_in_we":0,"x":504094.91114022,"y":4788809.424,"village_co":"102020108","globalid":"{A8645E16-EDDE-4226-B927-42AC9F161F3D}","st_area_sh":402.443377675,"st_length_":109.913785013}},
{"type":"Feature","geometry":{"type":"Polygon","coordinates":[[[30.03754,-1.91009],[30.03744,-1.90992],[30.03736,-1.90996],[30.03745,-1.91013],[30.03754,-1.91009]]]},"properties":{"objectid":40634442,"parcel_num":1724,"village":"Nyagasozi","province":"Kigali City","district":"Gasabo","sector":"Gatsata","cell":"Karuruma","cell_code":"1020201","upi":"1/02/02/01/1724","change_id":"","start_date":"1800-01-01T00:00:00.000Z","end_date":"1899-11-30T00:00:00.000Z","status":"Actual","transactio":"","accuracy":"C","area_in_we":0,"x":504166.0128,"y":4788820.63081803,"village_co":"102020108","globalid":"{7C2B3519-EAB2-45B0-BC43-530B6022CE2C}","st_area_sh":227.99574375,"st_length_":64.1950203129}},
{"type":"Feature","geometry":{"type":"Polygon","coordinates":[[[30.0377,-1.91033],[30.03754,-1.91009],[30.03745,-1.91013],[30.03738,-1.91013],[30.0375,-1.9104],[30.0377,-1.91033]]]},"properties":{"objectid":40634443,"parcel_num":1725,"village":"Nyagasozi","province":"Kigali City","district":"Gasabo","sector":"Gatsata","cell":"Karuruma","cell_code":"1020201","upi":"1/02/02/01/1725","change_id":"","start_date":"1800-01-01T00:00:00.000Z","end_date":"1899-11-30T00:00:00.000Z","status":"Actual","transactio":"","accuracy":"C","area_in_we":0,"x":504176.28805,"y":4788797.17799927,"village_co":"102020108","globalid":"{488FF9C4-E6B8-4498-AA1D-FB02389EC350}","st_area_sh":637.168071915,"st_length_":106.750800376}},
{"type":"Feature","geometry":{"type":"Polygon","coordinates":[[[30.03775,-1.90971],[30.03753,-1.90954],[30.03756,-1.90951],[30.03744,-1.90954],[30.03723,-1.90959],[30.03731,-1.90975],[30.03734,-1.90974],[30.03744,-1.90992],[30.03754,-1.91009],[30.0377,-1.91033],[30.03782,-1.91026],[30.03798,-1.91027],[30.03781,-1.90993],[30.0377,-1.90975],[30.03775,-1.90971]]]},"properties":{"objectid":40634444,"parcel_num":1726,"village":"Nyagasozi","province":"Kigali City","district":"Gasabo","sector":"Gatsata","cell":"Karuruma","cell_code":"1020201","upi":"1/02/02/01/1726","change_id":"DP","start_date":"2025-03-23T00:00:00.000Z","end_date":"1899-11-30T00:00:00.000Z","status":"Actual","transactio":"","accuracy":"C","area_in_we":0,"x":504184.24279424,"y":4788833.93915895,"village_co":"102020108","globalid":"{D3C19780-1C70-4DE1-9A6D-E1E7B431AA47}","st_area_sh":3280.44535402,"st_length_":284.543061426}},
{"type":"Feature","geometry":{"type":"Polygon","coordinates":[[[30.03733,-1.9094],[30.03729,-1.90927],[30.03714,-1.90931],[30.03718,-1.90944],[30.03733,-1.9094]]]},"properties":{"objectid":40634445,"parcel_num":1728,"village":"Nyagasozi","province":"Kigali City","district":"Gasabo","sector":"Gatsata","cell":"Karuruma","cell_code":"1020201","upi":"1/02/02/01/1728","change_id":"","start_date":"1800-01-01T00:00:00.000Z","end_date":"1899-11-30T00:00:00.000Z","status":"Actual","transactio":"","accuracy":"C","area_in_we":0,"x":504142.25423535,"y":4788894.92965,"village_co":"102020108","globalid":"{039D3806-522E-4F9A-B7FB-8469A1C90103}","st_area_sh":254.36213826,"st_length_":64.2437462558}},
{"type":"Feature","geometry":{"type":"Polygon","coordinates":[[[30.03745,-1.90934],[30.03739,-1.90919],[30.03729,-1.90923],[30.03729,-1.90927],[30.03733,-1.9094],[30.0374,-1.90937],[30.03745,-1.90934]]]},"properties":{"objectid":40634446,"parcel_num":1729,"village":"Nyagasozi","province":"Kigali City","district":"Gasabo","sector":"Gatsata","cell":"Karuruma","cell_code":"1020201","upi":"1/02/02/01/1729","change_id":"","start_date":"1800-01-01T00:00:00.000Z","end_date":"1899-11-30T00:00:00.000Z","status":"Actual","transactio":"","accuracy":"C","area_in_we":0,"x":504157.3281,"y":4788902.05480191,"village_co":"102020108","globalid":"{4144D2FC-4364-42B3-952F-68E5A690D816}","st_area_sh":267.81041234,"st_length_":65.2447737129}},
{"type":"Feature","geometry":{"type":"Polygon","coordinates":[[[30.03758,-1.9093],[30.03751,-1.90915],[30.03744,-1.90917],[30.03739,-1.90919],[30.03745,-1.90934],[30.03758,-1.9093]]]},"properties":{"objectid":40634448,"parcel_num":1730,"village":"Nyagasozi","province":"Kigali City","district":"Gasabo","sector":"Gatsata","cell":"Karuruma","cell_code":"1020201","upi":"1/02/02/01/1730","change_id":"","start_date":"1800-01-01T00:00:00.000Z","end_date":"1899-11-30T00:00:00.000Z","status":"Actual","transactio":"","accuracy":"C","area_in_we":0,"x":504170.2971,"y":4788907.20186162,"village_co":"102020108","globalid":"{33E5EB8C-A91A-4FE4-B20C-B6E2D976F85F}","st_area_sh":263.5424766,"st_length_":65.5542214735}},
{"type":"Feature","geometry":{"type":"Polygon","coordinates":[[[30.03763,-1.90911],[30.03751,-1.90915],[30.03758,-1.9093],[30.03767,-1.90926],[30.03765,-1.90922],[30.03769,-1.9092],[30.03763,-1.90911]]]},"properties":{"objectid":40634449,"parcel_num":1731,"village":"Nyagasozi","province":"Kigali City","district":"Gasabo","sector":"Gatsata","cell":"Karuruma","cell_code":"1020201","upi":"1/02/02/01/1731","change_id":"","start_date":"1800-01-01T00:00:00.000Z","end_date":"1899-11-30T00:00:00.000Z","status":"Actual","transactio":"","accuracy":"C","area_in_we":0,"x":504182.57365,"y":4788911.6423133,"village_co":"102020108","globalid":"{0E3B3C2F-DE36-4156-BC19-9DC911981785}","st_area_sh":253.76090105,"st_length_":66.020943682}},
{"type":"Feature","geometry":{"type":"Polygon","coordinates":[[[30.03778,-1.90945],[30.03769,-1.9092],[30.03765,-1.90922],[30.03767,-1.90926],[30.03758,-1.9093],[30.03762,-1.90949],[30.03773,-1.90946],[30.03778,-1.90945]]]},"properties":{"objectid":40634450,"parcel_num":1732,"village":"Nyagasozi","province":"Kigali City","district":"Gasabo","sector":"Gatsata","cell":"Karuruma","cell_code":"1020201","upi":"1/02/02/01/1732","change_id":"","start_date":"1800-01-01T00:00:00.000Z","end_date":"1899-11-30T00:00:00.000Z","status":"Actual","transactio":"","accuracy":"C","area_in_we":0,"x":504191.63505,"y":4788896.09937405,"village_co":"102020108","globalid":"{8498B17B-2224-4A59-A944-7B5D37C7936A}","st_area_sh":410.98739085,"st_length_":89.1235537716}},
{"type":"Feature","geometry":{"type":"Polygon","coordinates":[[[30.03714,-1.90874],[30.03701,-1.90873],[30.03701,-1.90879],[30.03702,-1.90891],[30.03714,-1.9089],[30.03714,-1.90874]]]},"properties":{"objectid":40634451,"parcel_num":1733,"village":"Nyagasozi","province":"Kigali City","district":"Gasabo","sector":"Gatsata","cell":"Karuruma","cell_code":"1020201","upi":"1/02/02/01/1733","change_id":"","start_date":"1800-01-01T00:00:00.000Z","end_date":"1899-11-30T00:00:00.000Z","status":"Actual","transactio":"","accuracy":"C","area_in_we":0,"x":504124.47215,"y":4788953.95942461,"village_co":"102020108","globalid":"{03ED7FF1-1496-4887-B582-181A5E9F1AFE}","st_area_sh":262.366847515,"st_length_":65.4702557141}},
{"type":"Feature","geometry":{"type":"Polygon","coordinates":[[[30.0381,-1.90936],[30.03804,-1.90918],[30.03792,-1.90927],[30.03796,-1.90939],[30.03796,-1.90938],[30.0381,-1.90936]]]},"properties":{"objectid":40634523,"parcel_num":1804,"village":"Nyagasozi","province":"Kigali City","district":"Gasabo","sector":"Gatsata","cell":"Karuruma","cell_code":"1020201","upi":"1/02/02/01/1804","change_id":"","start_date":"1800-01-01T00:00:00.000Z","end_date":"1899-11-30T00:00:00.000Z","status":"Actual","transactio":"","accuracy":"C","area_in_we":0,"x":504228.30895,"y":4788901.79941395,"village_co":"102020108","globalid":"{C0E989B4-EA5B-4B2F-93F4-0CE2AB0B7D71}","st_area_sh":249.49549434,"st_length_":67.2597099027}},
{"type":"Feature","geometry":{"type":"Polygon","coordinates":[[[30.03826,-1.90978],[30.03821,-1.90971],[30.03781,-1.90993],[30.03798,-1.91027],[30.03804,-1.91025],[30.03821,-1.91023],[30.0381,-1.90995],[30.03829,-1.90985],[30.03826,-1.90978]]]},"properties":{"objectid":40634524,"parcel_num":1806,"village":"Nyagasozi","province":"Kigali City","district":"Gasabo","sector":"Gatsata","cell":"Karuruma","cell_code":"1020201","upi":"1/02/02/01/1806","change_id":"","start_date":"1800-01-01T00:00:00.000Z","end_date":"1899-11-30T00:00:00.000Z","status":"Actual","transactio":"","accuracy":"C","area_in_we":0,"x":504232.70445,"y":4788820.56194409,"village_co":"102020108","globalid":"{E622E3D2-9CBF-474E-9088-E53F84807587}","st_area_sh":1651.1346228,"st_length_":194.386569994}},
{"type":"Feature","geometry":{"type":"Polygon","coordinates":[[[30.03849,-1.90977],[30.03845,-1.9097],[30.03826,-1.90978],[30.03829,-1.90985],[30.0381,-1.90995],[30.03821,-1.91023],[30.0384,-1.91026],[30.03865,-1.91019],[30.03849,-1.90977]]]},"properties":{"objectid":40634525,"parcel_num":1807,"village":"Nyagasozi","province":"Kigali City","district":"Gasabo","sector":"Gatsata","cell":"Karuruma","cell_code":"1020201","upi":"1/02/02/01/1807","change_id":"","start_date":"1800-01-01T00:00:00.000Z","end_date":"1899-11-30T00:00:00.000Z","status":"Actual","transactio":"","accuracy":"C","area_in_we":0,"x":504268.7387,"y":4788824.76660207,"village_co":"102020108","globalid":"{565D2F4B-DE48-495D-86CF-09F51ED1CC02}","st_area_sh":2317.85340034,"st_length_":198.554946645}},
{"type":"Feature","geometry":{"type":"Polygon","coordinates":[[[30.03889,-1.91028],[30.03882,-1.91005],[30.03869,-1.91008],[30.03858,-1.90975],[30.03849,-1.90977],[30.03865,-1.91019],[30.03889,-1.91028]]]},"properties":{"objectid":40634526,"parcel_num":1808,"village":"Nyagasozi","province":"Kigali City","district":"Gasabo","sector":"Gatsata","cell":"Karuruma","cell_code":"1020201","upi":"1/02/02/01/1808","change_id":"","start_date":"1800-01-01T00:00:00.000Z","end_date":"1899-11-30T00:00:00.000Z","status":"Actual","transactio":"","accuracy":"C","area_in_we":0,"x":504303.8381,"y":4788808.67306281,"village_co":"102020108","globalid":"{5CB6C7AF-EC8F-492C-BD40-B8FD4C6CD3C6}","st_area_sh":777.707494915,"st_length_":169.866882209}},
{"type":"Feature","geometry":{"type":"Polygon","coordinates":[[[30.03537,-1.91209],[30.03535,-1.912],[30.03531,-1.91201],[30.03526,-1.91208],[30.03528,-1.91212],[30.03534,-1.9121],[30.03537,-1.91209]]]},"properties":{"objectid":40634527,"parcel_num":1809,"village":"Nyagasozi","province":"Kigali City","district":"Gasabo","sector":"Gatsata","cell":"Karuruma","cell_code":"1020201","upi":"1/02/02/01/1809","change_id":"","start_date":"1800-01-01T00:00:00.000Z","end_date":"1899-11-30T00:00:00.000Z","status":"Actual","transactio":"","accuracy":"C","area_in_we":0,"x":503928.7263,"y":4788595.98753125,"village_co":"102020108","globalid":"{7D0700D9-7465-477D-B121-475040AE7D36}","st_area_sh":98.902799935,"st_length_":40.757639794}},
{"type":"Feature","geometry":{"type":"Polygon","coordinates":[[[30.03846,-1.90805],[30.03842,-1.90793],[30.03817,-1.90807],[30.03821,-1.90819],[30.03828,-1.90819],[30.03833,-1.90819],[30.0385,-1.90818],[30.03849,-1.90815],[30.03846,-1.90805]]]},"properties":{"objectid":40634529,"parcel_num":1811,"village":"Nyagasozi","province":"Kigali City","district":"Gasabo","sector":"Gatsata","cell":"Karuruma","cell_code":"1020201","upi":"1/02/02/01/1811","change_id":"","start_date":"1800-01-01T00:00:00.000Z","end_date":"1899-11-30T00:00:00.000Z","status":"Actual","transactio":"","accuracy":"C","area_in_we":0,"x":504263.21665016,"y":4789037.93435,"village_co":"102020108","globalid":"{D753C8F0-E3CC-4AAD-97E8-20D60422A882}","st_area_sh":679.11948746,"st_length_":109.735951941}},
{"type":"Feature","geometry":{"type":"Polygon","coordinates":[[[30.03831,-1.90883],[30.03828,-1.90876],[30.03815,-1.90881],[30.03819,-1.90887],[30.0382,-1.90889],[30.03831,-1.90883]]]},"properties":{"objectid":40634530,"parcel_num":1814,"village":"Nyagasozi","province":"Kigali City","district":"Gasabo","sector":"Gatsata","cell":"Karuruma","cell_code":"1020201","upi":"1/02/02/01/1814","change_id":"","start_date":"1800-01-01T00:00:00.000Z","end_date":"1899-11-30T00:00:00.000Z","status":"Actual","transactio":"","accuracy":"C","area_in_we":0,"x":504253.5829477,"y":4788953.22055,"village_co":"102020108","globalid":"{F0F408C5-DA4D-445E-8E23-CEB511AA06FE}","st_area_sh":138.730414915,"st_length_":47.4833696835}},
{"type":"Feature","geometry":{"type":"Polygon","coordinates":[[[30.03901,-1.90876],[30.03885,-1.90872],[30.03886,-1.90879],[30.03866,-1.90881],[30.03845,-1.90892],[30.0384,-1.90898],[30.03845,-1.90903],[30.03853,-1.90911],[30.03859,-1.90922],[30.03866,-1.90919],[30.03883,-1.9091],[30.03899,-1.90902],[30.03907,-1.90895],[30.03901,-1.90876]]]},"properties":{"objectid":40634532,"parcel_num":1816,"village":"Nyagasozi","province":"Kigali City","district":"Gasabo","sector":"Gatsata","cell":"Karuruma","cell_code":"1020201","upi":"1/02/02/01/1816","change_id":"","start_date":"1800-01-01T00:00:00.000Z","end_date":"1899-11-30T00:00:00.000Z","status":"Actual","transactio":"","accuracy":"C","area_in_we":0,"x":504308.72782634,"y":4788937.62025,"village_co":"102020108","globalid":"{242DD483-001B-4C02-B853-51843129D301}","st_area_sh":2229.7851195,"st_length_":203.19396589}},
{"type":"Feature","geometry":{"type":"Polygon","coordinates":[[[30.03907,-1.90912],[30.03899,-1.90902],[30.03883,-1.9091],[30.03891,-1.90925],[30.03907,-1.90912]]]},"properties":{"objectid":40634533,"parcel_num":1818,"village":"Nyagasozi","province":"Kigali City","district":"Gasabo","sector":"Gatsata","cell":"Karuruma","cell_code":"1020201","upi":"1/02/02/01/1818","change_id":"","start_date":"1800-01-01T00:00:00.000Z","end_date":"1899-11-30T00:00:00.000Z","status":"Actual","transactio":"","accuracy":"C","area_in_we":0,"x":504332.83880781,"y":4788918.7795,"village_co":"102020108","globalid":"{99FC13DF-47F3-4003-AFAD-426AD6FCA6C1}","st_area_sh":366.80201634,"st_length_":77.5858945602}},
{"type":"Feature","geometry":{"type":"Polygon","coordinates":[[[30.03915,-1.90907],[30.03907,-1.90895],[30.03899,-1.90902],[30.03907,-1.90912],[30.03908,-1.90913],[30.03915,-1.90907]]]},"properties":{"objectid":40634534,"parcel_num":1819,"village":"Nyagasozi","province":"Kigali City","district":"Gasabo","sector":"Gatsata","cell":"Karuruma","cell_code":"1020201","upi":"1/02/02/01/1819","change_id":"","start_date":"1800-01-01T00:00:00.000Z","end_date":"1899-11-30T00:00:00.000Z","status":"Actual","transactio":"","accuracy":"C","area_in_we":0,"x":504346.50465,"y":4788929.90630195,"village_co":"102020108","globalid":"{4CDC1C3F-DE8F-4939-803F-5EC6ED3CF1A0}","st_area_sh":181.24703524,"st_length_":54.6478554369}},
{"type":"Feature","geometry":{"type":"Polygon","coordinates":[[[30.0392,-1.90912],[30.03915,-1.90907],[30.03908,-1.90913],[30.03913,-1.90919],[30.0392,-1.90912]]]},"properties":{"objectid":40634536,"parcel_num":1820,"village":"Nyagasozi","province":"Kigali City","district":"Gasabo","sector":"Gatsata","cell":"Karuruma","cell_code":"1020201","upi":"1/02/02/01/1820","change_id":"","start_date":"1800-01-01T00:00:00.000Z","end_date":"1899-11-30T00:00:00.000Z","status":"Actual","transactio":"","accuracy":"C","area_in_we":0,"x":504354.0500958,"y":4788919.5582,"village_co":"102020108","globalid":"{5A09150B-AB6E-4EBD-89C5-7AF253F26788}","st_area_sh":91.49370928,"st_length_":38.7302938047}},
{"type":"Feature","geometry":{"type":"Polygon","coordinates":[[[30.03922,-1.90938],[30.0393,-1.90939],[30.0393,-1.90929],[30.0392,-1.90912],[30.03913,-1.90919],[30.03922,-1.90938]]]},"properties":{"objectid":40634537,"parcel_num":1821,"village":"Nyagasozi","province":"Kigali City","district":"Gasabo","sector":"Gatsata","cell":"Karuruma","cell_code":"1020201","upi":"1/02/02/01/1821","change_id":"","start_date":"1800-01-01T00:00:00.000Z","end_date":"1899-11-30T00:00:00.000Z","status":"Actual","transactio":"","accuracy":"C","area_in_we":0,"x":504362.5426,"y":4788905.45551104,"village_co":"102020108","globalid":"{DECDFC5E-C39A-4AD9-A412-321D586A68D8}","st_area_sh":328.54133154,"st_length_":75.5703580553}},
{"type":"Feature","geometry":{"type":"Polygon","coordinates":[[[30.03908,-1.90913],[30.03907,-1.90912],[30.03891,-1.90925],[30.03869,-1.90932],[30.03887,-1.90937],[30.03922,-1.90938],[30.03913,-1.90919],[30.03908,-1.90913]]]},"properties":{"objectid":40634538,"parcel_num":1822,"village":"Nyagasozi","province":"Kigali City","district":"Gasabo","sector":"Gatsata","cell":"Karuruma","cell_code":"1020201","upi":"1/02/02/01/1822","change_id":"","start_date":"1800-01-01T00:00:00.000Z","end_date":"1899-11-30T00:00:00.000Z","status":"Actual","transactio":"","accuracy":"C","area_in_we":0,"x":504341.74447154,"y":4788905.95715,"village_co":"102020108","globalid":"{20EC9C1D-7172-4932-A852-2F0CEE07878D}","st_area_sh":850.624472795,"st_length_":151.347651981}},
{"type":"Feature","geometry":{"type":"Polygon","coordinates":[[[30.03882,-1.90961],[30.0388,-1.90958],[30.03865,-1.90964],[30.03867,-1.90973],[30.03871,-1.90973],[30.03875,-1.90986],[30.03888,-1.90983],[30.03886,-1.90973],[30.03882,-1.90961]]]},"properties":{"objectid":40634539,"parcel_num":1825,"village":"Nyagasozi","province":"Kigali City","district":"Gasabo","sector":"Gatsata","cell":"Karuruma","cell_code":"1020201","upi":"1/02/02/01/1825","change_id":"","start_date":"1800-01-01T00:00:00.000Z","end_date":"1899-11-30T00:00:00.000Z","status":"Actual","transactio":"","accuracy":"C","area_in_we":0,"x":504312.754,"y":4788853.9711147,"village_co":"102020108","globalid":"{20C3956E-8ED6-49EE-AB99-0A3A5445E1A0}","st_area_sh":480.456127115,"st_length_":92.67752947}},
{"type":"Feature","geometry":{"type":"Polygon","coordinates":[[[30.03865,-1.90964],[30.03863,-1.90961],[30.03845,-1.9097],[30.03849,-1.90977],[30.03858,-1.90975],[30.03867,-1.90973],[30.03865,-1.90964]]]},"properties":{"objectid":40634540,"parcel_num":1826,"village":"Nyagasozi","province":"Kigali City","district":"Gasabo","sector":"Gatsata","cell":"Karuruma","cell_code":"1020201","upi":"1/02/02/01/1826","change_id":"","start_date":"1800-01-01T00:00:00.000Z","end_date":"1899-11-30T00:00:00.000Z","status":"Actual","transactio":"","accuracy":"C","area_in_we":0,"x":504290.36420785,"y":4788858.03145,"village_co":"102020108","globalid":"{358EC32B-2A95-45EF-B676-27A1FE8D4138}","st_area_sh":254.91349999,"st_length_":66.7630132238}},
{"type":"Feature","geometry":{"type":"Polygon","coordinates":[[[30.03888,-1.90983],[30.03875,-1.90986],[30.03871,-1.90973],[30.03867,-1.90973],[30.03858,-1.90975],[30.03869,-1.91008],[30.03882,-1.91005],[30.03889,-1.91028],[30.03916,-1.91033],[30.03911,-1.91007],[30.03896,-1.9101],[30.03889,-1.90986],[30.03888,-1.90983]]]},"properties":{"objectid":40634541,"parcel_num":1827,"village":"Nyagasozi","province":"Kigali City","district":"Gasabo","sector":"Gatsata","cell":"Karuruma","cell_code":"1020201","upi":"1/02/02/01/1827","change_id":"","start_date":"1800-01-01T00:00:00.000Z","end_date":"1899-11-30T00:00:00.000Z","status":"Actual","transactio":"","accuracy":"C","area_in_we":0,"x":504324.3661,"y":4788820.06342648,"village_co":"102020108","globalid":"{2C520AD3-39C2-4D68-A38C-D79AA8670406}","st_area_sh":1708.61063812,"st_length_":234.214990871}},
{"type":"Feature","geometry":{"type":"Polygon","coordinates":[[[30.03911,-1.91007],[30.03909,-1.90981],[30.03889,-1.90986],[30.03896,-1.9101],[30.03911,-1.91007]]]},"properties":{"objectid":40634542,"parcel_num":1828,"village":"Nyagasozi","province":"Kigali City","district":"Gasabo","sector":"Gatsata","cell":"Karuruma","cell_code":"1020201","upi":"1/02/02/01/1828","change_id":"","start_date":"1800-01-01T00:00:00.000Z","end_date":"1899-11-30T00:00:00.000Z","status":"Actual","transactio":"","accuracy":"C","area_in_we":0,"x":504338.9933,"y":4788827.89203621,"village_co":"102020108","globalid":"{79BC646B-4CB4-45F3-A6D4-8D913E042824}","st_area_sh":547.97841322,"st_length_":95.5428352901}},
{"type":"Feature","geometry":{"type":"Polygon","coordinates":[[[30.03909,-1.90947],[30.03898,-1.90952],[30.03891,-1.90945],[30.0388,-1.90958],[30.03882,-1.90961],[30.03909,-1.90955],[30.03909,-1.90947]]]},"properties":{"objectid":40634544,"parcel_num":1830,"village":"Nyagasozi","province":"Kigali City","district":"Gasabo","sector":"Gatsata","cell":"Karuruma","cell_code":"1020201","upi":"1/02/02/01/1830","change_id":"","start_date":"1800-01-01T00:00:00.000Z","end_date":"1899-11-30T00:00:00.000Z","status":"Actual","transactio":"","accuracy":"C","area_in_we":0,"x":504333.1833334,"y":4788875.3252,"village_co":"102020108","globalid":"{4B2C5862-572E-4AA9-8CFE-1C5C420732F7}","st_area_sh":324.020964545,"st_length_":90.9055238084}},
{"type":"Feature","geometry":{"type":"Polygon","coordinates":[[[30.03908,-1.90941],[30.03893,-1.9094],[30.03891,-1.90945],[30.03898,-1.90952],[30.03909,-1.90947],[30.03908,-1.90941]]]},"properties":{"objectid":40634545,"parcel_num":1831,"village":"Nyagasozi","province":"Kigali City","district":"Gasabo","sector":"Gatsata","cell":"Karuruma","cell_code":"1020201","upi":"1/02/02/01/1831","change_id":"DP","start_date":"2025-06-04T00:00:00.000Z","end_date":"1899-11-30T00:00:00.000Z","status":"Actual","transactio":"","accuracy":"C","area_in_we":0,"x":504338.61381017,"y":4788884.15700045,"village_co":"102020108","globalid":"{6AED81FE-9077-46BC-91BA-9605AB3C3496}","st_area_sh":181.569151425,"st_length_":54.4773733287}},
{"type":"Feature","geometry":{"type":"Polygon","coordinates":[[[30.03813,-1.9083],[30.03808,-1.90834],[30.03809,-1.90842],[30.03804,-1.90841],[30.03789,-1.9083],[30.03782,-1.90839],[30.03782,-1.90852],[30.03787,-1.90857],[30.03799,-1.90855],[30.038,-1.90868],[30.03807,-1.90866],[30.03808,-1.90855],[30.0382,-1.90833],[30.03813,-1.9083]]]},"properties":{"objectid":40634546,"parcel_num":1832,"village":"Nyagasozi","province":"Kigali City","district":"Gasabo","sector":"Gatsata","cell":"Karuruma","cell_code":"1020201","upi":"1/02/02/01/1832","change_id":"BC","start_date":"1800-01-01T00:00:00.000Z","end_date":"1899-11-30T00:00:00.000Z","status":"Actual","transactio":"","accuracy":"C","area_in_we":0,"x":504222.89611705,"y":4788990.6305,"village_co":"102020108","globalid":"{4386B37D-32A1-4866-85CC-4227E26D94CF}","st_area_sh":907.81319523,"st_length_":163.407797191}},
{"type":"Feature","geometry":{"type":"Polygon","coordinates":[[[30.038,-1.90868],[30.03799,-1.90855],[30.03787,-1.90857],[30.03782,-1.90852],[30.03783,-1.90868],[30.038,-1.90868]]]},"properties":{"objectid":40634547,"parcel_num":1833,"village":"Nyagasozi","province":"Kigali City","district":"Gasabo","sector":"Gatsata","cell":"Karuruma","cell_code":"1020201","upi":"1/02/02/01/1833","change_id":"","start_date":"1800-01-01T00:00:00.000Z","end_date":"1899-11-30T00:00:00.000Z","status":"Actual","transactio":"","accuracy":"C","area_in_we":0,"x":504216.13355178,"y":4788978.029,"village_co":"102020108","globalid":"{239AC273-C105-461B-A348-EE9B83CDA21C}","st_area_sh":246.720430395,"st_length_":73.5327262164}},
{"type":"Feature","geometry":{"type":"Polygon","coordinates":[[[30.03807,-1.90868],[30.03807,-1.90866],[30.038,-1.90868],[30.03783,-1.90868],[30.03779,-1.90867],[30.03779,-1.90881],[30.03799,-1.90879],[30.03804,-1.90887],[30.03806,-1.90891],[30.03819,-1.90887],[30.03815,-1.90881],[30.03807,-1.90868]]]},"properties":{"objectid":40634548,"parcel_num":1834,"village":"Nyagasozi","province":"Kigali City","district":"Gasabo","sector":"Gatsata","cell":"Karuruma","cell_code":"1020201","upi":"1/02/02/01/1834","change_id":"","start_date":"1800-01-01T00:00:00.000Z","end_date":"1899-11-30T00:00:00.000Z","status":"Actual","transactio":"","accuracy":"C","area_in_we":0,"x":504223.19517885,"y":4788957.8987,"village_co":"102020108","globalid":"{FE473EF4-9DB5-4540-8619-DB646044FE17}","st_area_sh":656.770957115,"st_length_":128.775678971}},
{"type":"Feature","geometry":{"type":"Polygon","coordinates":[[[30.03766,-1.90864],[30.03758,-1.90863],[30.03751,-1.90868],[30.03759,-1.90885],[30.03779,-1.90881],[30.03779,-1.90867],[30.03766,-1.90864]]]},"properties":{"objectid":40634549,"parcel_num":1835,"village":"Nyagasozi","province":"Kigali City","district":"Gasabo","sector":"Gatsata","cell":"Karuruma","cell_code":"1020201","upi":"1/02/02/01/1835","change_id":"BC","start_date":"2024-09-03T00:00:00.000Z","end_date":"1899-11-30T00:00:00.000Z","status":"Actual","transactio":"","accuracy":"C","area_in_we":0,"x":504189.48302157,"y":4788963.48102057,"village_co":"102020108","globalid":"{C8D19E66-CECB-4648-B9BE-E320F0DCBCBE}","st_area_sh":553.23907204,"st_length_":92.3120015282}},
{"type":"Feature","geometry":{"type":"Polygon","coordinates":[[[30.03804,-1.90887],[30.03799,-1.90879],[30.03779,-1.90881],[30.03759,-1.90885],[30.03763,-1.90892],[30.03775,-1.90887],[30.03781,-1.90894],[30.03804,-1.90887]]]},"properties":{"objectid":40634550,"parcel_num":1836,"village":"Nyagasozi","province":"Kigali City","district":"Gasabo","sector":"Gatsata","cell":"Karuruma","cell_code":"1020201","upi":"1/02/02/01/1836","change_id":"BC","start_date":"2022-05-24T00:00:00.000Z","end_date":"1899-11-30T00:00:00.000Z","status":"Actual","transactio":"","accuracy":"C","area_in_we":0,"x":504208.39137617,"y":4788950.06186778,"village_co":"102020108","globalid":"{0ABC3837-64FF-4F7A-B5CD-744B498F0BF0}","st_area_sh":455.824878375,"st_length_":115.974706756}},
{"type":"Feature","geometry":{"type":"Polygon","coordinates":[[[30.0382,-1.90889],[30.03819,-1.90887],[30.03806,-1.90891],[30.03804,-1.90887],[30.03781,-1.90894],[30.03784,-1.90906],[30.03792,-1.90911],[30.03801,-1.90909],[30.03826,-1.90905],[30.0382,-1.90889]]]},"properties":{"objectid":40634551,"parcel_num":1837,"village":"Nyagasozi","province":"Kigali City","district":"Gasabo","sector":"Gatsata","cell":"Karuruma","cell_code":"1020201","upi":"1/02/02/01/1837","change_id":"BC","start_date":"2022-05-24T00:00:00.000Z","end_date":"1899-11-30T00:00:00.000Z","status":"Actual","transactio":"","accuracy":"C","area_in_we":0,"x":504229.74724313,"y":4788935.27950803,"village_co":"102020108","globalid":"{979CEAB3-BAD5-432B-8B99-C9417525BD33}","st_area_sh":955.26721558,"st_length_":133.425385278}},
{"type":"Feature","geometry":{"type":"Polygon","coordinates":[[[30.03804,-1.90918],[30.03801,-1.90909],[30.03792,-1.90911],[30.0379,-1.9092],[30.03788,-1.90923],[30.03792,-1.90927],[30.03804,-1.90918]]]},"properties":{"objectid":40634552,"parcel_num":1838,"village":"Nyagasozi","province":"Kigali City","district":"Gasabo","sector":"Gatsata","cell":"Karuruma","cell_code":"1020201","upi":"1/02/02/01/1838","change_id":"BC","start_date":"2023-08-09T00:00:00.000Z","end_date":"1899-11-30T00:00:00.000Z","status":"Actual","transactio":"","accuracy":"C","area_in_we":0,"x":504223.49834224,"y":4788914.23195827,"village_co":"102020108","globalid":"{9DBD4FCA-58D1-4612-8E17-7BE1B22B4FFC}","st_area_sh":181.322044055,"st_length_":62.482151042}},
{"type":"Feature","geometry":{"type":"Polygon","coordinates":[[[30.03832,-1.90913],[30.03826,-1.90905],[30.03801,-1.90909],[30.03804,-1.90918],[30.0381,-1.90936],[30.03835,-1.90932],[30.03838,-1.90927],[30.03832,-1.90913]]]},"properties":{"objectid":40634553,"parcel_num":1839,"village":"Nyagasozi","province":"Kigali City","district":"Gasabo","sector":"Gatsata","cell":"Karuruma","cell_code":"1020201","upi":"1/02/02/01/1839","change_id":"","start_date":"1800-01-01T00:00:00.000Z","end_date":"1899-11-30T00:00:00.000Z","status":"Actual","transactio":"","accuracy":"C","area_in_we":0,"x":504249.46777351,"y":4788911.39265,"village_co":"102020108","globalid":"{BF84CBA7-7525-4E06-BDBC-84B960E0A113}","st_area_sh":1009.2077565,"st_length_":122.498979291}},
{"type":"Feature","geometry":{"type":"Polygon","coordinates":[[[30.03949,-1.90947],[30.03929,-1.90942],[30.03922,-1.90954],[30.03923,-1.9096],[30.03925,-1.90967],[30.03938,-1.90965],[30.03946,-1.90962],[30.03942,-1.90957],[30.03949,-1.90947]]]},"properties":{"objectid":40634555,"parcel_num":1840,"village":"Nyagasozi","province":"Kigali City","district":"Gasabo","sector":"Gatsata","cell":"Karuruma","cell_code":"1020201","upi":"1/02/02/01/1840","change_id":"DP","start_date":"2025-06-04T00:00:00.000Z","end_date":"1899-11-30T00:00:00.000Z","status":"Actual","transactio":"","accuracy":"C","area_in_we":0,"x":504376.41952352,"y":4788873.73536295,"village_co":"102020108","globalid":"{C194E23E-9445-4FB2-962C-B610A2A2F0EB}","st_area_sh":547.32760301,"st_length_":98.6711654455}},
{"type":"Feature","geometry":{"type":"Polygon","coordinates":[[[30.03965,-1.9095],[30.03949,-1.90947],[30.03942,-1.90957],[30.03946,-1.90962],[30.03955,-1.90973],[30.03962,-1.90966],[30.03958,-1.90961],[30.03965,-1.9095]]]},"properties":{"objectid":40634556,"parcel_num":1841,"village":"Nyagasozi","province":"Kigali City","district":"Gasabo","sector":"Gatsata","cell":"Karuruma","cell_code":"1020201","upi":"1/02/02/01/1841","change_id":"","start_date":"1800-01-01T00:00:00.000Z","end_date":"1899-11-30T00:00:00.000Z","status":"Actual","transactio":"","accuracy":"C","area_in_we":0,"x":504397.74995,"y":4788868.57082443,"village_co":"102020108","globalid":"{14E2A0FF-71AF-4131-A158-E5F95B8911B8}","st_area_sh":400.03153381,"st_length_":87.1450305502}},
{"type":"Feature","geometry":{"type":"Polygon","coordinates":[[[30.03955,-1.90973],[30.03946,-1.90962],[30.03938,-1.90965],[30.03939,-1.90976],[30.03955,-1.90973]]]},"properties":{"objectid":40634557,"parcel_num":1842,"village":"Nyagasozi","province":"Kigali City","district":"Gasabo","sector":"Gatsata","cell":"Karuruma","cell_code":"1020201","upi":"1/02/02/01/1842","change_id":"","start_date":"1800-01-01T00:00:00.000Z","end_date":"1899-11-30T00:00:00.000Z","status":"Actual","transactio":"","accuracy":"C","area_in_we":0,"x":504388.88565102,"y":4788857.5047,"village_co":"102020108","globalid":"{51414D2E-73F1-4E04-8C94-A789264D1E68}","st_area_sh":194.905832385,"st_length_":55.8091591901}},
{"type":"Feature","geometry":{"type":"Polygon","coordinates":[[[30.0396,-1.90996],[30.03955,-1.90973],[30.03939,-1.90976],[30.03926,-1.90976],[30.03908,-1.90977],[30.03909,-1.90981],[30.03911,-1.91007],[30.03916,-1.91033],[30.03927,-1.91037],[30.0394,-1.91043],[30.03944,-1.91024],[30.03962,-1.91018],[30.0396,-1.90996]]]},"properties":{"objectid":40634558,"parcel_num":1843,"village":"Nyagasozi","province":"Kigali City","district":"Gasabo","sector":"Gatsata","cell":"Karuruma","cell_code":"1020201","upi":"1/02/02/01/1843","change_id":"","start_date":"1800-01-01T00:00:00.000Z","end_date":"1899-11-30T00:00:00.000Z","status":"Actual","transactio":"","accuracy":"C","area_in_we":0,"x":504377.94275,"y":4788813.74260218,"village_co":"102020108","globalid":"{59ACD0AF-A6D1-492A-A47D-54830B7541B3}","st_area_sh":3313.52982769,"st_length_":238.513274314}},
{"type":"Feature","geometry":{"type":"Polygon","coordinates":[[[30.03986,-1.90957],[30.03965,-1.9095],[30.03958,-1.90961],[30.03962,-1.90966],[30.03955,-1.90973],[30.0396,-1.90996],[30.04007,-1.9099],[30.04008,-1.90983],[30.04005,-1.90982],[30.03981,-1.90986],[30.03976,-1.90968],[30.03986,-1.90957]]]},"properties":{"objectid":40634559,"parcel_num":1844,"village":"Nyagasozi","province":"Kigali City","district":"Gasabo","sector":"Gatsata","cell":"Karuruma","cell_code":"1020201","upi":"1/02/02/01/1844","change_id":"","start_date":"1800-01-01T00:00:00.000Z","end_date":"1899-11-30T00:00:00.000Z","status":"Actual","transactio":"","accuracy":"C","area_in_we":0,"x":504412.53644272,"y":4788852.96345,"village_co":"102020108","globalid":"{4A337506-C1BB-4AD9-8D96-03D1488EFABA}","st_area_sh":1416.1525921,"st_length_":213.933806156}},
{"type":"Feature","geometry":{"type":"Polygon","coordinates":[[[30.04009,-1.90967],[30.03986,-1.90957],[30.03976,-1.90968],[30.03981,-1.90986],[30.04005,-1.90982],[30.04009,-1.90967]]]},"properties":{"objectid":40634560,"parcel_num":1845,"village":"Nyagasozi","province":"Kigali City","district":"Gasabo","sector":"Gatsata","cell":"Karuruma","cell_code":"1020201","upi":"1/02/02/01/1845","change_id":"","start_date":"1800-01-01T00:00:00.000Z","end_date":"1899-11-30T00:00:00.000Z","status":"Actual","transactio":"","accuracy":"C","area_in_we":0,"x":504441.15295779,"y":4788855.04635,"village_co":"102020108","globalid":"{026F1757-638B-48E3-AFE1-D69D1F65ED8A}","st_area_sh":760.91065117,"st_length_":109.060173092}},
{"type":"Feature","geometry":{"type":"Polygon","coordinates":[[[30.04007,-1.90995],[30.04007,-1.9099],[30.0396,-1.90996],[30.03962,-1.91018],[30.03977,-1.91008],[30.03986,-1.91009],[30.04007,-1.91001],[30.04007,-1.90995]]]},"properties":{"objectid":40634561,"parcel_num":1846,"village":"Nyagasozi","province":"Kigali City","district":"Gasabo","sector":"Gatsata","cell":"Karuruma","cell_code":"1020201","upi":"1/02/02/01/1846","change_id":"","start_date":"1800-01-01T00:00:00.000Z","end_date":"1899-11-30T00:00:00.000Z","status":"Actual","transactio":"","accuracy":"C","area_in_we":0,"x":504426.85972753,"y":4788819.03335,"village_co":"102020108","globalid":"{BF38B3AF-4F20-4356-9A09-04F31CF32AC2}","st_area_sh":875.836927145,"st_length_":145.037565736}},
{"type":"Feature","geometry":{"type":"Polygon","coordinates":[[[30.03986,-1.91009],[30.03977,-1.91008],[30.03962,-1.91018],[30.03944,-1.91024],[30.0394,-1.91043],[30.03944,-1.91044],[30.03987,-1.91054],[30.03988,-1.9103],[30.03987,-1.9102],[30.03986,-1.91009]]]},"properties":{"objectid":40634562,"parcel_num":1847,"village":"Nyagasozi","province":"Kigali City","district":"Gasabo","sector":"Gatsata","cell":"Karuruma","cell_code":"1020201","upi":"1/02/02/01/1847","change_id":"","start_date":"1800-01-01T00:00:00.000Z","end_date":"1899-11-30T00:00:00.000Z","status":"Actual","transactio":"","accuracy":"C","area_in_we":0,"x":504410.99681316,"y":4788789.4136,"village_co":"102020108","globalid":"{1BDEA61D-3718-41E3-A896-7EF1EF8A7173}","st_area_sh":1728.61115423,"st_length_":176.540135736}},
{"type":"Feature","geometry":{"type":"Polygon","coordinates":[[[30.04008,-1.91015],[30.04007,-1.91001],[30.03986,-1.91009],[30.03987,-1.9102],[30.04008,-1.91015]]]},"properties":{"objectid":40634563,"parcel_num":1848,"village":"Nyagasozi","province":"Kigali City","district":"Gasabo","sector":"Gatsata","cell":"Karuruma","cell_code":"1020201","upi":"1/02/02/01/1848","change_id":"","start_date":"1800-01-01T00:00:00.000Z","end_date":"1899-11-30T00:00:00.000Z","status":"Actual","transactio":"","accuracy":"C","area_in_we":0,"x":504446.22564757,"y":4788811.9549,"village_co":"102020108","globalid":"{5E80B1C3-F1A2-40E7-AAB4-3CCCB84F113A}","st_area_sh":326.88610958,"st_length_":77.8881830882}},
{"type":"Feature","geometry":{"type":"Polygon","coordinates":[[[30.0401,-1.9103],[30.04008,-1.91015],[30.03987,-1.9102],[30.03988,-1.9103],[30.0401,-1.9103]]]},"properties":{"objectid":40634564,"parcel_num":1849,"village":"Nyagasozi","province":"Kigali City","district":"Gasabo","sector":"Gatsata","cell":"Karuruma","cell_code":"1020201","upi":"1/02/02/01/1849","change_id":"","start_date":"1800-01-01T00:00:00.000Z","end_date":"1899-11-30T00:00:00.000Z","status":"Actual","transactio":"","accuracy":"C","area_in_we":0,"x":504447.56610326,"y":4788798.40625,"village_co":"102020108","globalid":"{C9CB9F7C-9ED7-418A-B997-06CEFDA67B3C}","st_area_sh":328.558887195,"st_length_":76.3877664976}},
{"type":"Feature","geometry":{"type":"Polygon","coordinates":[[[30.0401,-1.9103],[30.03988,-1.9103],[30.03987,-1.91054],[30.04009,-1.91067],[30.04012,-1.91045],[30.0401,-1.9103]]]},"properties":{"objectid":40634566,"parcel_num":1850,"village":"Nyagasozi","province":"Kigali City","district":"Gasabo","sector":"Gatsata","cell":"Karuruma","cell_code":"1020201","upi":"1/02/02/01/1850","change_id":"","start_date":"1800-01-01T00:00:00.000Z","end_date":"1899-11-30T00:00:00.000Z","status":"Actual","transactio":"","accuracy":"C","area_in_we":0,"x":504448.9043,"y":4788774.25936903,"village_co":"102020108","globalid":"{55EE01AD-40D1-4132-9F19-605D98693068}","st_area_sh":864.687889405,"st_length_":121.095556612}},
{"type":"Feature","geometry":{"type":"Polygon","coordinates":[[[30.04023,-1.91045],[30.04022,-1.91015],[30.04008,-1.91015],[30.0401,-1.9103],[30.04012,-1.91045],[30.04023,-1.91045]]]},"properties":{"objectid":40634567,"parcel_num":1851,"village":"Nyagasozi","province":"Kigali City","district":"Gasabo","sector":"Gatsata","cell":"Karuruma","cell_code":"1020201","upi":"1/02/02/01/1851","change_id":"","start_date":"1800-01-01T00:00:00.000Z","end_date":"1899-11-30T00:00:00.000Z","status":"Actual","transactio":"","accuracy":"C","area_in_we":0,"x":504466.6779,"y":4788790.53739087,"village_co":"102020108","globalid":"{1D603118-2452-4834-9138-18BC424D0F2A}","st_area_sh":454.47642642,"st_length_":94.6223708118}},
{"type":"Feature","geometry":{"type":"Polygon","coordinates":[[[30.04023,-1.91045],[30.04012,-1.91045],[30.04009,-1.91067],[30.04027,-1.91077],[30.0403,-1.91046],[30.04023,-1.91045]]]},"properties":{"objectid":40634568,"parcel_num":1852,"village":"Nyagasozi","province":"Kigali City","district":"Gasabo","sector":"Gatsata","cell":"Karuruma","cell_code":"1020201","upi":"1/02/02/01/1852","change_id":"","start_date":"1800-01-01T00:00:00.000Z","end_date":"1899-11-30T00:00:00.000Z","status":"Actual","transactio":"","accuracy":"C","area_in_we":0,"x":504471.3605,"y":4788758.35598218,"village_co":"102020108","globalid":"{66CD813E-653F-4D45-ACBB-F090E2E9C7E9}","st_area_sh":626.752143455,"st_length_":102.90027276}},
{"type":"Feature","geometry":{"type":"Polygon","coordinates":[[[30.04259,-1.90586],[30.04241,-1.9058],[30.04233,-1.90591],[30.04246,-1.90604],[30.04259,-1.90586]]]},"properties":{"objectid":40634569,"parcel_num":1853,"village":"Nyagasozi","province":"Kigali City","district":"Gasabo","sector":"Gatsata","cell":"Karuruma","cell_code":"1020201","upi":"1/02/02/01/1853","change_id":"","start_date":"1800-01-01T00:00:00.000Z","end_date":"1899-11-30T00:00:00.000Z","status":"Actual","transactio":"","accuracy":"C","area_in_we":0,"x":504723.78495,"y":4789273.54027653,"village_co":"102020108","globalid":"{B64DE236-4D91-447E-9674-66230D5C8359}","st_area_sh":430.118819745,"st_length_":81.6378617426}},
{"type":"Feature","geometry":{"type":"Polygon","coordinates":[[[30.04233,-1.90591],[30.04227,-1.90576],[30.0421,-1.90582],[30.04198,-1.90611],[30.04211,-1.9062],[30.04217,-1.90612],[30.04233,-1.90591]]]},"properties":{"objectid":40634570,"parcel_num":1854,"village":"Nyagasozi","province":"Kigali City","district":"Gasabo","sector":"Gatsata","cell":"Karuruma","cell_code":"1020201","upi":"1/02/02/01/1854","change_id":"","start_date":"1800-01-01T00:00:00.000Z","end_date":"1899-11-30T00:00:00.000Z","status":"Actual","transactio":"","accuracy":"C","area_in_we":0,"x":504690.06085,"y":4789269.70952762,"village_co":"102020108","globalid":"{C8990EE1-9AE8-46D3-86A4-5EFF6C3C4762}","st_area_sh":958.020094285,"st_length_":131.734325629}},
{"type":"Feature","geometry":{"type":"Polygon","coordinates":[[[30.04198,-1.90611],[30.0421,-1.90582],[30.04185,-1.90604],[30.04198,-1.90611]]]},"properties":{"objectid":40634571,"parcel_num":1855,"village":"Nyagasozi","province":"Kigali City","district":"Gasabo","sector":"Gatsata","cell":"Karuruma","cell_code":"1020201","upi":"1/02/02/01/1855","change_id":"","start_date":"1800-01-01T00:00:00.000Z","end_date":"1899-11-30T00:00:00.000Z","status":"Actual","transactio":"","accuracy":"C","area_in_we":0,"x":504669.67535,"y":4789264.43644796,"village_co":"102020108","globalid":"{BFF25F7F-4149-4D77-85F0-BA29E1A9E625}","st_area_sh":338.75764971,"st_length_":87.8362015145}},
{"type":"Feature","geometry":{"type":"Polygon","coordinates":[[[30.04198,-1.90611],[30.04185,-1.90604],[30.04178,-1.90609],[30.04184,-1.90615],[30.04189,-1.9062],[30.04201,-1.90631],[30.04211,-1.9062],[30.04198,-1.90611]]]},"properties":{"objectid":40634572,"parcel_num":1856,"village":"Nyagasozi","province":"Kigali City","district":"Gasabo","sector":"Gatsata","cell":"Karuruma","cell_code":"1020201","upi":"1/02/02/01/1856","change_id":"","start_date":"1800-01-01T00:00:00.000Z","end_date":"1899-11-30T00:00:00.000Z","status":"Actual","transactio":"","accuracy":"C","area_in_we":0,"x":504668.85204853,"y":4789246.3166,"village_co":"102020108","globalid":"{ED43F320-95FF-4A8E-8716-E174D0419F94}","st_area_sh":475.85117032,"st_length_":95.2949350994}},
{"type":"Feature","geometry":{"type":"Polygon","coordinates":[[[30.04227,-1.9062],[30.04217,-1.90612],[30.04211,-1.9062],[30.04201,-1.90631],[30.04202,-1.90632],[30.04217,-1.90641],[30.04227,-1.9062]]]},"properties":{"objectid":40634573,"parcel_num":1857,"village":"Nyagasozi","province":"Kigali City","district":"Gasabo","sector":"Gatsata","cell":"Karuruma","cell_code":"1020201","upi":"1/02/02/01/1857","change_id":"","start_date":"1800-01-01T00:00:00.000Z","end_date":"1899-11-30T00:00:00.000Z","status":"Actual","transactio":"","accuracy":"C","area_in_we":0,"x":504688.1905,"y":4789235.39646987,"village_co":"102020108","globalid":"{2137927F-F134-414E-ABC7-ACB9F2A092D8}","st_area_sh":435.7910393,"st_length_":88.5839462304}},
{"type":"Feature","geometry":{"type":"Polygon","coordinates":[[[30.04246,-1.90604],[30.04233,-1.90591],[30.04217,-1.90612],[30.04227,-1.9062],[30.04238,-1.90631],[30.04243,-1.90624],[30.04249,-1.90615],[30.04251,-1.90609],[30.04246,-1.90604]]]},"properties":{"objectid":40634574,"parcel_num":1858,"village":"Nyagasozi","province":"Kigali City","district":"Gasabo","sector":"Gatsata","cell":"Karuruma","cell_code":"1020201","upi":"1/02/02/01/1858","change_id":"","start_date":"1800-01-01T00:00:00.000Z","end_date":"1899-11-30T00:00:00.000Z","status":"Actual","transactio":"","accuracy":"C","area_in_we":0,"x":504710.46295,"y":4789254.97807444,"village_co":"102020108","globalid":"{F41A461F-A9DE-40B3-9500-9A2B825A1E9D}","st_area_sh":848.87998111,"st_length_":117.967911917}},
{"type":"Feature","geometry":{"type":"Polygon","coordinates":[[[30.04238,-1.90631],[30.04227,-1.9062],[30.04217,-1.90641],[30.04218,-1.90641],[30.04231,-1.90649],[30.04238,-1.90631]]]},"properties":{"objectid":40634575,"parcel_num":1859,"village":"Nyagasozi","province":"Kigali City","district":"Gasabo","sector":"Gatsata","cell":"Karuruma","cell_code":"1020201","upi":"1/02/02/01/1859","change_id":"","start_date":"1800-01-01T00:00:00.000Z","end_date":"1899-11-30T00:00:00.000Z","status":"Actual","transactio":"","accuracy":"C","area_in_we":0,"x":504702.8592,"y":4789228.85075672,"village_co":"102020108","globalid":"{30221013-C56F-465F-99D5-648BFA2FD528}","st_area_sh":413.282354225,"st_length_":82.5795947251}},
{"type":"Feature","geometry":{"type":"Polygon","coordinates":[[[30.04273,-1.90631],[30.04249,-1.90615],[30.04243,-1.90624],[30.04268,-1.9064],[30.04273,-1.90631]]]},"properties":{"objectid":40634576,"parcel_num":1861,"village":"Nyagasozi","province":"Kigali City","district":"Gasabo","sector":"Gatsata","cell":"Karuruma","cell_code":"1020201","upi":"1/02/02/01/1861","change_id":"","start_date":"1800-01-01T00:00:00.000Z","end_date":"1899-11-30T00:00:00.000Z","status":"Actual","transactio":"","accuracy":"C","area_in_we":0,"x":504736.98521811,"y":4789235.2478,"village_co":"102020108","globalid":"{09B1606A-38E1-4677-A62A-5F77AD62CB31}","st_area_sh":363.62631952,"st_length_":87.9831134757}},
{"type":"Feature","geometry":{"type":"Polygon","coordinates":[[[30.04283,-1.90599],[30.04259,-1.90586],[30.04246,-1.90604],[30.04251,-1.90609],[30.04249,-1.90615],[30.04273,-1.90631],[30.04274,-1.90627],[30.04279,-1.90617],[30.04275,-1.90606],[30.04283,-1.90599]]]},"properties":{"objectid":40634577,"parcel_num":1862,"village":"Nyagasozi","province":"Kigali City","district":"Gasabo","sector":"Gatsata","cell":"Karuruma","cell_code":"1020201","upi":"1/02/02/01/1862","change_id":"","start_date":"1800-01-01T00:00:00.000Z","end_date":"1899-11-30T00:00:00.000Z","status":"Actual","transactio":"","accuracy":"C","area_in_we":0,"x":504744.07325,"y":4789257.42538404,"village_co":"102020108","globalid":"{1583352C-969B-43B9-9905-21BCA7BAF62E}","st_area_sh":1097.97253211,"st_length_":145.578926373}},
{"type":"Feature","geometry":{"type":"Polygon","coordinates":[[[30.0429,-1.90604],[30.04283,-1.90599],[30.04275,-1.90606],[30.04279,-1.90617],[30.0428,-1.90619],[30.0429,-1.90604]]]},"properties":{"objectid":40634578,"parcel_num":1863,"village":"Nyagasozi","province":"Kigali City","district":"Gasabo","sector":"Gatsata","cell":"Karuruma","cell_code":"1020201","upi":"1/02/02/01/1863","change_id":"","start_date":"1800-01-01T00:00:00.000Z","end_date":"1899-11-30T00:00:00.000Z","status":"Actual","transactio":"","accuracy":"C","area_in_we":0,"x":504763.97705,"y":4789257.1432591,"village_co":"102020108","globalid":"{D07AF057-CA53-4538-89C3-45FE25F0AFC3}","st_area_sh":193.95559333,"st_length_":58.5769040204}},
{"type":"Feature","geometry":{"type":"Polygon","coordinates":[[[30.0428,-1.90619],[30.04279,-1.90617],[30.04274,-1.90627],[30.04289,-1.90643],[30.04299,-1.90653],[30.04306,-1.90646],[30.04296,-1.90634],[30.04298,-1.9063],[30.04291,-1.90622],[30.0428,-1.90619]]]},"properties":{"objectid":40634579,"parcel_num":1865,"village":"Nyagasozi","province":"Kigali City","district":"Gasabo","sector":"Gatsata","cell":"Karuruma","cell_code":"1020201","upi":"1/02/02/01/1865","change_id":"MP","start_date":"2016-01-13T00:00:00.000Z","end_date":"1899-11-30T00:00:00.000Z","status":"Actual","transactio":"","accuracy":"C","area_in_we":0,"x":504772.40315,"y":4789229.48281511,"village_co":"102020108","globalid":"{EF07641F-BCB2-4558-840D-F3FEC7BE4D80}","st_area_sh":559.022216545,"st_length_":114.260985823}},
{"type":"Feature","geometry":{"type":"Polygon","coordinates":[[[30.04326,-1.90622],[30.04336,-1.90606],[30.04309,-1.90613],[30.04298,-1.9063],[30.04296,-1.90634],[30.04306,-1.90646],[30.04307,-1.90648],[30.04318,-1.90633],[30.04326,-1.90622]]]},"properties":{"objectid":40634580,"parcel_num":1866,"village":"Nyagasozi","province":"Kigali City","district":"Gasabo","sector":"Gatsata","cell":"Karuruma","cell_code":"1020201","upi":"1/02/02/01/1866","change_id":"","start_date":"1800-01-01T00:00:00.000Z","end_date":"1899-11-30T00:00:00.000Z","status":"Actual","transactio":"","accuracy":"C","area_in_we":0,"x":504795.3736373,"y":4789235.73545,"village_co":"102020108","globalid":"{1FFA10F9-3D41-4D60-8F6F-F653F1F6A930}","st_area_sh":814.18275258,"st_length_":136.694482297}},
{"type":"Feature","geometry":{"type":"Polygon","coordinates":[[[30.04299,-1.90653],[30.04289,-1.90643],[30.04281,-1.90654],[30.04289,-1.90664],[30.04301,-1.90655],[30.04299,-1.90653]]]},"properties":{"objectid":40634581,"parcel_num":1867,"village":"Nyagasozi","province":"Kigali City","district":"Gasabo","sector":"Gatsata","cell":"Karuruma","cell_code":"1020201","upi":"1/02/02/01/1867","change_id":"","start_date":"1800-01-01T00:00:00.000Z","end_date":"1899-11-30T00:00:00.000Z","status":"Actual","transactio":"","accuracy":"C","area_in_we":0,"x":504773.07665834,"y":4789206.26945,"village_co":"102020108","globalid":"{33D81FC0-B64B-4879-A7C2-B61532D60BDD}","st_area_sh":255.03759197,"st_length_":63.6870713272}},
{"type":"Feature","geometry":{"type":"Polygon","coordinates":[[[30.04289,-1.90643],[30.04274,-1.90627],[30.04273,-1.90631],[30.04268,-1.9064],[30.04266,-1.90643],[30.04277,-1.90659],[30.04267,-1.90667],[30.04274,-1.90674],[30.04276,-1.90676],[30.04285,-1.90668],[30.04289,-1.90664],[30.04281,-1.90654],[30.04289,-1.90643]]]},"properties":{"objectid":40634582,"parcel_num":1868,"village":"Nyagasozi","province":"Kigali City","district":"Gasabo","sector":"Gatsata","cell":"Karuruma","cell_code":"1020201","upi":"1/02/02/01/1868","change_id":"BC","start_date":"2016-01-13T00:00:00.000Z","end_date":"1899-11-30T00:00:00.000Z","status":"Actual","transactio":"","accuracy":"C","area_in_we":0,"x":504758.7705,"y":4789209.05688978,"village_co":"102020108","globalid":"{D72F64D1-D145-43D6-B23D-1F6BE67FEA24}","st_area_sh":763.668332535,"st_length_":145.729746186}},
{"type":"Feature","geometry":{"type":"Polygon","coordinates":[[[30.0424,-1.90658],[30.04257,-1.90674],[30.04266,-1.90664],[30.04255,-1.9065],[30.0424,-1.90658]]]},"properties":{"objectid":40634583,"parcel_num":1869,"village":"Nyagasozi","province":"Kigali City","district":"Gasabo","sector":"Gatsata","cell":"Karuruma","cell_code":"1020201","upi":"1/02/02/01/1869","change_id":"","start_date":"1800-01-01T00:00:00.000Z","end_date":"1899-11-30T00:00:00.000Z","status":"Actual","transactio":"","accuracy":"C","area_in_we":0,"x":504732.35876338,"y":4789197.3433,"village_co":"102020108","globalid":"{1DFFA2DC-FF2C-4102-9545-95837AF9744F}","st_area_sh":368.12222856,"st_length_":79.0877339706}},
{"type":"Feature","geometry":{"type":"Polygon","coordinates":[[[30.04231,-1.90649],[30.04218,-1.90641],[30.04203,-1.90675],[30.04219,-1.90682],[30.04239,-1.90657],[30.04231,-1.90649]]]},"properties":{"objectid":40634585,"parcel_num":1871,"village":"Nyagasozi","province":"Kigali City","district":"Gasabo","sector":"Gatsata","cell":"Karuruma","cell_code":"1020201","upi":"1/02/02/01/1871","change_id":"","start_date":"1800-01-01T00:00:00.000Z","end_date":"1899-11-30T00:00:00.000Z","status":"Actual","transactio":"","accuracy":"C","area_in_we":0,"x":504695.73805,"y":4789198.06707652,"village_co":"102020108","globalid":"{3F7D3036-3E2E-4374-8FC3-5E5E998AF574}","st_area_sh":889.75920788,"st_length_":124.352712422}},
{"type":"Feature","geometry":{"type":"Polygon","coordinates":[[[30.04291,-1.90674],[30.04285,-1.90668],[30.04276,-1.90676],[30.04267,-1.90683],[30.04271,-1.90691],[30.04288,-1.90694],[30.04299,-1.90687],[30.04291,-1.90674]]]},"properties":{"objectid":40634586,"parcel_num":1872,"village":"Nyagasozi","province":"Kigali City","district":"Gasabo","sector":"Gatsata","cell":"Karuruma","cell_code":"1020201","upi":"1/02/02/01/1872","change_id":"","start_date":"1800-01-01T00:00:00.000Z","end_date":"1899-11-30T00:00:00.000Z","status":"Actual","transactio":"","accuracy":"C","area_in_we":0,"x":504763.74877065,"y":4789176.23485,"village_co":"102020108","globalid":"{0D345C37-3A12-4B76-A475-DCDC79CB4935}","st_area_sh":596.32741988,"st_length_":97.5675712628}},
{"type":"Feature","geometry":{"type":"Polygon","coordinates":[[[30.04344,-1.90488],[30.04341,-1.90469],[30.04317,-1.9047],[30.04303,-1.90489],[30.04335,-1.90489],[30.04344,-1.90488]]]},"properties":{"objectid":40634587,"parcel_num":1873,"village":"Nyagasozi","province":"Kigali City","district":"Gasabo","sector":"Gatsata","cell":"Karuruma","cell_code":"1020201","upi":"1/02/02/01/1873","change_id":"","start_date":"1800-01-01T00:00:00.000Z","end_date":"1899-11-30T00:00:00.000Z","status":"Actual","transactio":"","accuracy":"C","area_in_we":0,"x":504812.41038418,"y":4789398.96395,"village_co":"102020108","globalid":"{C25D0D6B-6A84-46A2-8350-E8B9AFA95297}","st_area_sh":742.50144767,"st_length_":119.625794379}},
{"type":"Feature","geometry":{"type":"Polygon","coordinates":[[[30.0435,-1.90467],[30.04348,-1.90452],[30.04327,-1.90453],[30.04317,-1.9047],[30.04341,-1.90469],[30.0435,-1.90467]]]},"properties":{"objectid":40634588,"parcel_num":1874,"village":"Nyagasozi","province":"Kigali City","district":"Gasabo","sector":"Gatsata","cell":"Karuruma","cell_code":"1020201","upi":"1/02/02/01/1874","change_id":"","start_date":"1800-01-01T00:00:00.000Z","end_date":"1899-11-30T00:00:00.000Z","status":"Actual","transactio":"","accuracy":"C","area_in_we":0,"x":504823.31620126,"y":4789418.39455,"village_co":"102020108","globalid":"{38128CEC-1CED-4917-B1C9-B4E13085D71A}","st_area_sh":556.11208371,"st_length_":100.515339707}},
{"type":"Feature","geometry":{"type":"Polygon","coordinates":[[[30.04348,-1.90452],[30.0434,-1.90429],[30.04337,-1.90428],[30.04327,-1.90453],[30.04348,-1.90452]]]},"properties":{"objectid":40634589,"parcel_num":1875,"village":"Nyagasozi","province":"Kigali City","district":"Gasabo","sector":"Gatsata","cell":"Karuruma","cell_code":"1020201","upi":"1/02/02/01/1875","change_id":"","start_date":"1800-01-01T00:00:00.000Z","end_date":"1899-11-30T00:00:00.000Z","status":"Actual","transactio":"","accuracy":"C","area_in_we":0,"x":504825.1753,"y":4789441.49687968,"village_co":"102020108","globalid":"{AA1369EB-CA05-48B7-AF89-950F296DCFED}","st_area_sh":378.98471195,"st_length_":83.8433738681}},
{"type":"Feature","geometry":{"type":"Polygon","coordinates":[[[30.04379,-1.9052],[30.04379,-1.90503],[30.04358,-1.90506],[30.04358,-1.90521],[30.04376,-1.9052],[30.04379,-1.9052]]]},"properties":{"objectid":40634590,"parcel_num":1876,"village":"Nyagasozi","province":"Kigali City","district":"Gasabo","sector":"Gatsata","cell":"Karuruma","cell_code":"1020201","upi":"1/02/02/01/1876","change_id":"","start_date":"1800-01-01T00:00:00.000Z","end_date":"1899-11-30T00:00:00.000Z","status":"Actual","transactio":"","accuracy":"C","area_in_we":0,"x":504859.85684205,"y":4789362.4312,"village_co":"102020108","globalid":"{4EDA576B-0B1D-401E-B63D-C6ECAF858AEF}","st_area_sh":421.643356585,"st_length_":82.3720702451}},
{"type":"Feature","geometry":{"type":"Polygon","coordinates":[[[30.04379,-1.90502],[30.04377,-1.90486],[30.04357,-1.90489],[30.04358,-1.90506],[30.04379,-1.90503],[30.04379,-1.90502]]]},"properties":{"objectid":40634591,"parcel_num":1877,"village":"Nyagasozi","province":"Kigali City","district":"Gasabo","sector":"Gatsata","cell":"Karuruma","cell_code":"1020201","upi":"1/02/02/01/1877","change_id":"","start_date":"1800-01-01T00:00:00.000Z","end_date":"1899-11-30T00:00:00.000Z","status":"Actual","transactio":"","accuracy":"C","area_in_we":0,"x":504859.1208041,"y":4789380.5011,"village_co":"102020108","globalid":"{7A5B320D-BDF2-4DE2-8450-04D9CC431335}","st_area_sh":417.826526585,"st_length_":83.5250098487}},
{"type":"Feature","geometry":{"type":"Polygon","coordinates":[[[30.04374,-1.90474],[30.04372,-1.90461],[30.04353,-1.90464],[30.04355,-1.90479],[30.04374,-1.90474]]]},"properties":{"objectid":40634592,"parcel_num":1880,"village":"Nyagasozi","province":"Kigali City","district":"Gasabo","sector":"Gatsata","cell":"Karuruma","cell_code":"1020201","upi":"1/02/02/01/1880","change_id":"","start_date":"1800-01-01T00:00:00.000Z","end_date":"1899-11-30T00:00:00.000Z","status":"Actual","transactio":"","accuracy":"C","area_in_we":0,"x":504854.37061382,"y":4789409.4598,"village_co":"102020108","globalid":"{3E8808D9-A9E2-45FD-A33D-522BE3A7C2F8}","st_area_sh":330.9571208,"st_length_":73.8887160807}},
{"type":"Feature","geometry":{"type":"Polygon","coordinates":[[[30.04371,-1.90453],[30.04369,-1.90446],[30.04362,-1.90447],[30.04351,-1.90449],[30.04353,-1.90464],[30.04372,-1.90461],[30.04371,-1.90453]]]},"properties":{"objectid":40634593,"parcel_num":1882,"village":"Nyagasozi","province":"Kigali City","district":"Gasabo","sector":"Gatsata","cell":"Karuruma","cell_code":"1020201","upi":"1/02/02/01/1882","change_id":"","start_date":"1800-01-01T00:00:00.000Z","end_date":"1899-11-30T00:00:00.000Z","status":"Actual","transactio":"","accuracy":"C","area_in_we":0,"x":504851.92164126,"y":4789426.11315,"village_co":"102020108","globalid":"{818B25CD-81DA-4071-A161-39AC229BF746}","st_area_sh":358.62701057,"st_length_":75.1259122142}},
{"type":"Feature","geometry":{"type":"Polygon","coordinates":[[[30.04362,-1.90447],[30.0436,-1.90431],[30.04347,-1.90433],[30.04351,-1.90449],[30.04362,-1.90447]]]},"properties":{"objectid":40634594,"parcel_num":1883,"village":"Nyagasozi","province":"Kigali City","district":"Gasabo","sector":"Gatsata","cell":"Karuruma","cell_code":"1020201","upi":"1/02/02/01/1883","change_id":"","start_date":"1800-01-01T00:00:00.000Z","end_date":"1899-11-30T00:00:00.000Z","status":"Actual","transactio":"","accuracy":"C","area_in_we":0,"x":504844.3991,"y":4789442.68660951,"village_co":"102020108","globalid":"{639585B0-7E83-4FC1-B185-3777FAF58D8C}","st_area_sh":243.599103785,"st_length_":63.1464004172}},
{"type":"Feature","geometry":{"type":"Polygon","coordinates":[[[30.04389,-1.90436],[30.04379,-1.90434],[30.04367,-1.90436],[30.04369,-1.90446],[30.04371,-1.90453],[30.04388,-1.90452],[30.04391,-1.90452],[30.04389,-1.9044],[30.04389,-1.90436]]]},"properties":{"objectid":40634595,"parcel_num":1884,"village":"Nyagasozi","province":"Kigali City","district":"Gasabo","sector":"Gatsata","cell":"Karuruma","cell_code":"1020201","upi":"1/02/02/01/1884","change_id":"","start_date":"1800-01-01T00:00:00.000Z","end_date":"1899-11-30T00:00:00.000Z","status":"Actual","transactio":"","accuracy":"C","area_in_we":0,"x":504871.11755553,"y":4789438.6995,"village_co":"102020108","globalid":"{CDB35C6D-C477-4B9A-A8DC-268898821E01}","st_area_sh":428.273246475,"st_length_":85.8264296069}},
{"type":"Feature","geometry":{"type":"Polygon","coordinates":[[[30.04367,-1.90436],[30.04366,-1.9043],[30.0436,-1.90431],[30.04362,-1.90447],[30.04369,-1.90446],[30.04367,-1.90436]]]},"properties":{"objectid":40634596,"parcel_num":1885,"village":"Nyagasozi","province":"Kigali City","district":"Gasabo","sector":"Gatsata","cell":"Karuruma","cell_code":"1020201","upi":"1/02/02/01/1885","change_id":"","start_date":"1800-01-01T00:00:00.000Z","end_date":"1899-11-30T00:00:00.000Z","status":"Actual","transactio":"","accuracy":"C","area_in_we":0,"x":504855.29325,"y":4789444.60226771,"village_co":"102020108","globalid":"{AB33EC9D-69DC-475D-B2E0-B6BDDF15910B}","st_area_sh":130.7779816,"st_length_":50.3291601928}},
{"type":"Feature","geometry":{"type":"Polygon","coordinates":[[[30.04399,-1.90415],[30.04399,-1.90409],[30.04382,-1.90397],[30.04359,-1.90406],[30.04338,-1.90417],[30.04347,-1.90433],[30.0436,-1.90431],[30.04366,-1.9043],[30.04365,-1.90421],[30.04375,-1.90419],[30.04386,-1.90416],[30.04399,-1.90415]]]},"properties":{"objectid":40634597,"parcel_num":1886,"village":"Nyagasozi","province":"Kigali City","district":"Gasabo","sector":"Gatsata","cell":"Karuruma","cell_code":"1020201","upi":"1/02/02/01/1886","change_id":"","start_date":"1800-01-01T00:00:00.000Z","end_date":"1899-11-30T00:00:00.000Z","status":"Actual","transactio":"","accuracy":"C","area_in_we":0,"x":504856.20995066,"y":4789470.4929,"village_co":"102020108","globalid":"{EDE16BDF-9724-4A9B-88D4-8B69BCC371B5}","st_area_sh":1269.49020526,"st_length_":178.681787686}},
{"type":"Feature","geometry":{"type":"Polygon","coordinates":[[[30.04359,-1.90406],[30.0435,-1.90388],[30.04336,-1.90392],[30.04334,-1.90396],[30.04338,-1.90417],[30.04359,-1.90406]]]},"properties":{"objectid":40634598,"parcel_num":1887,"village":"Nyagasozi","province":"Kigali City","district":"Gasabo","sector":"Gatsata","cell":"Karuruma","cell_code":"1020201","upi":"1/02/02/01/1887","change_id":"","start_date":"1800-01-01T00:00:00.000Z","end_date":"1899-11-30T00:00:00.000Z","status":"Actual","transactio":"","accuracy":"C","area_in_we":0,"x":504834.90335,"y":4789485.95247652,"village_co":"102020108","globalid":"{15E55862-3C52-4E3A-9AD1-581466C8F8F5}","st_area_sh":640.535634055,"st_length_":97.9280605479}},
{"type":"Feature","geometry":{"type":"Polygon","coordinates":[[[30.04382,-1.90397],[30.0435,-1.90388],[30.04359,-1.90406],[30.04382,-1.90397]]]},"properties":{"objectid":40634599,"parcel_num":1888,"village":"Nyagasozi","province":"Kigali City","district":"Gasabo","sector":"Gatsata","cell":"Karuruma","cell_code":"1020201","upi":"1/02/02/01/1888","change_id":"","start_date":"1800-01-01T00:00:00.000Z","end_date":"1899-11-30T00:00:00.000Z","status":"Actual","transactio":"","accuracy":"C","area_in_we":0,"x":504859.3767001,"y":4789490.16,"village_co":"102020108","globalid":"{AAFB9EFF-886E-404E-921F-5223E5C0ACEB}","st_area_sh":353.449475205,"st_length_":88.3120382367}},
{"type":"Feature","geometry":{"type":"Polygon","coordinates":[[[30.04375,-1.90419],[30.04365,-1.90421],[30.04366,-1.9043],[30.04367,-1.90436],[30.04379,-1.90434],[30.04375,-1.90419]]]},"properties":{"objectid":40634600,"parcel_num":1889,"village":"Nyagasozi","province":"Kigali City","district":"Gasabo","sector":"Gatsata","cell":"Karuruma","cell_code":"1020201","upi":"1/02/02/01/1889","change_id":"","start_date":"1800-01-01T00:00:00.000Z","end_date":"1899-11-30T00:00:00.000Z","status":"Actual","transactio":"","accuracy":"C","area_in_we":0,"x":504863.5268,"y":4789456.74106146,"village_co":"102020108","globalid":"{DE86BC09-A97D-4EB7-A5EF-5D990206AE19}","st_area_sh":222.514591945,"st_length_":59.1596257396}},
{"type":"Feature","geometry":{"type":"Polygon","coordinates":[[[30.04389,-1.90436],[30.04386,-1.90416],[30.04375,-1.90419],[30.04379,-1.90434],[30.04389,-1.90436]]]},"properties":{"objectid":40634601,"parcel_num":1890,"village":"Nyagasozi","province":"Kigali City","district":"Gasabo","sector":"Gatsata","cell":"Karuruma","cell_code":"1020201","upi":"1/02/02/01/1890","change_id":"","start_date":"1800-01-01T00:00:00.000Z","end_date":"1899-11-30T00:00:00.000Z","status":"Actual","transactio":"","accuracy":"C","area_in_we":0,"x":504875.07585,"y":4789457.66412333,"village_co":"102020108","globalid":"{E10BA4E7-4FCF-4839-9C2C-DE14EC4A528E}","st_area_sh":242.192863935,"st_length_":64.9824647556}},
{"type":"Feature","geometry":{"type":"Polygon","coordinates":[[[30.04399,-1.90415],[30.04386,-1.90416],[30.04389,-1.90436],[30.04389,-1.9044],[30.04401,-1.90439],[30.04399,-1.90415]]]},"properties":{"objectid":40634602,"parcel_num":1891,"village":"Nyagasozi","province":"Kigali City","district":"Gasabo","sector":"Gatsata","cell":"Karuruma","cell_code":"1020201","upi":"1/02/02/01/1891","change_id":"","start_date":"1800-01-01T00:00:00.000Z","end_date":"1899-11-30T00:00:00.000Z","status":"Actual","transactio":"","accuracy":"C","area_in_we":0,"x":504887.73265,"y":4789456.54375891,"village_co":"102020108","globalid":"{BA9202CD-D9DC-4CAD-9A19-BDB21D257193}","st_area_sh":373.43734936,"st_length_":82.2004615251}},
{"type":"Feature","geometry":{"type":"Polygon","coordinates":[[[30.04412,-1.90519],[30.04412,-1.90505],[30.04402,-1.90506],[30.04401,-1.90518],[30.04412,-1.90519]]]},"properties":{"objectid":40634603,"parcel_num":1893,"village":"Nyagasozi","province":"Kigali City","district":"Gasabo","sector":"Gatsata","cell":"Karuruma","cell_code":"1020201","upi":"1/02/02/01/1893","change_id":"","start_date":"1800-01-01T00:00:00.000Z","end_date":"1899-11-30T00:00:00.000Z","status":"Actual","transactio":"","accuracy":"C","area_in_we":0,"x":504902.34755,"y":4789363.21934603,"village_co":"102020108","globalid":"{E3843E84-A6AF-4890-9502-16AEF6DDC3D7}","st_area_sh":166.864840695,"st_length_":53.0030967298}},
{"type":"Feature","geometry":{"type":"Polygon","coordinates":[[[30.04516,-1.90468],[30.04517,-1.90456],[30.04471,-1.90437],[30.04469,-1.90469],[30.04492,-1.90468],[30.04502,-1.90468],[30.04516,-1.90468]]]},"properties":{"objectid":40634604,"parcel_num":1894,"village":"Nyagasozi","province":"Kigali City","district":"Gasabo","sector":"Gatsata","cell":"Karuruma","cell_code":"1020201","upi":"1/02/02/01/1894","change_id":"BC","start_date":"1800-01-01T00:00:00.000Z","end_date":"1899-11-30T00:00:00.000Z","status":"Actual","transactio":"","accuracy":"C","area_in_we":0,"x":504994.13408373,"y":4789428.36455,"village_co":"102020108","globalid":"{3DE6755A-8F2C-46F8-807B-27364722905A}","st_area_sh":1236.17687318,"st_length_":156.030759617}},
{"type":"Feature","geometry":{"type":"Polygon","coordinates":[[[30.04492,-1.90468],[30.04469,-1.90469],[30.04467,-1.90492],[30.04495,-1.90491],[30.04492,-1.90468]]]},"properties":{"objectid":40634605,"parcel_num":1895,"village":"Nyagasozi","province":"Kigali City","district":"Gasabo","sector":"Gatsata","cell":"Karuruma","cell_code":"1020201","upi":"1/02/02/01/1895","change_id":"","start_date":"1800-01-01T00:00:00.000Z","end_date":"1899-11-30T00:00:00.000Z","status":"Actual","transactio":"","accuracy":"C","area_in_we":0,"x":504984.70525909,"y":4789398.1427,"village_co":"102020108","globalid":"{5A71F082-F87E-406C-80EA-3ACE87E8BDE9}","st_area_sh":735.330960635,"st_length_":108.576091287}},
{"type":"Feature","geometry":{"type":"Polygon","coordinates":[[[30.04498,-1.90509],[30.04495,-1.90491],[30.04467,-1.90492],[30.04472,-1.9051],[30.04491,-1.90509],[30.04498,-1.90509]]]},"properties":{"objectid":40634606,"parcel_num":1896,"village":"Nyagasozi","province":"Kigali City","district":"Gasabo","sector":"Gatsata","cell":"Karuruma","cell_code":"1020201","upi":"1/02/02/01/1896","change_id":"","start_date":"1800-01-01T00:00:00.000Z","end_date":"1899-11-30T00:00:00.000Z","status":"Actual","transactio":"","accuracy":"C","area_in_we":0,"x":504987.29100477,"y":4789375.75135,"village_co":"102020108","globalid":"{C8E5FC19-A3D3-468D-B055-85086D860B46}","st_area_sh":589.86166916,"st_length_":99.745479248}},
{"type":"Feature","geometry":{"type":"Polygon","coordinates":[[[30.04461,-1.90522],[30.0446,-1.90485],[30.04448,-1.9049],[30.04452,-1.90518],[30.04452,-1.90523],[30.04461,-1.90522]]]},"properties":{"objectid":40634607,"parcel_num":1897,"village":"Nyagasozi","province":"Kigali City","district":"Gasabo","sector":"Gatsata","cell":"Karuruma","cell_code":"1020201","upi":"1/02/02/01/1897","change_id":"DP","start_date":"2023-09-08T00:00:00.000Z","end_date":"1899-11-30T00:00:00.000Z","status":"Actual","transactio":"","accuracy":"C","area_in_we":0,"x":504957.06795544,"y":4789371.55542179,"village_co":"102020108","globalid":"{88364360-A4B7-4D62-9CA2-35EB72CF3DA4}","st_area_sh":513.34232127,"st_length_":104.802620834}},
{"type":"Feature","geometry":{"type":"Polygon","coordinates":[[[30.04517,-1.90508],[30.04517,-1.9049],[30.04505,-1.9049],[30.04495,-1.90491],[30.04498,-1.90509],[30.04507,-1.90508],[30.04517,-1.90508]]]},"properties":{"objectid":40634608,"parcel_num":1898,"village":"Nyagasozi","province":"Kigali City","district":"Gasabo","sector":"Gatsata","cell":"Karuruma","cell_code":"1020201","upi":"1/02/02/01/1898","change_id":"BC","start_date":"1800-01-01T00:00:00.000Z","end_date":"1899-11-30T00:00:00.000Z","status":"Actual","transactio":"","accuracy":"C","area_in_we":0,"x":505013.71959522,"y":4789377.1785,"village_co":"102020108","globalid":"{D2FE25CA-3A0A-41A9-8636-D827DAC2D641}","st_area_sh":472.53456441,"st_length_":86.6223660923}},
{"type":"Feature","geometry":{"type":"Polygon","coordinates":[[[30.04516,-1.90468],[30.04502,-1.90468],[30.04505,-1.9049],[30.04517,-1.9049],[30.04516,-1.90468]]]},"properties":{"objectid":40634609,"parcel_num":1899,"village":"Nyagasozi","province":"Kigali City","district":"Gasabo","sector":"Gatsata","cell":"Karuruma","cell_code":"1020201","upi":"1/02/02/01/1899","change_id":"BC","start_date":"1800-01-01T00:00:00.000Z","end_date":"1899-11-30T00:00:00.000Z","status":"Actual","transactio":"","accuracy":"C","area_in_we":0,"x":505016.94335,"y":4789399.53896939,"village_co":"102020108","globalid":"{E3E02F96-AF84-473A-BC47-F15ED0ACEF0C}","st_area_sh":371.89946561,"st_length_":76.3562639641}},
{"type":"Feature","geometry":{"type":"Polygon","coordinates":[[[30.04502,-1.90468],[30.04492,-1.90468],[30.04495,-1.90491],[30.04505,-1.9049],[30.04502,-1.90468]]]},"properties":{"objectid":40634612,"parcel_num":1900,"village":"Nyagasozi","province":"Kigali City","district":"Gasabo","sector":"Gatsata","cell":"Karuruma","cell_code":"1020201","upi":"1/02/02/01/1900","change_id":"","start_date":"1800-01-01T00:00:00.000Z","end_date":"1899-11-30T00:00:00.000Z","status":"Actual","transactio":"","accuracy":"C","area_in_we":0,"x":505004.481,"y":4789399.1398303,"village_co":"102020108","globalid":"{F8648878-7491-47D2-8C55-42CBC3BE4CA5}","st_area_sh":257.553617635,"st_length_":73.105469677}},
{"type":"Feature","geometry":{"type":"Polygon","coordinates":[[[30.04566,-1.90494],[30.04553,-1.90477],[30.0452,-1.90458],[30.04522,-1.90503],[30.04543,-1.90501],[30.04542,-1.90494],[30.04566,-1.90494]]]},"properties":{"objectid":40634613,"parcel_num":1901,"village":"Nyagasozi","province":"Kigali City","district":"Gasabo","sector":"Gatsata","cell":"Karuruma","cell_code":"1020201","upi":"1/02/02/01/1901","change_id":"BC","start_date":"1800-01-01T00:00:00.000Z","end_date":"1899-11-30T00:00:00.000Z","status":"Actual","transactio":"","accuracy":"C","area_in_we":0,"x":505049.1568353,"y":4789397.57665,"village_co":"102020108","globalid":"{CFB90196-55B0-4C84-9D64-56099121415F}","st_area_sh":1473.42864581,"st_length_":178.006752897}},
{"type":"Feature","geometry":{"type":"Polygon","coordinates":[[[30.04404,-1.90452],[30.04401,-1.90439],[30.04389,-1.9044],[30.04391,-1.90452],[30.04404,-1.90452]]]},"properties":{"objectid":40634614,"parcel_num":1902,"village":"Nyagasozi","province":"Kigali City","district":"Gasabo","sector":"Gatsata","cell":"Karuruma","cell_code":"1020201","upi":"1/02/02/01/1902","change_id":"","start_date":"1800-01-01T00:00:00.000Z","end_date":"1899-11-30T00:00:00.000Z","status":"Actual","transactio":"","accuracy":"C","area_in_we":0,"x":504890.44118999,"y":4789436.11105,"village_co":"102020108","globalid":"{7DED782C-9817-4E71-8C2D-F859CCEF57E5}","st_area_sh":197.842914385,"st_length_":57.9875056813}},
{"type":"Feature","geometry":{"type":"Polygon","coordinates":[[[30.03792,-1.90911],[30.03784,-1.90906],[30.03772,-1.90912],[30.03774,-1.90918],[30.03788,-1.90917],[30.0379,-1.9092],[30.03792,-1.90911]]]},"properties":{"objectid":40634615,"parcel_num":1903,"village":"Nyagasozi","province":"Kigali City","district":"Gasabo","sector":"Gatsata","cell":"Karuruma","cell_code":"1020201","upi":"1/02/02/01/1903","change_id":"BC","start_date":"2022-05-24T00:00:00.000Z","end_date":"1899-11-30T00:00:00.000Z","status":"Actual","transactio":"","accuracy":"C","area_in_we":0,"x":504208.67293526,"y":4788919.32831063,"village_co":"102020108","globalid":"{E27D9449-372B-4D6C-A974-3BD8B481F16B}","st_area_sh":211.29402761,"st_length_":67.8882221716}},
{"type":"Feature","geometry":{"type":"Polygon","coordinates":[[[30.04049,-1.91013],[30.04036,-1.91012],[30.04027,-1.90994],[30.04007,-1.90995],[30.04007,-1.91001],[30.04008,-1.91015],[30.04022,-1.91015],[30.04023,-1.91045],[30.0403,-1.91046],[30.04042,-1.91048],[30.04043,-1.91024],[30.04049,-1.91023],[30.04049,-1.91013]]]},"properties":{"objectid":40634616,"parcel_num":1904,"village":"Nyagasozi","province":"Kigali City","district":"Gasabo","sector":"Gatsata","cell":"Karuruma","cell_code":"1020201","upi":"1/02/02/01/1904","change_id":"","start_date":"1800-01-01T00:00:00.000Z","end_date":"1899-11-30T00:00:00.000Z","status":"Actual","transactio":"","accuracy":"C","area_in_we":0,"x":504481.07955,"y":4788801.20120277,"village_co":"102020108","globalid":"{4B300E3E-41C7-476F-8695-0C98CA1630C0}","st_area_sh":1541.49159461,"st_length_":201.916512437}},
{"type":"Feature","geometry":{"type":"Polygon","coordinates":[[[30.04042,-1.91048],[30.0403,-1.91046],[30.04027,-1.91077],[30.04028,-1.91078],[30.04043,-1.91083],[30.04042,-1.91048]]]},"properties":{"objectid":40634617,"parcel_num":1905,"village":"Nyagasozi","province":"Kigali City","district":"Gasabo","sector":"Gatsata","cell":"Karuruma","cell_code":"1020201","upi":"1/02/02/01/1905","change_id":"","start_date":"1800-01-01T00:00:00.000Z","end_date":"1899-11-30T00:00:00.000Z","status":"Actual","transactio":"","accuracy":"C","area_in_we":0,"x":504488.77285,"y":4788753.32586306,"village_co":"102020108","globalid":"{721F1F70-46E2-4B9E-9765-831F7B6A5630}","st_area_sh":584.93725371,"st_length_":106.227923907}},
{"type":"Feature","geometry":{"type":"Polygon","coordinates":[[[30.04048,-1.90977],[30.04026,-1.90973],[30.04027,-1.90994],[30.04036,-1.91012],[30.04049,-1.91013],[30.0405,-1.91013],[30.04048,-1.90977]]]},"properties":{"objectid":40634618,"parcel_num":1907,"village":"Nyagasozi","province":"Kigali City","district":"Gasabo","sector":"Gatsata","cell":"Karuruma","cell_code":"1020201","upi":"1/02/02/01/1907","change_id":"","start_date":"1800-01-01T00:00:00.000Z","end_date":"1899-11-30T00:00:00.000Z","status":"Actual","transactio":"","accuracy":"C","area_in_we":0,"x":504492.1142,"y":4788830.28163395,"village_co":"102020108","globalid":"{6BDB314E-492A-45EF-B9E1-99645B9153A9}","st_area_sh":900.3833129,"st_length_":129.786905694}},
{"type":"Feature","geometry":{"type":"Polygon","coordinates":[[[30.04101,-1.90998],[30.04048,-1.90977],[30.0405,-1.91013],[30.041,-1.91015],[30.04101,-1.90998]]]},"properties":{"objectid":40634619,"parcel_num":1908,"village":"Nyagasozi","province":"Kigali City","district":"Gasabo","sector":"Gatsata","cell":"Karuruma","cell_code":"1020201","upi":"1/02/02/01/1908","change_id":"","start_date":"1800-01-01T00:00:00.000Z","end_date":"1899-11-30T00:00:00.000Z","status":"Actual","transactio":"","accuracy":"C","area_in_we":0,"x":504528.5522038,"y":4788827.7859,"village_co":"102020108","globalid":"{69A04EF6-B13B-4377-A99D-8D662978D763}","st_area_sh":1703.72551075,"st_length_":178.384205391}},
{"type":"Feature","geometry":{"type":"Polygon","coordinates":[[[30.04119,-1.91003],[30.04101,-1.90998],[30.041,-1.91015],[30.0405,-1.91013],[30.04049,-1.91013],[30.04049,-1.91023],[30.04065,-1.91025],[30.04078,-1.91027],[30.0409,-1.91029],[30.04116,-1.9103],[30.04115,-1.91043],[30.04119,-1.91044],[30.04122,-1.91004],[30.04119,-1.91003]]]},"properties":{"objectid":40634620,"parcel_num":1909,"village":"Nyagasozi","province":"Kigali City","district":"Gasabo","sector":"Gatsata","cell":"Karuruma","cell_code":"1020201","upi":"1/02/02/01/1909","change_id":"","start_date":"1800-01-01T00:00:00.000Z","end_date":"1899-11-30T00:00:00.000Z","status":"Actual","transactio":"","accuracy":"C","area_in_we":0,"x":504543.87599666,"y":4788800.29975,"village_co":"102020108","globalid":"{B2302089-3106-40A3-B1A8-71A3056F095F}","st_area_sh":1573.59730868,"st_length_":248.224765182}},
{"type":"Feature","geometry":{"type":"Polygon","coordinates":[[[30.04065,-1.91025],[30.04049,-1.91023],[30.04043,-1.91024],[30.04042,-1.91048],[30.04043,-1.91083],[30.04064,-1.91093],[30.04064,-1.91065],[30.04065,-1.91025]]]},"properties":{"objectid":40634622,"parcel_num":1910,"village":"Nyagasozi","province":"Kigali City","district":"Gasabo","sector":"Gatsata","cell":"Karuruma","cell_code":"1020201","upi":"1/02/02/01/1910","change_id":"","start_date":"1800-01-01T00:00:00.000Z","end_date":"1899-11-30T00:00:00.000Z","status":"Actual","transactio":"","accuracy":"C","area_in_we":0,"x":504509.5023,"y":4788761.24105704,"village_co":"102020108","globalid":"{E235668A-F154-4B6C-9E42-AEBB25B2BC9F}","st_area_sh":1666.64138013,"st_length_":191.037747506}},
{"type":"Feature","geometry":{"type":"Polygon","coordinates":[[[30.04078,-1.91027],[30.04065,-1.91025],[30.04064,-1.91065],[30.04077,-1.91064],[30.04077,-1.91047],[30.04078,-1.91027]]]},"properties":{"objectid":40634623,"parcel_num":1911,"village":"Nyagasozi","province":"Kigali City","district":"Gasabo","sector":"Gatsata","cell":"Karuruma","cell_code":"1020201","upi":"1/02/02/01/1911","change_id":"","start_date":"1800-01-01T00:00:00.000Z","end_date":"1899-11-30T00:00:00.000Z","status":"Actual","transactio":"","accuracy":"C","area_in_we":0,"x":504528.46115,"y":4788773.2963431,"village_co":"102020108","globalid":"{E7CFEC34-9D42-45FE-9CBA-2EA969573B9D}","st_area_sh":666.487990255,"st_length_":115.151699864}},
{"type":"Feature","geometry":{"type":"Polygon","coordinates":[[[30.0409,-1.91029],[30.04078,-1.91027],[30.04077,-1.91047],[30.04088,-1.91048],[30.04089,-1.91043],[30.0409,-1.91029]]]},"properties":{"objectid":40634624,"parcel_num":1912,"village":"Nyagasozi","province":"Kigali City","district":"Gasabo","sector":"Gatsata","cell":"Karuruma","cell_code":"1020201","upi":"1/02/02/01/1912","change_id":"","start_date":"1800-01-01T00:00:00.000Z","end_date":"1899-11-30T00:00:00.000Z","status":"Actual","transactio":"","accuracy":"C","area_in_we":0,"x":504542.86655,"y":4788781.74372535,"village_co":"102020108","globalid":"{DA80B6B3-F3EC-45E1-B3D6-49962003FDB9}","st_area_sh":268.19922101,"st_length_":67.8446709189}},
{"type":"Feature","geometry":{"type":"Polygon","coordinates":[[[30.04088,-1.91048],[30.04077,-1.91047],[30.04077,-1.91064],[30.04087,-1.91064],[30.04088,-1.91048]]]},"properties":{"objectid":40634625,"parcel_num":1913,"village":"Nyagasozi","province":"Kigali City","district":"Gasabo","sector":"Gatsata","cell":"Karuruma","cell_code":"1020201","upi":"1/02/02/01/1913","change_id":"","start_date":"1800-01-01T00:00:00.000Z","end_date":"1899-11-30T00:00:00.000Z","status":"Actual","transactio":"","accuracy":"C","area_in_we":0,"x":504541.5432,"y":4788761.5775132,"village_co":"102020108","globalid":"{0D0CD31A-8CB0-4DBB-9F3D-D2D308FD62CB}","st_area_sh":214.17896028,"st_length_":60.3317493734}},
{"type":"Feature","geometry":{"type":"Polygon","coordinates":[[[30.04115,-1.91043],[30.04116,-1.9103],[30.0409,-1.91029],[30.04089,-1.91043],[30.04115,-1.91043]]]},"properties":{"objectid":40634626,"parcel_num":1914,"village":"Nyagasozi","province":"Kigali City","district":"Gasabo","sector":"Gatsata","cell":"Karuruma","cell_code":"1020201","upi":"1/02/02/01/1914","change_id":"","start_date":"1800-01-01T00:00:00.000Z","end_date":"1899-11-30T00:00:00.000Z","status":"Actual","transactio":"","accuracy":"C","area_in_we":0,"x":504563.74233174,"y":4788783.0782,"village_co":"102020108","globalid":"{F0D83300-9A0A-438E-908A-1495D8AE9979}","st_area_sh":439.280045285,"st_length_":89.351837185}},
{"type":"Feature","geometry":{"type":"Polygon","coordinates":[[[30.04115,-1.91043],[30.04089,-1.91043],[30.04088,-1.91048],[30.04087,-1.91064],[30.04077,-1.91064],[30.04064,-1.91065],[30.04064,-1.91093],[30.04112,-1.91104],[30.0413,-1.91126],[30.04156,-1.91116],[30.04136,-1.91112],[30.04138,-1.91084],[30.04156,-1.91085],[30.04158,-1.91114],[30.04163,-1.91113],[30.04163,-1.91096],[30.04176,-1.91097],[30.04181,-1.91058],[30.04179,-1.91057],[30.04138,-1.91046],[30.04119,-1.91044],[30.04115,-1.91043]]]},"properties":{"objectid":40634627,"parcel_num":1915,"village":"Nyagasozi","province":"Kigali City","district":"Gasabo","sector":"Gatsata","cell":"Karuruma","cell_code":"1020201","upi":"1/02/02/01/1915","change_id":"","start_date":"1800-01-01T00:00:00.000Z","end_date":"1899-11-30T00:00:00.000Z","status":"Actual","transactio":"","accuracy":"C","area_in_we":0,"x":504585.73275,"y":4788732.97637493,"village_co":"102020108","globalid":"{106848F8-9097-4903-BB67-6F00DA2B69C1}","st_area_sh":7310.43284904,"st_length_":490.796835734}},
{"type":"Feature","geometry":{"type":"Polygon","coordinates":[[[30.04158,-1.91114],[30.04156,-1.91085],[30.04138,-1.91084],[30.04136,-1.91112],[30.04156,-1.91116],[30.04158,-1.91114]]]},"properties":{"objectid":40634628,"parcel_num":1916,"village":"Nyagasozi","province":"Kigali City","district":"Gasabo","sector":"Gatsata","cell":"Karuruma","cell_code":"1020201","upi":"1/02/02/01/1916","change_id":"","start_date":"1800-01-01T00:00:00.000Z","end_date":"1899-11-30T00:00:00.000Z","status":"Actual","transactio":"","accuracy":"C","area_in_we":0,"x":504613.5579,"y":4788713.76332165,"village_co":"102020108","globalid":"{DD10EB4C-C07B-4FDA-ABB3-111D1C3E4942}","st_area_sh":710.449461465,"st_length_":107.739848382}},
{"type":"Feature","geometry":{"type":"Polygon","coordinates":[[[30.04176,-1.91097],[30.04163,-1.91096],[30.04163,-1.91113],[30.04224,-1.91112],[30.04226,-1.91111],[30.04224,-1.91099],[30.04176,-1.91097]]]},"properties":{"objectid":40634629,"parcel_num":1917,"village":"Nyagasozi","province":"Kigali City","district":"Gasabo","sector":"Gatsata","cell":"Karuruma","cell_code":"1020201","upi":"1/02/02/01/1917","change_id":"","start_date":"1800-01-01T00:00:00.000Z","end_date":"1899-11-30T00:00:00.000Z","status":"Actual","transactio":"","accuracy":"C","area_in_we":0,"x":504665.60457137,"y":4788706.9267,"village_co":"102020108","globalid":"{5847782A-9AB9-4A8A-B44C-9CE007405A8F}","st_area_sh":1110.44853599,"st_length_":171.641686657}},
{"type":"Feature","geometry":{"type":"Polygon","coordinates":[[[30.0424,-1.91112],[30.04242,-1.91095],[30.04224,-1.91096],[30.04224,-1.91099],[30.04226,-1.91111],[30.0424,-1.91112]]]},"properties":{"objectid":40634630,"parcel_num":1918,"village":"Nyagasozi","province":"Kigali City","district":"Gasabo","sector":"Gatsata","cell":"Karuruma","cell_code":"1020201","upi":"1/02/02/01/1918","change_id":"","start_date":"1800-01-01T00:00:00.000Z","end_date":"1899-11-30T00:00:00.000Z","status":"Actual","transactio":"","accuracy":"C","area_in_we":0,"x":504709.16490075,"y":4788708.78355,"village_co":"102020108","globalid":"{A52FCB9F-AEB0-4A8E-A928-B55087221476}","st_area_sh":323.619861645,"st_length_":72.1133168719}},
{"type":"Feature","geometry":{"type":"Polygon","coordinates":[[[30.04236,-1.91081],[30.04226,-1.91081],[30.04224,-1.91096],[30.04242,-1.91095],[30.04244,-1.91082],[30.04236,-1.91081]]]},"properties":{"objectid":40634631,"parcel_num":1919,"village":"Nyagasozi","province":"Kigali City","district":"Gasabo","sector":"Gatsata","cell":"Karuruma","cell_code":"1020201","upi":"1/02/02/01/1919","change_id":"","start_date":"1800-01-01T00:00:00.000Z","end_date":"1899-11-30T00:00:00.000Z","status":"Actual","transactio":"","accuracy":"C","area_in_we":0,"x":504710.25540542,"y":4788725.40625,"village_co":"102020108","globalid":"{B25808C5-2625-4BB7-8CD8-5F155C9F3CCC}","st_area_sh":322.516129835,"st_length_":72.3726385642}},
{"type":"Feature","geometry":{"type":"Polygon","coordinates":[[[30.04216,-1.9104],[30.0421,-1.91031],[30.04183,-1.91018],[30.04177,-1.91011],[30.04172,-1.91011],[30.04177,-1.91037],[30.04216,-1.9104]]]},"properties":{"objectid":40634634,"parcel_num":1922,"village":"Nyagasozi","province":"Kigali City","district":"Gasabo","sector":"Gatsata","cell":"Karuruma","cell_code":"1020201","upi":"1/02/02/01/1922","change_id":"","start_date":"1800-01-01T00:00:00.000Z","end_date":"1899-11-30T00:00:00.000Z","status":"Actual","transactio":"","accuracy":"C","area_in_we":0,"x":504656.54397377,"y":4788795.18795,"village_co":"102020108","globalid":"{FD1E7C86-965A-4A34-A812-C6A0A7ABD470}","st_area_sh":741.85846654,"st_length_":135.998934355}},
{"type":"Feature","geometry":{"type":"Polygon","coordinates":[[[30.04217,-1.91014],[30.04177,-1.91011],[30.04183,-1.91018],[30.0421,-1.91031],[30.04216,-1.9104],[30.04223,-1.91051],[30.04225,-1.91056],[30.04231,-1.91056],[30.04219,-1.91024],[30.04223,-1.91016],[30.04217,-1.91014]]]},"properties":{"objectid":40634635,"parcel_num":1923,"village":"Nyagasozi","province":"Kigali City","district":"Gasabo","sector":"Gatsata","cell":"Karuruma","cell_code":"1020201","upi":"1/02/02/01/1923","change_id":"","start_date":"1800-01-01T00:00:00.000Z","end_date":"1899-11-30T00:00:00.000Z","status":"Actual","transactio":"","accuracy":"C","area_in_we":0,"x":504677.07585,"y":4788801.39836303,"village_co":"102020108","globalid":"{239A2560-6578-4CEB-AE2A-89589F61998A}","st_area_sh":994.93877892,"st_length_":184.585315527}},
{"type":"Feature","geometry":{"type":"Polygon","coordinates":[[[30.04236,-1.9102],[30.04223,-1.91016],[30.04219,-1.91024],[30.04231,-1.91056],[30.04233,-1.91056],[30.04238,-1.91056],[30.04237,-1.91037],[30.04236,-1.9102]]]},"properties":{"objectid":40634636,"parcel_num":1924,"village":"Nyagasozi","province":"Kigali City","district":"Gasabo","sector":"Gatsata","cell":"Karuruma","cell_code":"1020201","upi":"1/02/02/01/1924","change_id":"","start_date":"1800-01-01T00:00:00.000Z","end_date":"1899-11-30T00:00:00.000Z","status":"Actual","transactio":"","accuracy":"C","area_in_we":0,"x":504704.08935,"y":4788789.21660273,"village_co":"102020108","globalid":"{DB0F2829-3174-4C64-A31F-4C8E54104983}","st_area_sh":549.882613305,"st_length_":112.680723071}},
{"type":"Feature","geometry":{"type":"Polygon","coordinates":[[[30.04342,-1.91015],[30.04335,-1.91009],[30.04327,-1.91016],[30.04324,-1.91014],[30.0431,-1.91034],[30.04306,-1.91032],[30.04298,-1.91043],[30.0431,-1.91046],[30.04351,-1.91048],[30.0437,-1.91049],[30.04365,-1.9104],[30.04349,-1.91027],[30.04349,-1.91026],[30.04342,-1.91019],[30.04342,-1.91015]]]},"properties":{"objectid":40634637,"parcel_num":1925,"village":"Nyagasozi","province":"Kigali City","district":"Gasabo","sector":"Gatsata","cell":"Karuruma","cell_code":"1020201","upi":"1/02/02/01/1925","change_id":"","start_date":"1800-01-01T00:00:00.000Z","end_date":"1899-11-30T00:00:00.000Z","status":"Actual","transactio":"","accuracy":"C","area_in_we":0,"x":504819.93609842,"y":4788791.44955,"village_co":"102020108","globalid":"{627EC2EC-F25E-4EF3-A700-2E1B78A5CF4C}","st_area_sh":1816.1467811,"st_length_":201.932684406}},
{"type":"Feature","geometry":{"type":"Polygon","coordinates":[[[30.04267,-1.91074],[30.04252,-1.9107],[30.04251,-1.91082],[30.04262,-1.91082],[30.04266,-1.91082],[30.04267,-1.91074]]]},"properties":{"objectid":40634638,"parcel_num":1927,"village":"Nyagasozi","province":"Kigali City","district":"Gasabo","sector":"Gatsata","cell":"Karuruma","cell_code":"1020201","upi":"1/02/02/01/1927","change_id":"","start_date":"1800-01-01T00:00:00.000Z","end_date":"1899-11-30T00:00:00.000Z","status":"Actual","transactio":"","accuracy":"C","area_in_we":0,"x":504737.80806644,"y":4788739.319,"village_co":"102020108","globalid":"{1C7779A6-1F5E-4AE8-A327-54ADE519F0B0}","st_area_sh":204.54301319,"st_length_":56.1638040137}},
{"type":"Feature","geometry":{"type":"Polygon","coordinates":[[[30.0426,-1.91027],[30.04236,-1.9102],[30.04237,-1.91037],[30.04245,-1.91047],[30.04249,-1.91049],[30.0426,-1.91027]]]},"properties":{"objectid":40634639,"parcel_num":1928,"village":"Nyagasozi","province":"Kigali City","district":"Gasabo","sector":"Gatsata","cell":"Karuruma","cell_code":"1020201","upi":"1/02/02/01/1928","change_id":"","start_date":"1800-01-01T00:00:00.000Z","end_date":"1899-11-30T00:00:00.000Z","status":"Actual","transactio":"","accuracy":"C","area_in_we":0,"x":504725.2714,"y":4788783.74134385,"village_co":"102020108","globalid":"{F87FBD68-363D-47FB-9B0C-095574D22A43}","st_area_sh":486.197481295,"st_length_":93.6327941909}},
{"type":"Feature","geometry":{"type":"Polygon","coordinates":[[[30.04264,-1.91028],[30.0426,-1.91027],[30.04249,-1.91049],[30.04267,-1.91055],[30.04273,-1.9103],[30.04264,-1.91028]]]},"properties":{"objectid":40634640,"parcel_num":1929,"village":"Nyagasozi","province":"Kigali City","district":"Gasabo","sector":"Gatsata","cell":"Karuruma","cell_code":"1020201","upi":"1/02/02/01/1929","change_id":"","start_date":"1800-01-01T00:00:00.000Z","end_date":"1899-11-30T00:00:00.000Z","status":"Actual","transactio":"","accuracy":"C","area_in_we":0,"x":504740.16815,"y":4788777.50052736,"village_co":"102020108","globalid":"{51F3A37A-9D5C-410E-B593-08920D27503E}","st_area_sh":538.40891584,"st_length_":92.6108317584}},
{"type":"Feature","geometry":{"type":"Polygon","coordinates":[[[30.04282,-1.91034],[30.04273,-1.9103],[30.04267,-1.91055],[30.04267,-1.91068],[30.04277,-1.91069],[30.04282,-1.91034]]]},"properties":{"objectid":40634642,"parcel_num":1930,"village":"Nyagasozi","province":"Kigali City","district":"Gasabo","sector":"Gatsata","cell":"Karuruma","cell_code":"1020201","upi":"1/02/02/01/1930","change_id":"","start_date":"1800-01-01T00:00:00.000Z","end_date":"1899-11-30T00:00:00.000Z","status":"Actual","transactio":"","accuracy":"C","area_in_we":0,"x":504754.7616,"y":4788768.469584,"village_co":"102020108","globalid":"{C09B010A-1DB3-4075-9FD3-3A04E2F29971}","st_area_sh":429.743482105,"st_length_":102.196909605}},
{"type":"Feature","geometry":{"type":"Polygon","coordinates":[[[30.04298,-1.91043],[30.04282,-1.91034],[30.04277,-1.91069],[30.04289,-1.91069],[30.04308,-1.91067],[30.04309,-1.91057],[30.0431,-1.91046],[30.04298,-1.91043]]]},"properties":{"objectid":40634643,"parcel_num":1931,"village":"Nyagasozi","province":"Kigali City","district":"Gasabo","sector":"Gatsata","cell":"Karuruma","cell_code":"1020201","upi":"1/02/02/01/1931","change_id":"","start_date":"1800-01-01T00:00:00.000Z","end_date":"1899-11-30T00:00:00.000Z","status":"Actual","transactio":"","accuracy":"C","area_in_we":0,"x":504776.27019285,"y":4788766.3885,"village_co":"102020108","globalid":"{F092942F-DEFD-45C8-8F3C-D388BD8D4573}","st_area_sh":1072.71465205,"st_length_":131.186297819}},
{"type":"Feature","geometry":{"type":"Polygon","coordinates":[[[30.04342,-1.91065],[30.04309,-1.91057],[30.04308,-1.91067],[30.04336,-1.9107],[30.04336,-1.91075],[30.04337,-1.91074],[30.04342,-1.91065]]]},"properties":{"objectid":40634644,"parcel_num":1932,"village":"Nyagasozi","province":"Kigali City","district":"Gasabo","sector":"Gatsata","cell":"Karuruma","cell_code":"1020201","upi":"1/02/02/01/1932","change_id":"","start_date":"1800-01-01T00:00:00.000Z","end_date":"1899-11-30T00:00:00.000Z","status":"Actual","transactio":"","accuracy":"C","area_in_we":0,"x":504811.11682725,"y":4788750.5861,"village_co":"102020108","globalid":"{5EBBE1E1-E159-4EC3-9625-1810EA3EEA76}","st_area_sh":348.20277042,"st_length_":97.3833613104}},
{"type":"Feature","geometry":{"type":"Polygon","coordinates":[[[30.04351,-1.91048],[30.0431,-1.91046],[30.04309,-1.91057],[30.04342,-1.91065],[30.04351,-1.91049],[30.04351,-1.91048]]]},"properties":{"objectid":40634645,"parcel_num":1933,"village":"Nyagasozi","province":"Kigali City","district":"Gasabo","sector":"Gatsata","cell":"Karuruma","cell_code":"1020201","upi":"1/02/02/01/1933","change_id":"","start_date":"1800-01-01T00:00:00.000Z","end_date":"1899-11-30T00:00:00.000Z","status":"Actual","transactio":"","accuracy":"C","area_in_we":0,"x":504814.90669928,"y":4788762.062,"village_co":"102020108","globalid":"{A8AF9D8F-2D11-4A30-BB9E-84D0389AA0D0}","st_area_sh":636.427245275,"st_length_":117.250365453}},
{"type":"Feature","geometry":{"type":"Polygon","coordinates":[[[30.04324,-1.91014],[30.04318,-1.91009],[30.04306,-1.91032],[30.0431,-1.91034],[30.04324,-1.91014]]]},"properties":{"objectid":40634646,"parcel_num":1934,"village":"Nyagasozi","province":"Kigali City","district":"Gasabo","sector":"Gatsata","cell":"Karuruma","cell_code":"1020201","upi":"1/02/02/01/1934","change_id":"","start_date":"1800-01-01T00:00:00.000Z","end_date":"1899-11-30T00:00:00.000Z","status":"Actual","transactio":"","accuracy":"C","area_in_we":0,"x":504800.8179,"y":4788800.72902971,"village_co":"102020108","globalid":"{329F8089-48CC-44A1-B8C8-C6D119831059}","st_area_sh":188.66800892,"st_length_":68.5314403529}},
{"type":"Feature","geometry":{"type":"Polygon","coordinates":[[[30.04287,-1.90964],[30.04276,-1.90959],[30.0426,-1.9098],[30.04284,-1.91002],[30.04264,-1.91028],[30.04273,-1.9103],[30.04282,-1.91034],[30.04298,-1.91043],[30.04306,-1.91032],[30.04318,-1.91009],[30.04287,-1.90983],[30.04278,-1.90974],[30.04287,-1.90964]]]},"properties":{"objectid":40634647,"parcel_num":1935,"village":"Nyagasozi","province":"Kigali City","district":"Gasabo","sector":"Gatsata","cell":"Karuruma","cell_code":"1020201","upi":"1/02/02/01/1935","change_id":"","start_date":"1800-01-01T00:00:00.000Z","end_date":"1899-11-30T00:00:00.000Z","status":"Actual","transactio":"","accuracy":"C","area_in_we":0,"x":504771.65155,"y":4788810.58642382,"village_co":"102020108","globalid":"{837F4EAF-A92F-466C-BEED-B983A47920CA}","st_area_sh":2652.08427549,"st_length_":275.665654325}},
{"type":"Feature","geometry":{"type":"Polygon","coordinates":[[[30.04264,-1.91028],[30.04284,-1.91002],[30.0426,-1.9098],[30.04249,-1.90993],[30.04243,-1.90999],[30.04254,-1.91015],[30.04222,-1.91006],[30.04217,-1.91014],[30.04223,-1.91016],[30.04236,-1.9102],[30.0426,-1.91027],[30.04264,-1.91028]]]},"properties":{"objectid":40634648,"parcel_num":1936,"village":"Nyagasozi","province":"Kigali City","district":"Gasabo","sector":"Gatsata","cell":"Karuruma","cell_code":"1020201","upi":"1/02/02/01/1936","change_id":"","start_date":"1800-01-01T00:00:00.000Z","end_date":"1899-11-30T00:00:00.000Z","status":"Actual","transactio":"","accuracy":"C","area_in_we":0,"x":504744.57455158,"y":4788819.19945,"village_co":"102020108","globalid":"{85E7A0E3-C07F-4CEE-9372-E6B37065A212}","st_area_sh":1726.2570409,"st_length_":224.977332371}},
{"type":"Feature","geometry":{"type":"Polygon","coordinates":[[[30.04249,-1.90993],[30.04229,-1.90976],[30.04213,-1.90998],[30.04222,-1.91006],[30.04254,-1.91015],[30.04243,-1.90999],[30.04249,-1.90993]]]},"properties":{"objectid":40634649,"parcel_num":1937,"village":"Nyagasozi","province":"Kigali City","district":"Gasabo","sector":"Gatsata","cell":"Karuruma","cell_code":"1020201","upi":"1/02/02/01/1937","change_id":"","start_date":"1800-01-01T00:00:00.000Z","end_date":"1899-11-30T00:00:00.000Z","status":"Actual","transactio":"","accuracy":"C","area_in_we":0,"x":504706.89561805,"y":4788828.36705,"village_co":"102020108","globalid":"{7A7C52B4-4DFA-417C-8195-C91881DC0DE4}","st_area_sh":903.743124045,"st_length_":140.831556724}},
{"type":"Feature","geometry":{"type":"Polygon","coordinates":[[[30.04262,-1.90953],[30.04236,-1.90941],[30.04223,-1.90959],[30.04214,-1.90971],[30.04205,-1.90967],[30.04193,-1.90986],[30.04213,-1.90998],[30.04229,-1.90976],[30.04249,-1.90993],[30.0426,-1.9098],[30.04276,-1.90959],[30.04262,-1.90953]]]},"properties":{"objectid":40634650,"parcel_num":1938,"village":"Nyagasozi","province":"Kigali City","district":"Gasabo","sector":"Gatsata","cell":"Karuruma","cell_code":"1020201","upi":"1/02/02/01/1938","change_id":"","start_date":"1800-01-01T00:00:00.000Z","end_date":"1899-11-30T00:00:00.000Z","status":"Actual","transactio":"","accuracy":"C","area_in_we":0,"x":504718.26573283,"y":4788856.6187,"village_co":"102020108","globalid":"{8A09D0CA-5363-4ADC-A18D-7C681F99F341}","st_area_sh":2760.07240417,"st_length_":259.455669642}},
{"type":"Feature","geometry":{"type":"Polygon","coordinates":[[[30.04233,-1.90941],[30.04208,-1.90935],[30.04201,-1.90944],[30.04223,-1.90959],[30.04236,-1.90941],[30.04233,-1.90941]]]},"properties":{"objectid":40634651,"parcel_num":1939,"village":"Nyagasozi","province":"Kigali City","district":"Gasabo","sector":"Gatsata","cell":"Karuruma","cell_code":"1020201","upi":"1/02/02/01/1939","change_id":"","start_date":"1800-01-01T00:00:00.000Z","end_date":"1899-11-30T00:00:00.000Z","status":"Actual","transactio":"","accuracy":"C","area_in_we":0,"x":504693.18549699,"y":4788882.20725,"village_co":"102020108","globalid":"{5E0D4FB3-11B4-4D4E-B16B-B0A1F782FC8D}","st_area_sh":541.461136935,"st_length_":99.5726479741}},
{"type":"Feature","geometry":{"type":"Polygon","coordinates":[[[30.04201,-1.90944],[30.04196,-1.90943],[30.04187,-1.90955],[30.04168,-1.90978],[30.04176,-1.90983],[30.04182,-1.90977],[30.04193,-1.90986],[30.04205,-1.90967],[30.04214,-1.90971],[30.04223,-1.90959],[30.04201,-1.90944]]]},"properties":{"objectid":40634653,"parcel_num":1940,"village":"Nyagasozi","province":"Kigali City","district":"Gasabo","sector":"Gatsata","cell":"Karuruma","cell_code":"1020201","upi":"1/02/02/01/1940","change_id":"","start_date":"1800-01-01T00:00:00.000Z","end_date":"1899-11-30T00:00:00.000Z","status":"Actual","transactio":"","accuracy":"C","area_in_we":0,"x":504671.18563932,"y":4788862.52205,"village_co":"102020108","globalid":"{495DE7ED-90E5-4449-B145-6CEFD6EC1812}","st_area_sh":1358.5929483,"st_length_":173.33151376}},
{"type":"Feature","geometry":{"type":"Polygon","coordinates":[[[30.04187,-1.90955],[30.04168,-1.90946],[30.04164,-1.9094],[30.04148,-1.90959],[30.04158,-1.90966],[30.04157,-1.9097],[30.04168,-1.90978],[30.04187,-1.90955]]]},"properties":{"objectid":40634654,"parcel_num":1941,"village":"Nyagasozi","province":"Kigali City","district":"Gasabo","sector":"Gatsata","cell":"Karuruma","cell_code":"1020201","upi":"1/02/02/01/1941","change_id":"","start_date":"1800-01-01T00:00:00.000Z","end_date":"1899-11-30T00:00:00.000Z","status":"Actual","transactio":"","accuracy":"C","area_in_we":0,"x":504634.28093994,"y":4788868.4688,"village_co":"102020108","globalid":"{3199C253-A127-4CDF-8CE3-AE9C820B7261}","st_area_sh":859.78719333,"st_length_":126.287257111}},
{"type":"Feature","geometry":{"type":"Polygon","coordinates":[[[30.04168,-1.90978],[30.04157,-1.9097],[30.04133,-1.90981],[30.04127,-1.90982],[30.04122,-1.91004],[30.04148,-1.91011],[30.04172,-1.91011],[30.04177,-1.91011],[30.04217,-1.91014],[30.04222,-1.91006],[30.04213,-1.90998],[30.04193,-1.90986],[30.04182,-1.90977],[30.04176,-1.90983],[30.04168,-1.90978]]]},"properties":{"objectid":40634655,"parcel_num":1942,"village":"Nyagasozi","province":"Kigali City","district":"Gasabo","sector":"Gatsata","cell":"Karuruma","cell_code":"1020201","upi":"1/02/02/01/1942","change_id":"","start_date":"1800-01-01T00:00:00.000Z","end_date":"1899-11-30T00:00:00.000Z","status":"Actual","transactio":"","accuracy":"C","area_in_we":0,"x":504632.73992087,"y":4788832.3649,"village_co":"102020108","globalid":"{7315D126-4CFE-458D-A116-62DC8ECDC67B}","st_area_sh":3225.26131137,"st_length_":270.200589704}},
{"type":"Feature","geometry":{"type":"Polygon","coordinates":[[[30.04138,-1.90915],[30.04115,-1.90938],[30.0413,-1.90953],[30.04158,-1.90926],[30.04163,-1.90914],[30.04156,-1.90914],[30.04138,-1.90915]]]},"properties":{"objectid":40634656,"parcel_num":1943,"village":"Nyagasozi","province":"Kigali City","district":"Gasabo","sector":"Gatsata","cell":"Karuruma","cell_code":"1020201","upi":"1/02/02/01/1943","change_id":"","start_date":"1800-01-01T00:00:00.000Z","end_date":"1899-11-30T00:00:00.000Z","status":"Actual","transactio":"","accuracy":"C","area_in_we":0,"x":504599.77437247,"y":4788896.9488,"village_co":"102020108","globalid":"{5D1DD400-46F6-4E20-90AB-B530BF52DCF6}","st_area_sh":1160.38922079,"st_length_":146.794144319}},
{"type":"Feature","geometry":{"type":"Polygon","coordinates":[[[30.04138,-1.90915],[30.04119,-1.90906],[30.04108,-1.90918],[30.04115,-1.90926],[30.0411,-1.90932],[30.041,-1.90927],[30.04095,-1.90929],[30.04086,-1.90919],[30.04077,-1.90924],[30.04069,-1.90933],[30.04079,-1.90946],[30.0409,-1.90939],[30.04102,-1.90954],[30.04111,-1.90969],[30.04121,-1.90964],[30.04133,-1.90981],[30.04157,-1.9097],[30.04158,-1.90966],[30.04148,-1.90959],[30.04164,-1.9094],[30.04162,-1.90925],[30.04168,-1.90912],[30.04163,-1.90914],[30.04158,-1.90926],[30.0413,-1.90953],[30.04115,-1.90938],[30.04138,-1.90915]]]},"properties":{"objectid":40634657,"parcel_num":1944,"village":"Nyagasozi","province":"Kigali City","district":"Gasabo","sector":"Gatsata","cell":"Karuruma","cell_code":"1020201","upi":"1/02/02/01/1944","change_id":"","start_date":"1800-01-01T00:00:00.000Z","end_date":"1899-11-30T00:00:00.000Z","status":"Actual","transactio":"","accuracy":"C","area_in_we":0,"x":504581.6641,"y":4788911.88688519,"village_co":"102020108","globalid":"{F3D78ED2-8BE9-45BF-B9D4-6149C2B0FB4F}","st_area_sh":3498.89534227,"st_length_":462.858005698}},
{"type":"Feature","geometry":{"type":"Polygon","coordinates":[[[30.04133,-1.90981],[30.04121,-1.90964],[30.04111,-1.90969],[30.0412,-1.91],[30.04119,-1.91003],[30.04122,-1.91004],[30.04127,-1.90982],[30.04133,-1.90981]]]},"properties":{"objectid":40634658,"parcel_num":1945,"village":"Nyagasozi","province":"Kigali City","district":"Gasabo","sector":"Gatsata","cell":"Karuruma","cell_code":"1020201","upi":"1/02/02/01/1945","change_id":"","start_date":"1800-01-01T00:00:00.000Z","end_date":"1899-11-30T00:00:00.000Z","status":"Actual","transactio":"","accuracy":"C","area_in_we":0,"x":504585.7288,"y":4788841.16727554,"village_co":"102020108","globalid":"{1AB69FEE-3712-4088-B4CD-1CAD52161690}","st_area_sh":448.54023933,"st_length_":109.263641185}},
{"type":"Feature","geometry":{"type":"Polygon","coordinates":[[[30.04119,-1.90906],[30.04112,-1.90898],[30.04105,-1.90899],[30.041,-1.90907],[30.04086,-1.90919],[30.04095,-1.90929],[30.041,-1.90927],[30.0411,-1.90932],[30.04115,-1.90926],[30.04108,-1.90918],[30.04119,-1.90906]]]},"properties":{"objectid":40634659,"parcel_num":1946,"village":"Nyagasozi","province":"Kigali City","district":"Gasabo","sector":"Gatsata","cell":"Karuruma","cell_code":"1020201","upi":"1/02/02/01/1946","change_id":"","start_date":"1800-01-01T00:00:00.000Z","end_date":"1899-11-30T00:00:00.000Z","status":"Actual","transactio":"","accuracy":"C","area_in_we":0,"x":504563.95655,"y":4788916.85794547,"village_co":"102020108","globalid":"{11B3523C-71D4-463C-B28F-CC5015B847A6}","st_area_sh":702.10381653,"st_length_":123.533999188}},
{"type":"Feature","geometry":{"type":"Polygon","coordinates":[[[30.041,-1.90907],[30.04082,-1.90908],[30.04064,-1.90918],[30.04077,-1.90924],[30.04086,-1.90919],[30.041,-1.90907]]]},"properties":{"objectid":40634660,"parcel_num":1947,"village":"Nyagasozi","province":"Kigali City","district":"Gasabo","sector":"Gatsata","cell":"Karuruma","cell_code":"1020201","upi":"1/02/02/01/1947","change_id":"","start_date":"1800-01-01T00:00:00.000Z","end_date":"1899-11-30T00:00:00.000Z","status":"Actual","transactio":"","accuracy":"C","area_in_we":0,"x":504537.00298236,"y":4788916.5819,"village_co":"102020108","globalid":"{B3092BE8-13F3-4328-9611-6AD7EE29F4AF}","st_area_sh":362.72622141,"st_length_":90.2096112766}},
{"type":"Feature","geometry":{"type":"Polygon","coordinates":[[[30.04105,-1.90899],[30.04072,-1.90891],[30.04082,-1.90908],[30.041,-1.90907],[30.04105,-1.90899]]]},"properties":{"objectid":40634661,"parcel_num":1948,"village":"Nyagasozi","province":"Kigali City","district":"Gasabo","sector":"Gatsata","cell":"Karuruma","cell_code":"1020201","upi":"1/02/02/01/1948","change_id":"","start_date":"1800-01-01T00:00:00.000Z","end_date":"1899-11-30T00:00:00.000Z","status":"Actual","transactio":"","accuracy":"C","area_in_we":0,"x":504549.54161606,"y":4788934.25605,"village_co":"102020108","globalid":"{CD37A21E-B7AB-4A85-AA9F-E28BE1541FCB}","st_area_sh":397.11479707,"st_length_":93.768729524}},
{"type":"Feature","geometry":{"type":"Polygon","coordinates":[[[30.04059,-1.90886],[30.04046,-1.90884],[30.04048,-1.90906],[30.04058,-1.90913],[30.04064,-1.90918],[30.04082,-1.90908],[30.04072,-1.90891],[30.04069,-1.90889],[30.04059,-1.90886]]]},"properties":{"objectid":40634662,"parcel_num":1949,"village":"Nyagasozi","province":"Kigali City","district":"Gasabo","sector":"Gatsata","cell":"Karuruma","cell_code":"1020201","upi":"1/02/02/01/1949","change_id":"","start_date":"1800-01-01T00:00:00.000Z","end_date":"1899-11-30T00:00:00.000Z","status":"Actual","transactio":"","accuracy":"C","area_in_we":0,"x":504521.2385,"y":4788931.05409013,"village_co":"102020108","globalid":"{78D7AF61-CE80-4409-BE22-60EB57AA25D3}","st_area_sh":882.52678285,"st_length_":121.197524508}},
{"type":"Feature","geometry":{"type":"Polygon","coordinates":[[[30.04069,-1.90889],[30.04078,-1.90876],[30.04077,-1.90868],[30.04055,-1.9088],[30.04059,-1.90886],[30.04069,-1.90889]]]},"properties":{"objectid":40634664,"parcel_num":1950,"village":"Nyagasozi","province":"Kigali City","district":"Gasabo","sector":"Gatsata","cell":"Karuruma","cell_code":"1020201","upi":"1/02/02/01/1950","change_id":"","start_date":"1800-01-01T00:00:00.000Z","end_date":"1899-11-30T00:00:00.000Z","status":"Actual","transactio":"","accuracy":"C","area_in_we":0,"x":504523.9891188,"y":4788957.514,"village_co":"102020108","globalid":"{4DCCE827-DBF4-4508-8C04-344B7D4B9FD7}","st_area_sh":331.44868301,"st_length_":74.1318092829}},
{"type":"Feature","geometry":{"type":"Polygon","coordinates":[[[30.04046,-1.90884],[30.04016,-1.90885],[30.04025,-1.90911],[30.04044,-1.90903],[30.04048,-1.90906],[30.04046,-1.90884]]]},"properties":{"objectid":40634665,"parcel_num":1951,"village":"Nyagasozi","province":"Kigali City","district":"Gasabo","sector":"Gatsata","cell":"Karuruma","cell_code":"1020201","upi":"1/02/02/01/1951","change_id":"","start_date":"1800-01-01T00:00:00.000Z","end_date":"1899-11-30T00:00:00.000Z","status":"Actual","transactio":"","accuracy":"C","area_in_we":0,"x":504486.43104301,"y":4788937.76755,"village_co":"102020108","globalid":"{67657B31-4124-42D7-91DC-54E195672B28}","st_area_sh":819.870530185,"st_length_":116.608348013}},
{"type":"Feature","geometry":{"type":"Polygon","coordinates":[[[30.04048,-1.90906],[30.04044,-1.90903],[30.04025,-1.90911],[30.0404,-1.90929],[30.04058,-1.90913],[30.04048,-1.90906]]]},"properties":{"objectid":40634666,"parcel_num":1952,"village":"Nyagasozi","province":"Kigali City","district":"Gasabo","sector":"Gatsata","cell":"Karuruma","cell_code":"1020201","upi":"1/02/02/01/1952","change_id":"","start_date":"1800-01-01T00:00:00.000Z","end_date":"1899-11-30T00:00:00.000Z","status":"Actual","transactio":"","accuracy":"C","area_in_we":0,"x":504496.55454625,"y":4788916.30385,"village_co":"102020108","globalid":"{7A24E735-2260-4DAF-9141-EE13A6F2FF4D}","st_area_sh":540.91928501,"st_length_":94.6205802348}},
{"type":"Feature","geometry":{"type":"Polygon","coordinates":[[[30.04373,-1.90653],[30.04347,-1.90624],[30.04339,-1.90632],[30.04329,-1.90643],[30.04339,-1.90661],[30.04351,-1.90658],[30.04355,-1.90664],[30.04373,-1.90653]]]},"properties":{"objectid":40634667,"parcel_num":1954,"village":"Nyagasozi","province":"Kigali City","district":"Gasabo","sector":"Gatsata","cell":"Karuruma","cell_code":"1020201","upi":"1/02/02/01/1954","change_id":"BC","start_date":"1800-01-01T00:00:00.000Z","end_date":"1899-11-30T00:00:00.000Z","status":"Actual","transactio":"","accuracy":"C","area_in_we":0,"x":504835.61041688,"y":4789216.71605,"village_co":"102020108","globalid":"{04D16763-E7D7-4342-94A0-60AD50BCC675}","st_area_sh":1089.98768917,"st_length_":140.08845394}},
{"type":"Feature","geometry":{"type":"Polygon","coordinates":[[[30.04396,-1.90739],[30.04392,-1.9072],[30.04373,-1.90724],[30.04364,-1.90725],[30.04363,-1.90749],[30.04364,-1.90749],[30.04373,-1.90753],[30.04383,-1.90743],[30.04396,-1.90739]]]},"properties":{"objectid":40634668,"parcel_num":1956,"village":"Nyagasozi","province":"Kigali City","district":"Gasabo","sector":"Gatsata","cell":"Karuruma","cell_code":"1020201","upi":"1/02/02/01/1956","change_id":"","start_date":"1800-01-01T00:00:00.000Z","end_date":"1899-11-30T00:00:00.000Z","status":"Actual","transactio":"","accuracy":"C","area_in_we":0,"x":504872.75899923,"y":4789113.9446,"village_co":"102020108","globalid":"{602D434A-6BD5-4BE3-9F57-106CB8662DC9}","st_area_sh":908.560452855,"st_length_":123.846951093}},
{"type":"Feature","geometry":{"type":"Polygon","coordinates":[[[30.04363,-1.90749],[30.04364,-1.90725],[30.0435,-1.90741],[30.04363,-1.90749]]]},"properties":{"objectid":40634669,"parcel_num":1957,"village":"Nyagasozi","province":"Kigali City","district":"Gasabo","sector":"Gatsata","cell":"Karuruma","cell_code":"1020201","upi":"1/02/02/01/1957","change_id":"BC","start_date":"1800-01-01T00:00:00.000Z","end_date":"1899-11-30T00:00:00.000Z","status":"Actual","transactio":"","accuracy":"C","area_in_we":0,"x":504847.5461,"y":4789111.9903579,"village_co":"102020108","globalid":"{0C10D9B2-15AE-400D-8F25-7E076085EF68}","st_area_sh":197.635254895,"st_length_":64.9074112525}},
{"type":"Feature","geometry":{"type":"Polygon","coordinates":[[[30.0435,-1.90741],[30.04347,-1.90738],[30.04342,-1.90772],[30.04347,-1.90772],[30.0435,-1.90772],[30.04363,-1.90771],[30.04361,-1.90753],[30.04362,-1.90752],[30.04364,-1.90749],[30.04363,-1.90749],[30.0435,-1.90741]]]},"properties":{"objectid":40634670,"parcel_num":1958,"village":"Nyagasozi","province":"Kigali City","district":"Gasabo","sector":"Gatsata","cell":"Karuruma","cell_code":"1020201","upi":"1/02/02/01/1958","change_id":"","start_date":"1800-01-01T00:00:00.000Z","end_date":"1899-11-30T00:00:00.000Z","status":"Actual","transactio":"","accuracy":"C","area_in_we":0,"x":504842.5341,"y":4789092.07889197,"village_co":"102020108","globalid":"{BFAF63AF-F0CF-4513-8814-2725C0958602}","st_area_sh":643.61601377,"st_length_":107.187920683}},
{"type":"Feature","geometry":{"type":"Polygon","coordinates":[[[30.04346,-1.90737],[30.04332,-1.90728],[30.04328,-1.90731],[30.04324,-1.90736],[30.04322,-1.90749],[30.0433,-1.90771],[30.04342,-1.90773],[30.04342,-1.90772],[30.04347,-1.90738],[30.04346,-1.90737]]]},"properties":{"objectid":40634671,"parcel_num":1959,"village":"Nyagasozi","province":"Kigali City","district":"Gasabo","sector":"Gatsata","cell":"Karuruma","cell_code":"1020201","upi":"1/02/02/01/1959","change_id":"","start_date":"1800-01-01T00:00:00.000Z","end_date":"1899-11-30T00:00:00.000Z","status":"Actual","transactio":"","accuracy":"C","area_in_we":0,"x":504822.4272,"y":4789099.45172364,"village_co":"102020108","globalid":"{CBB056CB-E394-4C73-A4B4-28291A42D82C}","st_area_sh":971.56490676,"st_length_":127.235799937}},
{"type":"Feature","geometry":{"type":"Polygon","coordinates":[[[30.04318,-1.90705],[30.04305,-1.90699],[30.04294,-1.90707],[30.04303,-1.90717],[30.04308,-1.90716],[30.0431,-1.90713],[30.04318,-1.90705]]]},"properties":{"objectid":40634673,"parcel_num":1961,"village":"Nyagasozi","province":"Kigali City","district":"Gasabo","sector":"Gatsata","cell":"Karuruma","cell_code":"1020201","upi":"1/02/02/01/1961","change_id":"","start_date":"1800-01-01T00:00:00.000Z","end_date":"1899-11-30T00:00:00.000Z","status":"Actual","transactio":"","accuracy":"C","area_in_we":0,"x":504789.15197222,"y":4789145.3237,"village_co":"102020108","globalid":"{B0DBF800-776B-4CE0-899D-DDD027E4B223}","st_area_sh":283.302928565,"st_length_":72.82221951}},
{"type":"Feature","geometry":{"type":"Polygon","coordinates":[[[30.04326,-1.90696],[30.04312,-1.9068],[30.043,-1.90688],[30.04308,-1.90697],[30.04305,-1.90699],[30.04318,-1.90705],[30.04323,-1.9071],[30.04334,-1.90704],[30.0433,-1.907],[30.04326,-1.90696]]]},"properties":{"objectid":40634674,"parcel_num":1962,"village":"Nyagasozi","province":"Kigali City","district":"Gasabo","sector":"Gatsata","cell":"Karuruma","cell_code":"1020201","upi":"1/02/02/01/1962","change_id":"","start_date":"1800-01-01T00:00:00.000Z","end_date":"1899-11-30T00:00:00.000Z","status":"Actual","transactio":"","accuracy":"C","area_in_we":0,"x":504802.4789,"y":4789160.30988232,"village_co":"102020108","globalid":"{A7058638-1871-4D78-83B7-475C9D79919F}","st_area_sh":562.626079705,"st_length_":109.202359751}},
{"type":"Feature","geometry":{"type":"Polygon","coordinates":[[[30.04336,-1.90684],[30.04323,-1.90676],[30.04312,-1.9068],[30.04326,-1.90696],[30.04343,-1.90687],[30.04341,-1.90684],[30.04336,-1.90684]]]},"properties":{"objectid":40634675,"parcel_num":1963,"village":"Nyagasozi","province":"Kigali City","district":"Gasabo","sector":"Gatsata","cell":"Karuruma","cell_code":"1020201","upi":"1/02/02/01/1963","change_id":"BC","start_date":"1800-01-01T00:00:00.000Z","end_date":"1899-11-30T00:00:00.000Z","status":"Actual","transactio":"","accuracy":"C","area_in_we":0,"x":504816.63098739,"y":4789170.64475,"village_co":"102020108","globalid":"{42489C5E-07B4-46BB-B6D0-51148EF43F35}","st_area_sh":401.76204899,"st_length_":85.2228276201}},
{"type":"Feature","geometry":{"type":"Polygon","coordinates":[[[30.04346,-1.90683],[30.04339,-1.90661],[30.0433,-1.90665],[30.04336,-1.90684],[30.04341,-1.90684],[30.04346,-1.90683]]]},"properties":{"objectid":40634676,"parcel_num":1964,"village":"Nyagasozi","province":"Kigali City","district":"Gasabo","sector":"Gatsata","cell":"Karuruma","cell_code":"1020201","upi":"1/02/02/01/1964","change_id":"","start_date":"1800-01-01T00:00:00.000Z","end_date":"1899-11-30T00:00:00.000Z","status":"Actual","transactio":"","accuracy":"C","area_in_we":0,"x":504826.2997,"y":4789185.34969958,"village_co":"102020108","globalid":"{6FFEA14E-83CB-4A3B-88B3-E08BE0C3100A}","st_area_sh":256.481264075,"st_length_":69.1100618698}},
{"type":"Feature","geometry":{"type":"Polygon","coordinates":[[[30.04355,-1.90664],[30.04351,-1.90658],[30.04339,-1.90661],[30.04346,-1.90683],[30.04359,-1.90682],[30.04355,-1.90664]]]},"properties":{"objectid":40634677,"parcel_num":1965,"village":"Nyagasozi","province":"Kigali City","district":"Gasabo","sector":"Gatsata","cell":"Karuruma","cell_code":"1020201","upi":"1/02/02/01/1965","change_id":"BC","start_date":"1800-01-01T00:00:00.000Z","end_date":"1899-11-30T00:00:00.000Z","status":"Actual","transactio":"","accuracy":"C","area_in_we":0,"x":504837.8779,"y":4789187.37126967,"village_co":"102020108","globalid":"{7C68B34E-E3C4-4CAF-A533-1D997D0353DC}","st_area_sh":377.709516315,"st_length_":81.9640353708}},
{"type":"Feature","geometry":{"type":"Polygon","coordinates":[[[30.04336,-1.90684],[30.0433,-1.90665],[30.0432,-1.90671],[30.04323,-1.90676],[30.04336,-1.90684]]]},"properties":{"objectid":40634678,"parcel_num":1966,"village":"Nyagasozi","province":"Kigali City","district":"Gasabo","sector":"Gatsata","cell":"Karuruma","cell_code":"1020201","upi":"1/02/02/01/1966","change_id":"","start_date":"1800-01-01T00:00:00.000Z","end_date":"1899-11-30T00:00:00.000Z","status":"Actual","transactio":"","accuracy":"C","area_in_we":0,"x":504814.38975893,"y":4789183.27155,"village_co":"102020108","globalid":"{EB1B4135-B6FC-4666-A104-F20368FA2150}","st_area_sh":147.25073032,"st_length_":58.7805838736}},
{"type":"Feature","geometry":{"type":"Polygon","coordinates":[[[30.0432,-1.90671],[30.04312,-1.90657],[30.04306,-1.90662],[30.04301,-1.90666],[30.04312,-1.9068],[30.04323,-1.90676],[30.0432,-1.90671]]]},"properties":{"objectid":40634679,"parcel_num":1967,"village":"Nyagasozi","province":"Kigali City","district":"Gasabo","sector":"Gatsata","cell":"Karuruma","cell_code":"1020201","upi":"1/02/02/01/1967","change_id":"","start_date":"1800-01-01T00:00:00.000Z","end_date":"1899-11-30T00:00:00.000Z","status":"Actual","transactio":"","accuracy":"C","area_in_we":0,"x":504796.7763,"y":4789192.03629181,"village_co":"102020108","globalid":"{35D450A4-8C29-4E14-9774-CFC808071CBD}","st_area_sh":284.886172735,"st_length_":73.8846660672}},
{"type":"Feature","geometry":{"type":"Polygon","coordinates":[[[30.04312,-1.9068],[30.04301,-1.90666],[30.04291,-1.90674],[30.04299,-1.90687],[30.043,-1.90688],[30.04312,-1.9068]]]},"properties":{"objectid":40634680,"parcel_num":1968,"village":"Nyagasozi","province":"Kigali City","district":"Gasabo","sector":"Gatsata","cell":"Karuruma","cell_code":"1020201","upi":"1/02/02/01/1968","change_id":"","start_date":"1800-01-01T00:00:00.000Z","end_date":"1899-11-30T00:00:00.000Z","status":"Actual","transactio":"","accuracy":"C","area_in_we":0,"x":504786.08793457,"y":4789180.6227,"village_co":"102020108","globalid":"{1F51505D-22A7-4FE4-9DE4-0530912A0DF1}","st_area_sh":324.447046535,"st_length_":70.6488194809}},
{"type":"Feature","geometry":{"type":"Polygon","coordinates":[[[30.04306,-1.90662],[30.04301,-1.90655],[30.04289,-1.90664],[30.04285,-1.90668],[30.04291,-1.90674],[30.04301,-1.90666],[30.04306,-1.90662]]]},"properties":{"objectid":40634681,"parcel_num":1969,"village":"Nyagasozi","province":"Kigali City","district":"Gasabo","sector":"Gatsata","cell":"Karuruma","cell_code":"1020201","upi":"1/02/02/01/1969","change_id":"","start_date":"1800-01-01T00:00:00.000Z","end_date":"1899-11-30T00:00:00.000Z","status":"Actual","transactio":"","accuracy":"C","area_in_we":0,"x":504779.40145353,"y":4789194.4848,"village_co":"102020108","globalid":"{BCBF8C8E-6477-4AF3-A011-D54DB5B2FDF1}","st_area_sh":213.7416842,"st_length_":63.7022052134}},
{"type":"Feature","geometry":{"type":"Polygon","coordinates":[[[30.04299,-1.90746],[30.04277,-1.90746],[30.04274,-1.90752],[30.04277,-1.90761],[30.0428,-1.90769],[30.04303,-1.90763],[30.04297,-1.90755],[30.04299,-1.90746]]]},"properties":{"objectid":40634683,"parcel_num":1972,"village":"Nyagasozi","province":"Kigali City","district":"Gasabo","sector":"Gatsata","cell":"Karuruma","cell_code":"1020201","upi":"1/02/02/01/1972","change_id":"","start_date":"1800-01-01T00:00:00.000Z","end_date":"1899-11-30T00:00:00.000Z","status":"Actual","transactio":"","accuracy":"C","area_in_we":0,"x":504769.13536989,"y":4789091.51695,"village_co":"102020108","globalid":"{0967DEAA-4E6F-4E4B-B84F-40B6702E446F}","st_area_sh":586.42681335,"st_length_":106.282561094}},
{"type":"Feature","geometry":{"type":"Polygon","coordinates":[[[30.04307,-1.90767],[30.04303,-1.90763],[30.0428,-1.90769],[30.0428,-1.90771],[30.04279,-1.90777],[30.04282,-1.90784],[30.043,-1.90779],[30.04305,-1.90788],[30.04322,-1.9079],[30.04329,-1.90788],[30.04325,-1.90773],[30.04323,-1.90776],[30.04307,-1.90767]]]},"properties":{"objectid":40634684,"parcel_num":1973,"village":"Nyagasozi","province":"Kigali City","district":"Gasabo","sector":"Gatsata","cell":"Karuruma","cell_code":"1020201","upi":"1/02/02/01/1973","change_id":"","start_date":"1800-01-01T00:00:00.000Z","end_date":"1899-11-30T00:00:00.000Z","status":"Actual","transactio":"","accuracy":"C","area_in_we":0,"x":504786.60169165,"y":4789070.2809,"village_co":"102020108","globalid":"{9546B233-8966-4929-964F-79AA0FF69431}","st_area_sh":930.788130625,"st_length_":151.983871606}},
{"type":"Feature","geometry":{"type":"Polygon","coordinates":[[[30.04342,-1.90773],[30.0433,-1.90771],[30.04325,-1.90773],[30.04329,-1.90788],[30.04346,-1.908],[30.0435,-1.90795],[30.04339,-1.90785],[30.04342,-1.90773]]]},"properties":{"objectid":40634685,"parcel_num":1974,"village":"Nyagasozi","province":"Kigali City","district":"Gasabo","sector":"Gatsata","cell":"Karuruma","cell_code":"1020201","upi":"1/02/02/01/1974","change_id":"","start_date":"1800-01-01T00:00:00.000Z","end_date":"1899-11-30T00:00:00.000Z","status":"Actual","transactio":"","accuracy":"C","area_in_we":0,"x":504825.19405,"y":4789063.4743256,"village_co":"102020108","globalid":"{26ED673C-AEA2-4854-A8ED-CD3FEBBFDA4C}","st_area_sh":402.235964115,"st_length_":97.0807542159}},
{"type":"Feature","geometry":{"type":"Polygon","coordinates":[[[30.04322,-1.9079],[30.04305,-1.90788],[30.04301,-1.90807],[30.04323,-1.90809],[30.04322,-1.90807],[30.04322,-1.9079]]]},"properties":{"objectid":40634686,"parcel_num":1975,"village":"Nyagasozi","province":"Kigali City","district":"Gasabo","sector":"Gatsata","cell":"Karuruma","cell_code":"1020201","upi":"1/02/02/01/1975","change_id":"DP","start_date":"2020-06-15T00:00:00.000Z","end_date":"1899-11-30T00:00:00.000Z","status":"Actual","transactio":"","accuracy":"C","area_in_we":0,"x":504797.6216472,"y":4789046.27502489,"village_co":"102020108","globalid":"{1A2F7AF3-AB5F-4DD6-BD7C-AF9167CB5A90}","st_area_sh":433.256234055,"st_length_":87.3804822863}},
{"type":"Feature","geometry":{"type":"Polygon","coordinates":[[[30.04301,-1.90828],[30.0429,-1.90856],[30.04314,-1.90868],[30.0432,-1.90853],[30.04329,-1.90832],[30.04321,-1.90832],[30.04301,-1.90828]]]},"properties":{"objectid":40634687,"parcel_num":1977,"village":"Nyagasozi","province":"Kigali City","district":"Gasabo","sector":"Gatsata","cell":"Karuruma","cell_code":"1020201","upi":"1/02/02/01/1977","change_id":"","start_date":"1800-01-01T00:00:00.000Z","end_date":"1899-11-30T00:00:00.000Z","status":"Actual","transactio":"","accuracy":"C","area_in_we":0,"x":504794.0514,"y":4788990.98229646,"village_co":"102020108","globalid":"{021C3CD9-D4B8-458D-A4E4-EB9C53735853}","st_area_sh":1136.58205355,"st_length_":140.801482466}},
{"type":"Feature","geometry":{"type":"Polygon","coordinates":[[[30.04269,-1.90821],[30.04266,-1.90815],[30.04255,-1.90812],[30.04244,-1.90828],[30.04261,-1.9084],[30.04266,-1.90828],[30.04269,-1.90821]]]},"properties":{"objectid":40634689,"parcel_num":1980,"village":"Nyagasozi","province":"Kigali City","district":"Gasabo","sector":"Gatsata","cell":"Karuruma","cell_code":"1020201","upi":"1/02/02/01/1980","change_id":"","start_date":"1800-01-01T00:00:00.000Z","end_date":"1899-11-30T00:00:00.000Z","status":"Actual","transactio":"","accuracy":"C","area_in_we":0,"x":504734.82575,"y":4789017.77520139,"village_co":"102020108","globalid":"{5491B354-98B8-4949-AA14-CCCDDC61C7A1}","st_area_sh":467.22317143,"st_length_":87.9914986467}},
{"type":"Feature","geometry":{"type":"Polygon","coordinates":[[[30.04261,-1.90796],[30.0423,-1.90789],[30.04217,-1.90807],[30.0424,-1.90818],[30.04244,-1.90828],[30.04255,-1.90812],[30.04261,-1.90796]]]},"properties":{"objectid":40634690,"parcel_num":1981,"village":"Nyagasozi","province":"Kigali City","district":"Gasabo","sector":"Gatsata","cell":"Karuruma","cell_code":"1020201","upi":"1/02/02/01/1981","change_id":"","start_date":"1800-01-01T00:00:00.000Z","end_date":"1899-11-30T00:00:00.000Z","status":"Actual","transactio":"","accuracy":"C","area_in_we":0,"x":504714.24085724,"y":4789035.39675,"village_co":"102020108","globalid":"{F18B49BD-17C9-44FD-AF57-8B0BFC80DB2C}","st_area_sh":1066.04356934,"st_length_":140.943864701}},
{"type":"Feature","geometry":{"type":"Polygon","coordinates":[[[30.04261,-1.90771],[30.04239,-1.90767],[30.0423,-1.90789],[30.04261,-1.90796],[30.04261,-1.90795],[30.04263,-1.90788],[30.0427,-1.90778],[30.04279,-1.90777],[30.0428,-1.90771],[30.04275,-1.90771],[30.04261,-1.90771]]]},"properties":{"objectid":40634691,"parcel_num":1982,"village":"Nyagasozi","province":"Kigali City","district":"Gasabo","sector":"Gatsata","cell":"Karuruma","cell_code":"1020201","upi":"1/02/02/01/1982","change_id":"","start_date":"1800-01-01T00:00:00.000Z","end_date":"1899-11-30T00:00:00.000Z","status":"Actual","transactio":"","accuracy":"C","area_in_we":0,"x":504728.31561942,"y":4789065.01685,"village_co":"102020108","globalid":"{844D87A4-998A-43D6-950F-6438B10C8756}","st_area_sh":958.418883235,"st_length_":145.860561041}},
{"type":"Feature","geometry":{"type":"Polygon","coordinates":[[[30.0428,-1.90735],[30.04249,-1.90731],[30.04252,-1.90752],[30.04261,-1.90754],[30.04274,-1.90752],[30.04277,-1.90746],[30.0428,-1.90735]]]},"properties":{"objectid":40634692,"parcel_num":1984,"village":"Nyagasozi","province":"Kigali City","district":"Gasabo","sector":"Gatsata","cell":"Karuruma","cell_code":"1020201","upi":"1/02/02/01/1984","change_id":"","start_date":"1800-01-01T00:00:00.000Z","end_date":"1899-11-30T00:00:00.000Z","status":"Actual","transactio":"","accuracy":"C","area_in_we":0,"x":504742.93827636,"y":4789108.3093,"village_co":"102020108","globalid":"{B214D5EC-65DD-4F54-8566-7D4B8193F1CA}","st_area_sh":647.59713588,"st_length_":105.018834294}},
{"type":"Feature","geometry":{"type":"Polygon","coordinates":[[[30.04264,-1.90718],[30.04251,-1.90713],[30.04247,-1.9073],[30.04249,-1.90731],[30.0428,-1.90735],[30.04281,-1.90732],[30.04284,-1.90725],[30.04264,-1.90718]]]},"properties":{"objectid":40634693,"parcel_num":1985,"village":"Nyagasozi","province":"Kigali City","district":"Gasabo","sector":"Gatsata","cell":"Karuruma","cell_code":"1020201","upi":"1/02/02/01/1985","change_id":"","start_date":"1800-01-01T00:00:00.000Z","end_date":"1899-11-30T00:00:00.000Z","status":"Actual","transactio":"","accuracy":"C","area_in_we":0,"x":504744.64848577,"y":4789128.5256,"village_co":"102020108","globalid":"{202E2C4E-0932-495F-A0F2-79933FF1395C}","st_area_sh":605.18489419,"st_length_":107.54710313}},
{"type":"Feature","geometry":{"type":"Polygon","coordinates":[[[30.04246,-1.90711],[30.04231,-1.90703],[30.04211,-1.90724],[30.0421,-1.9073],[30.0422,-1.90731],[30.04242,-1.90733],[30.04246,-1.90711]]]},"properties":{"objectid":40634694,"parcel_num":1986,"village":"Nyagasozi","province":"Kigali City","district":"Gasabo","sector":"Gatsata","cell":"Karuruma","cell_code":"1020201","upi":"1/02/02/01/1986","change_id":"BC","start_date":"1800-01-01T00:00:00.000Z","end_date":"1899-11-30T00:00:00.000Z","status":"Actual","transactio":"","accuracy":"C","area_in_we":0,"x":504707.01041053,"y":4789135.0676,"village_co":"102020108","globalid":"{AD42AB40-27EC-4576-B9C8-06040B164C58}","st_area_sh":831.98916205,"st_length_":118.986354579}},
{"type":"Feature","geometry":{"type":"Polygon","coordinates":[[[30.04242,-1.90733],[30.0422,-1.90731],[30.04219,-1.90746],[30.0424,-1.90745],[30.04242,-1.90733]]]},"properties":{"objectid":40634695,"parcel_num":1989,"village":"Nyagasozi","province":"Kigali City","district":"Gasabo","sector":"Gatsata","cell":"Karuruma","cell_code":"1020201","upi":"1/02/02/01/1989","change_id":"","start_date":"1800-01-01T00:00:00.000Z","end_date":"1899-11-30T00:00:00.000Z","status":"Actual","transactio":"","accuracy":"C","area_in_we":0,"x":504706.07705588,"y":4789112.6374,"village_co":"102020108","globalid":"{5E9E6994-8234-43F0-A412-822AEA224A02}","st_area_sh":360.180142285,"st_length_":78.737709075}},
{"type":"Feature","geometry":{"type":"Polygon","coordinates":[[[30.0422,-1.90731],[30.0421,-1.9073],[30.04205,-1.9073],[30.04203,-1.90751],[30.04219,-1.90746],[30.0422,-1.90731]]]},"properties":{"objectid":40634697,"parcel_num":1990,"village":"Nyagasozi","province":"Kigali City","district":"Gasabo","sector":"Gatsata","cell":"Karuruma","cell_code":"1020201","upi":"1/02/02/01/1990","change_id":"BC","start_date":"1800-01-01T00:00:00.000Z","end_date":"1899-11-30T00:00:00.000Z","status":"Actual","transactio":"","accuracy":"C","area_in_we":0,"x":504685.33395,"y":4789111.82912193,"village_co":"102020108","globalid":"{B3B310D0-4779-497A-8FFB-AA3517119EF2}","st_area_sh":352.85194919,"st_length_":77.608349323}},
{"type":"Feature","geometry":{"type":"Polygon","coordinates":[[[30.0417,-1.9076],[30.04147,-1.90752],[30.04139,-1.90767],[30.04154,-1.90766],[30.04169,-1.90776],[30.0417,-1.9076]]]},"properties":{"objectid":40634698,"parcel_num":1992,"village":"Nyagasozi","province":"Kigali City","district":"Gasabo","sector":"Gatsata","cell":"Karuruma","cell_code":"1020201","upi":"1/02/02/01/1992","change_id":"BC","start_date":"1800-01-01T00:00:00.000Z","end_date":"1899-11-30T00:00:00.000Z","status":"Actual","transactio":"","accuracy":"C","area_in_we":0,"x":504622.5827075,"y":4789083.974,"village_co":"102020108","globalid":"{DBBF2C7D-A8FA-410F-9DF5-B5E1EE015263}","st_area_sh":426.399903095,"st_length_":100.863356593}},
{"type":"Feature","geometry":{"type":"Polygon","coordinates":[[[30.04145,-1.90731],[30.04129,-1.90729],[30.04119,-1.9074],[30.04126,-1.90753],[30.04137,-1.90768],[30.04139,-1.90767],[30.04147,-1.90752],[30.04146,-1.90743],[30.04145,-1.90731]]]},"properties":{"objectid":40634699,"parcel_num":1995,"village":"Nyagasozi","province":"Kigali City","district":"Gasabo","sector":"Gatsata","cell":"Karuruma","cell_code":"1020201","upi":"1/02/02/01/1995","change_id":"BC","start_date":"1800-01-01T00:00:00.000Z","end_date":"1899-11-30T00:00:00.000Z","status":"Actual","transactio":"","accuracy":"C","area_in_we":0,"x":504597.6056,"y":4789105.29019452,"village_co":"102020108","globalid":"{94A8F42D-26BA-4D91-9680-B80CA3C060EB}","st_area_sh":868.87425406,"st_length_":119.415888272}},
{"type":"Feature","geometry":{"type":"Polygon","coordinates":[[[30.0424,-1.90745],[30.04219,-1.90746],[30.04203,-1.90751],[30.04195,-1.90753],[30.04194,-1.90771],[30.04194,-1.90781],[30.04226,-1.90785],[30.0424,-1.90745]]]},"properties":{"objectid":40634700,"parcel_num":1997,"village":"Nyagasozi","province":"Kigali City","district":"Gasabo","sector":"Gatsata","cell":"Karuruma","cell_code":"1020201","upi":"1/02/02/01/1997","change_id":"BC","start_date":"1800-01-01T00:00:00.000Z","end_date":"1899-11-30T00:00:00.000Z","status":"Actual","transactio":"","accuracy":"C","area_in_we":0,"x":504688.60143492,"y":4789083.3807,"village_co":"102020108","globalid":"{1AD61208-A194-4B72-9667-DAF61CCC2E09}","st_area_sh":1720.3977489,"st_length_":165.608959934}},
{"type":"Feature","geometry":{"type":"Polygon","coordinates":[[[30.04226,-1.90785],[30.04194,-1.90781],[30.0419,-1.90798],[30.04211,-1.90805],[30.04226,-1.90785]]]},"properties":{"objectid":40634701,"parcel_num":1998,"village":"Nyagasozi","province":"Kigali City","district":"Gasabo","sector":"Gatsata","cell":"Karuruma","cell_code":"1020201","upi":"1/02/02/01/1998","change_id":"BC","start_date":"1800-01-01T00:00:00.000Z","end_date":"1899-11-30T00:00:00.000Z","status":"Actual","transactio":"","accuracy":"C","area_in_we":0,"x":504679.59097525,"y":4789052.445,"village_co":"102020108","globalid":"{3733ABDD-188D-4D96-8207-C83A861C3D29}","st_area_sh":699.0309752,"st_length_":108.142155794}},
{"type":"Feature","geometry":{"type":"Polygon","coordinates":[[[30.04189,-1.90801],[30.04171,-1.90785],[30.04153,-1.90808],[30.04167,-1.90828],[30.04177,-1.90824],[30.04175,-1.9082],[30.04186,-1.90807],[30.04189,-1.90801]]]},"properties":{"objectid":40634702,"parcel_num":1999,"village":"Nyagasozi","province":"Kigali City","district":"Gasabo","sector":"Gatsata","cell":"Karuruma","cell_code":"1020201","upi":"1/02/02/01/1999","change_id":"BC","start_date":"1800-01-01T00:00:00.000Z","end_date":"1899-11-30T00:00:00.000Z","status":"Actual","transactio":"","accuracy":"C","area_in_we":0,"x":504639.9182,"y":4789037.95303301,"village_co":"102020108","globalid":"{312A88FF-D18F-4FD5-AC67-6170D1206751}","st_area_sh":1021.10790696,"st_length_":131.761721091}},
{"type":"Feature","geometry":{"type":"Polygon","coordinates":[[[30.04233,-1.9082],[30.04235,-1.90817],[30.04189,-1.90801],[30.04186,-1.90807],[30.04195,-1.90815],[30.04198,-1.9082],[30.04209,-1.90834],[30.04223,-1.90829],[30.04233,-1.9082]]]},"properties":{"objectid":40634705,"parcel_num":2001,"village":"Nyagasozi","province":"Kigali City","district":"Gasabo","sector":"Gatsata","cell":"Karuruma","cell_code":"1020201","upi":"1/02/02/01/2001","change_id":"BC","start_date":"2015-10-08T00:00:00.000Z","end_date":"1899-11-30T00:00:00.000Z","status":"Actual","transactio":"","accuracy":"C","area_in_we":0,"x":504689.96740123,"y":4789025.2584,"village_co":"102020108","globalid":"{1071F123-7472-4BA0-8DE0-A72D42D6A1C1}","st_area_sh":869.001346305,"st_length_":136.877091578}},
{"type":"Feature","geometry":{"type":"Polygon","coordinates":[[[30.04179,-1.90829],[30.04159,-1.90836],[30.04162,-1.9085],[30.04184,-1.90844],[30.04184,-1.90843],[30.04183,-1.90835],[30.04179,-1.90829]]]},"properties":{"objectid":40634706,"parcel_num":2002,"village":"Nyagasozi","province":"Kigali City","district":"Gasabo","sector":"Gatsata","cell":"Karuruma","cell_code":"1020201","upi":"1/02/02/01/2002","change_id":"DP","start_date":"2023-04-13T00:00:00.000Z","end_date":"1899-11-30T00:00:00.000Z","status":"Actual","transactio":"","accuracy":"C","area_in_we":0,"x":504640.77529379,"y":4789000.71845572,"village_co":"102020108","globalid":"{E352C64A-90C2-45C3-AF6B-80E311102157}","st_area_sh":461.741368525,"st_length_":85.1982131596}},
{"type":"Feature","geometry":{"type":"Polygon","coordinates":[[[30.04193,-1.90874],[30.0419,-1.9086],[30.04173,-1.90865],[30.04171,-1.90866],[30.04177,-1.90885],[30.0419,-1.90916],[30.04208,-1.90935],[30.04233,-1.90941],[30.04218,-1.90927],[30.04213,-1.9091],[30.04193,-1.90874]]]},"properties":{"objectid":40634707,"parcel_num":2005,"village":"Nyagasozi","province":"Kigali City","district":"Gasabo","sector":"Gatsata","cell":"Karuruma","cell_code":"1020201","upi":"1/02/02/01/2005","change_id":"DP","start_date":"2024-12-30T00:00:00.000Z","end_date":"1899-11-30T00:00:00.000Z","status":"Actual","transactio":"","accuracy":"C","area_in_we":0,"x":504668.09690747,"y":4788933.27110401,"village_co":"102020108","globalid":"{DDDB64C9-BDA1-40CC-A9F9-5A3CA844001D}","st_area_sh":1983.41754576,"st_length_":244.335354396}},
{"type":"Feature","geometry":{"type":"Polygon","coordinates":[[[30.04005,-1.91128],[30.04013,-1.91136],[30.04027,-1.91119],[30.04009,-1.91104],[30.03999,-1.91115],[30.03996,-1.9112],[30.04005,-1.91128]]]},"properties":{"objectid":40634708,"parcel_num":2007,"village":"Nyagasozi","province":"Kigali City","district":"Gasabo","sector":"Gatsata","cell":"Karuruma","cell_code":"1020201","upi":"1/02/02/01/2007","change_id":"","start_date":"1800-01-01T00:00:00.000Z","end_date":"1899-11-30T00:00:00.000Z","status":"Actual","transactio":"","accuracy":"C","area_in_we":0,"x":504462.33306073,"y":4788690.82375,"village_co":"102020108","globalid":"{A16A7A4F-5FBD-42A5-8542-07A0DE0D2B44}","st_area_sh":608.163641175,"st_length_":99.3203396561}},
{"type":"Feature","geometry":{"type":"Polygon","coordinates":[[[30.04222,-1.90891],[30.04218,-1.90868],[30.04214,-1.90869],[30.04193,-1.90874],[30.04213,-1.9091],[30.04224,-1.90903],[30.04222,-1.90891]]]},"properties":{"objectid":40634709,"parcel_num":2008,"village":"Nyagasozi","province":"Kigali City","district":"Gasabo","sector":"Gatsata","cell":"Karuruma","cell_code":"1020201","upi":"1/02/02/01/2008","change_id":"","start_date":"1800-01-01T00:00:00.000Z","end_date":"1899-11-30T00:00:00.000Z","status":"Actual","transactio":"","accuracy":"C","area_in_we":0,"x":504681.72355,"y":4788949.27363577,"village_co":"102020108","globalid":"{C39F56FE-6DA3-4432-9DA9-54C1801A0923}","st_area_sh":931.710928615,"st_length_":128.48273409}},
{"type":"Feature","geometry":{"type":"Polygon","coordinates":[[[30.04244,-1.90904],[30.04225,-1.90906],[30.04224,-1.90903],[30.04213,-1.9091],[30.04218,-1.90927],[30.04239,-1.90914],[30.04245,-1.90912],[30.04244,-1.90904]]]},"properties":{"objectid":40634710,"parcel_num":2009,"village":"Nyagasozi","province":"Kigali City","district":"Gasabo","sector":"Gatsata","cell":"Karuruma","cell_code":"1020201","upi":"1/02/02/01/2009","change_id":"","start_date":"1800-01-01T00:00:00.000Z","end_date":"1899-11-30T00:00:00.000Z","status":"Actual","transactio":"","accuracy":"C","area_in_we":0,"x":504701.35356773,"y":4788917.6647,"village_co":"102020108","globalid":"{79D8803C-7F55-47CD-BA1E-81DD32561A64}","st_area_sh":496.86377793,"st_length_":101.351677716}},
{"type":"Feature","geometry":{"type":"Polygon","coordinates":[[[30.04258,-1.9093],[30.04239,-1.90914],[30.04218,-1.90927],[30.04233,-1.90941],[30.04236,-1.90941],[30.04262,-1.90953],[30.04263,-1.90946],[30.04269,-1.90942],[30.04258,-1.9093]]]},"properties":{"objectid":40634711,"parcel_num":2011,"village":"Nyagasozi","province":"Kigali City","district":"Gasabo","sector":"Gatsata","cell":"Karuruma","cell_code":"1020201","upi":"1/02/02/01/2011","change_id":"","start_date":"1800-01-01T00:00:00.000Z","end_date":"1899-11-30T00:00:00.000Z","status":"Actual","transactio":"","accuracy":"C","area_in_we":0,"x":504720.37156032,"y":4788896.967,"village_co":"102020108","globalid":"{AE4995C0-A5FE-479B-A0B1-CD5B2FEAFEAF}","st_area_sh":1095.76574006,"st_length_":149.432695803}},
{"type":"Feature","geometry":{"type":"Polygon","coordinates":[[[30.04295,-1.90931],[30.04293,-1.90898],[30.04276,-1.90897],[30.04263,-1.909],[30.04263,-1.90903],[30.04264,-1.90916],[30.04265,-1.90924],[30.04258,-1.9093],[30.04269,-1.90942],[30.04282,-1.90933],[30.04295,-1.90931]]]},"properties":{"objectid":40634712,"parcel_num":2012,"village":"Nyagasozi","province":"Kigali City","district":"Gasabo","sector":"Gatsata","cell":"Karuruma","cell_code":"1020201","upi":"1/02/02/01/2012","change_id":"","start_date":"1800-01-01T00:00:00.000Z","end_date":"1899-11-30T00:00:00.000Z","status":"Actual","transactio":"","accuracy":"C","area_in_we":0,"x":504757.69785,"y":4788916.20990323,"village_co":"102020108","globalid":"{77D278E0-3294-4E29-87C9-1BD488DD5F46}","st_area_sh":1425.29639462,"st_length_":157.780518713}},
{"type":"Feature","geometry":{"type":"Polygon","coordinates":[[[30.04276,-1.90887],[30.04259,-1.90884],[30.04258,-1.90895],[30.04263,-1.909],[30.04276,-1.90897],[30.04276,-1.90887]]]},"properties":{"objectid":40634713,"parcel_num":2013,"village":"Nyagasozi","province":"Kigali City","district":"Gasabo","sector":"Gatsata","cell":"Karuruma","cell_code":"1020201","upi":"1/02/02/01/2013","change_id":"","start_date":"1800-01-01T00:00:00.000Z","end_date":"1899-11-30T00:00:00.000Z","status":"Actual","transactio":"","accuracy":"C","area_in_we":0,"x":504747.19412707,"y":4788942.7909,"village_co":"102020108","globalid":"{8F604B07-E320-4234-99B1-BB43B9E6B500}","st_area_sh":280.155758635,"st_length_":67.0844399756}},
{"type":"Feature","geometry":{"type":"Polygon","coordinates":[[[30.04296,-1.90865],[30.04252,-1.90838],[30.04247,-1.90842],[30.04246,-1.90845],[30.04251,-1.90846],[30.04251,-1.90883],[30.04259,-1.90884],[30.04276,-1.90887],[30.04276,-1.9087],[30.04287,-1.90871],[30.04293,-1.90871],[30.04296,-1.90865]]]},"properties":{"objectid":40634714,"parcel_num":2014,"village":"Nyagasozi","province":"Kigali City","district":"Gasabo","sector":"Gatsata","cell":"Karuruma","cell_code":"1020201","upi":"1/02/02/01/2014","change_id":"BC","start_date":"2015-10-08T00:00:00.000Z","end_date":"1899-11-30T00:00:00.000Z","status":"Actual","transactio":"","accuracy":"C","area_in_we":0,"x":504751.78086792,"y":4788975.46325,"village_co":"102020108","globalid":"{78709235-D04B-4450-9024-5A761A3781F3}","st_area_sh":1513.13375929,"st_length_":190.666536989}},
{"type":"Feature","geometry":{"type":"Polygon","coordinates":[[[30.04251,-1.90883],[30.04251,-1.90846],[30.04246,-1.90845],[30.04244,-1.90849],[30.04228,-1.9085],[30.04231,-1.90872],[30.04241,-1.90876],[30.04242,-1.90884],[30.04251,-1.90883]]]},"properties":{"objectid":40634715,"parcel_num":2015,"village":"Nyagasozi","province":"Kigali City","district":"Gasabo","sector":"Gatsata","cell":"Karuruma","cell_code":"1020201","upi":"1/02/02/01/2015","change_id":"BC","start_date":"2015-10-08T00:00:00.000Z","end_date":"1899-11-30T00:00:00.000Z","status":"Actual","transactio":"","accuracy":"C","area_in_we":0,"x":504716.57205,"y":4788975.97096155,"village_co":"102020108","globalid":"{DB69CFF5-5B1D-46FE-B3B3-4F5FA7C0322F}","st_area_sh":775.8671371,"st_length_":124.311333829}},
{"type":"Feature","geometry":{"type":"Polygon","coordinates":[[[30.04064,-1.90918],[30.04058,-1.90913],[30.0404,-1.90929],[30.04048,-1.90944],[30.04069,-1.90933],[30.04077,-1.90924],[30.04064,-1.90918]]]},"properties":{"objectid":40634716,"parcel_num":2017,"village":"Nyagasozi","province":"Kigali City","district":"Gasabo","sector":"Gatsata","cell":"Karuruma","cell_code":"1020201","upi":"1/02/02/01/2017","change_id":"","start_date":"1800-01-01T00:00:00.000Z","end_date":"1899-11-30T00:00:00.000Z","status":"Actual","transactio":"","accuracy":"C","area_in_we":0,"x":504512.71143064,"y":4788902.31495,"village_co":"102020108","globalid":"{528C581B-0232-4449-9C58-3155A3D1A5F6}","st_area_sh":724.50102507,"st_length_":110.202037777}},
{"type":"Feature","geometry":{"type":"Polygon","coordinates":[[[30.04107,-1.90996],[30.04101,-1.90972],[30.04086,-1.90975],[30.04074,-1.90978],[30.04072,-1.90982],[30.04107,-1.90996]]]},"properties":{"objectid":40634717,"parcel_num":2019,"village":"Nyagasozi","province":"Kigali City","district":"Gasabo","sector":"Gatsata","cell":"Karuruma","cell_code":"1020201","upi":"1/02/02/01/2019","change_id":"","start_date":"1800-01-01T00:00:00.000Z","end_date":"1899-11-30T00:00:00.000Z","status":"Actual","transactio":"","accuracy":"C","area_in_we":0,"x":504550.63614034,"y":4788841.2591,"village_co":"102020108","globalid":"{C5455F37-F51E-4B65-8BAA-194B29B9F116}","st_area_sh":594.93988319,"st_length_":109.620899089}},
{"type":"Feature","geometry":{"type":"Polygon","coordinates":[[[30.04046,-1.90945],[30.04022,-1.90944],[30.04018,-1.90948],[30.0402,-1.90968],[30.0405,-1.90975],[30.04052,-1.90962],[30.04046,-1.90945]]]},"properties":{"objectid":40634719,"parcel_num":2020,"village":"Nyagasozi","province":"Kigali City","district":"Gasabo","sector":"Gatsata","cell":"Karuruma","cell_code":"1020201","upi":"1/02/02/01/2020","change_id":"","start_date":"1800-01-01T00:00:00.000Z","end_date":"1899-11-30T00:00:00.000Z","status":"Actual","transactio":"","accuracy":"C","area_in_we":0,"x":504488.2626154,"y":4788868.2133,"village_co":"102020108","globalid":"{E5E74404-82B4-433D-8AED-62BD69EF4F6F}","st_area_sh":1030.67724186,"st_length_":127.189273935}},
{"type":"Feature","geometry":{"type":"Polygon","coordinates":[[[30.04046,-1.90945],[30.04023,-1.90912],[30.04006,-1.9092],[30.04014,-1.90949],[30.04018,-1.90948],[30.04022,-1.90944],[30.04046,-1.90945]]]},"properties":{"objectid":40634720,"parcel_num":2021,"village":"Nyagasozi","province":"Kigali City","district":"Gasabo","sector":"Gatsata","cell":"Karuruma","cell_code":"1020201","upi":"1/02/02/01/2021","change_id":"","start_date":"1800-01-01T00:00:00.000Z","end_date":"1899-11-30T00:00:00.000Z","status":"Actual","transactio":"","accuracy":"C","area_in_we":0,"x":504478.85515,"y":4788900.7224177,"village_co":"102020108","globalid":"{BEC00FFE-A58D-4992-9F4D-B7B795EFA832}","st_area_sh":974.20673726,"st_length_":136.899192822}},
{"type":"Feature","geometry":{"type":"Polygon","coordinates":[[[30.03997,-1.90924],[30.03982,-1.90909],[30.03968,-1.90924],[30.0398,-1.90938],[30.03999,-1.9093],[30.03997,-1.90924]]]},"properties":{"objectid":40634721,"parcel_num":2023,"village":"Nyagasozi","province":"Kigali City","district":"Gasabo","sector":"Gatsata","cell":"Karuruma","cell_code":"1020201","upi":"1/02/02/01/2023","change_id":"","start_date":"1800-01-01T00:00:00.000Z","end_date":"1899-11-30T00:00:00.000Z","status":"Actual","transactio":"","accuracy":"C","area_in_we":0,"x":504430.21762808,"y":4788908.24375,"village_co":"102020108","globalid":"{C79F149A-0E7D-43B4-A930-D0A69898EF4C}","st_area_sh":603.152632125,"st_length_":99.769155504}},
{"type":"Feature","geometry":{"type":"Polygon","coordinates":[[[30.03995,-1.9088],[30.03961,-1.90878],[30.03959,-1.90879],[30.03967,-1.90894],[30.03982,-1.90909],[30.03997,-1.90924],[30.04006,-1.9092],[30.04023,-1.90912],[30.04013,-1.90885],[30.03995,-1.9088]]]},"properties":{"objectid":40634722,"parcel_num":2024,"village":"Nyagasozi","province":"Kigali City","district":"Gasabo","sector":"Gatsata","cell":"Karuruma","cell_code":"1020201","upi":"1/02/02/01/2024","change_id":"","start_date":"1800-01-01T00:00:00.000Z","end_date":"1899-11-30T00:00:00.000Z","status":"Actual","transactio":"","accuracy":"C","area_in_we":0,"x":504445.06178913,"y":4788933.24915,"village_co":"102020108","globalid":"{2C3D03BE-4A83-43B3-ACE9-02AA5130CC7B}","st_area_sh":2112.25292401,"st_length_":193.583862647}},
{"type":"Feature","geometry":{"type":"Polygon","coordinates":[[[30.03982,-1.90909],[30.03967,-1.90894],[30.03952,-1.90912],[30.03965,-1.90926],[30.03968,-1.90924],[30.03982,-1.90909]]]},"properties":{"objectid":40634723,"parcel_num":2025,"village":"Nyagasozi","province":"Kigali City","district":"Gasabo","sector":"Gatsata","cell":"Karuruma","cell_code":"1020201","upi":"1/02/02/01/2025","change_id":"","start_date":"1800-01-01T00:00:00.000Z","end_date":"1899-11-30T00:00:00.000Z","status":"Actual","transactio":"","accuracy":"C","area_in_we":0,"x":504412.98555,"y":4788923.3138114,"village_co":"102020108","globalid":"{8E50DC49-0B43-481C-9910-D204FD0C545F}","st_area_sh":583.502531245,"st_length_":96.8316478079}},
{"type":"Feature","geometry":{"type":"Polygon","coordinates":[[[30.03967,-1.90894],[30.03959,-1.90879],[30.03942,-1.90899],[30.0395,-1.9091],[30.03952,-1.90912],[30.03967,-1.90894]]]},"properties":{"objectid":40634724,"parcel_num":2026,"village":"Nyagasozi","province":"Kigali City","district":"Gasabo","sector":"Gatsata","cell":"Karuruma","cell_code":"1020201","upi":"1/02/02/01/2026","change_id":"","start_date":"1800-01-01T00:00:00.000Z","end_date":"1899-11-30T00:00:00.000Z","status":"Actual","transactio":"","accuracy":"C","area_in_we":0,"x":504399.49565,"y":4788937.9950719,"village_co":"102020108","globalid":"{255AE873-C1D1-4136-A29D-E52C299DDEBB}","st_area_sh":478.76426966,"st_length_":94.6049031479}},
{"type":"Feature","geometry":{"type":"Polygon","coordinates":[[[30.03945,-1.90877],[30.03941,-1.90876],[30.0393,-1.90894],[30.03939,-1.90898],[30.03942,-1.90899],[30.03959,-1.90879],[30.03954,-1.90878],[30.03945,-1.90877]]]},"properties":{"objectid":40634725,"parcel_num":2027,"village":"Nyagasozi","province":"Kigali City","district":"Gasabo","sector":"Gatsata","cell":"Karuruma","cell_code":"1020201","upi":"1/02/02/01/2027","change_id":"","start_date":"1800-01-01T00:00:00.000Z","end_date":"1899-11-30T00:00:00.000Z","status":"Actual","transactio":"","accuracy":"C","area_in_we":0,"x":504387.687,"y":4788948.93758705,"village_co":"102020108","globalid":"{E10AE890-193A-451A-BD73-CEC3AA4C1C2C}","st_area_sh":422.686134625,"st_length_":86.9382231916}},
{"type":"Feature","geometry":{"type":"Polygon","coordinates":[[[30.03932,-1.90875],[30.03912,-1.90877],[30.03923,-1.9089],[30.0393,-1.90894],[30.03941,-1.90876],[30.03932,-1.90875]]]},"properties":{"objectid":40634726,"parcel_num":2028,"village":"Nyagasozi","province":"Kigali City","district":"Gasabo","sector":"Gatsata","cell":"Karuruma","cell_code":"1020201","upi":"1/02/02/01/2028","change_id":"","start_date":"1800-01-01T00:00:00.000Z","end_date":"1899-11-30T00:00:00.000Z","status":"Actual","transactio":"","accuracy":"C","area_in_we":0,"x":504367.05322449,"y":4788952.07375,"village_co":"102020108","globalid":"{8274B45A-5760-4BF1-AAD0-F90D2799614C}","st_area_sh":414.61092367,"st_length_":83.4008673123}},
{"type":"Feature","geometry":{"type":"Polygon","coordinates":[[[30.03912,-1.90877],[30.03904,-1.90872],[30.03913,-1.90897],[30.03923,-1.9089],[30.03912,-1.90877]]]},"properties":{"objectid":40634727,"parcel_num":2029,"village":"Nyagasozi","province":"Kigali City","district":"Gasabo","sector":"Gatsata","cell":"Karuruma","cell_code":"1020201","upi":"1/02/02/01/2029","change_id":"","start_date":"1800-01-01T00:00:00.000Z","end_date":"1899-11-30T00:00:00.000Z","status":"Actual","transactio":"","accuracy":"C","area_in_we":0,"x":504353.6104,"y":4788947.0874888,"village_co":"102020108","globalid":"{BB47AB6C-498C-4A15-95CD-AEEF72D937A2}","st_area_sh":229.07427538,"st_length_":71.752011577}},
{"type":"Feature","geometry":{"type":"Polygon","coordinates":[[[30.0393,-1.90894],[30.03923,-1.9089],[30.03913,-1.90897],[30.03924,-1.90911],[30.03939,-1.90898],[30.0393,-1.90894]]]},"properties":{"objectid":40634729,"parcel_num":2030,"village":"Nyagasozi","province":"Kigali City","district":"Gasabo","sector":"Gatsata","cell":"Karuruma","cell_code":"1020201","upi":"1/02/02/01/2030","change_id":"","start_date":"1800-01-01T00:00:00.000Z","end_date":"1899-11-30T00:00:00.000Z","status":"Actual","transactio":"","accuracy":"C","area_in_we":0,"x":504366.4994445,"y":4788933.36515,"village_co":"102020108","globalid":"{F19FC806-78EA-430D-AF7E-058A2FB66A04}","st_area_sh":342.6786919,"st_length_":76.0426429816}},
{"type":"Feature","geometry":{"type":"Polygon","coordinates":[[[30.03942,-1.90899],[30.03939,-1.90898],[30.03924,-1.90911],[30.03933,-1.90925],[30.03943,-1.90916],[30.0395,-1.9091],[30.03942,-1.90899]]]},"properties":{"objectid":40634730,"parcel_num":2031,"village":"Nyagasozi","province":"Kigali City","district":"Gasabo","sector":"Gatsata","cell":"Karuruma","cell_code":"1020201","upi":"1/02/02/01/2031","change_id":"","start_date":"1800-01-01T00:00:00.000Z","end_date":"1899-11-30T00:00:00.000Z","status":"Actual","transactio":"","accuracy":"C","area_in_we":0,"x":504379.46366256,"y":4788921.624,"village_co":"102020108","globalid":"{2AF10D67-5C10-4769-919E-AEAFBC73B9B4}","st_area_sh":471.181964195,"st_length_":86.1169103249}},
{"type":"Feature","geometry":{"type":"Polygon","coordinates":[[[30.03952,-1.90912],[30.0395,-1.9091],[30.03943,-1.90916],[30.03953,-1.90931],[30.03954,-1.90945],[30.03986,-1.90953],[30.0398,-1.90938],[30.03968,-1.90924],[30.03965,-1.90926],[30.03952,-1.90912]]]},"properties":{"objectid":40634731,"parcel_num":2032,"village":"Nyagasozi","province":"Kigali City","district":"Gasabo","sector":"Gatsata","cell":"Karuruma","cell_code":"1020201","upi":"1/02/02/01/2032","change_id":"","start_date":"1800-01-01T00:00:00.000Z","end_date":"1899-11-30T00:00:00.000Z","status":"Actual","transactio":"","accuracy":"C","area_in_we":0,"x":504409.91758709,"y":4788898.4208,"village_co":"102020108","globalid":"{1230F304-2FAC-492B-ACED-166081A4E8E0}","st_area_sh":905.137487445,"st_length_":150.485831802}},
{"type":"Feature","geometry":{"type":"Polygon","coordinates":[[[30.03954,-1.90945],[30.03953,-1.90931],[30.03943,-1.90916],[30.03933,-1.90925],[30.03937,-1.90941],[30.03954,-1.90945]]]},"properties":{"objectid":40634732,"parcel_num":2033,"village":"Nyagasozi","province":"Kigali City","district":"Gasabo","sector":"Gatsata","cell":"Karuruma","cell_code":"1020201","upi":"1/02/02/01/2033","change_id":"","start_date":"1800-01-01T00:00:00.000Z","end_date":"1899-11-30T00:00:00.000Z","status":"Actual","transactio":"","accuracy":"C","area_in_we":0,"x":504386.90595,"y":4788901.24403293,"village_co":"102020108","globalid":"{DF5F9E42-F761-453F-93F0-8254002AB795}","st_area_sh":478.53847728,"st_length_":87.8957641601}},
{"type":"Feature","geometry":{"type":"Polygon","coordinates":[[[30.03746,-1.91186],[30.03736,-1.91185],[30.03735,-1.91207],[30.03764,-1.91211],[30.03765,-1.91194],[30.03746,-1.91186]]]},"properties":{"objectid":40634733,"parcel_num":2034,"village":"Nyagasozi","province":"Kigali City","district":"Gasabo","sector":"Gatsata","cell":"Karuruma","cell_code":"1020201","upi":"1/02/02/01/2034","change_id":"","start_date":"1800-01-01T00:00:00.000Z","end_date":"1899-11-30T00:00:00.000Z","status":"Actual","transactio":"","accuracy":"C","area_in_we":0,"x":504171.87754917,"y":4788604.5298,"village_co":"102020108","globalid":"{2EC989CA-0ED2-41A0-823A-78B3EF95F434}","st_area_sh":737.51153969,"st_length_":110.023345666}},
{"type":"Feature","geometry":{"type":"Polygon","coordinates":[[[30.03908,-1.90977],[30.03906,-1.90967],[30.03886,-1.90973],[30.03888,-1.90983],[30.03889,-1.90986],[30.03909,-1.90981],[30.03908,-1.90977]]]},"properties":{"objectid":40634734,"parcel_num":2035,"village":"Nyagasozi","province":"Kigali City","district":"Gasabo","sector":"Gatsata","cell":"Karuruma","cell_code":"1020201","upi":"1/02/02/01/2035","change_id":"","start_date":"1800-01-01T00:00:00.000Z","end_date":"1899-11-30T00:00:00.000Z","status":"Actual","transactio":"","accuracy":"C","area_in_we":0,"x":504335.87649157,"y":4788849.21965,"village_co":"102020108","globalid":"{57244E23-A493-4C01-925F-5A277F33A0FE}","st_area_sh":340.682711725,"st_length_":75.1601557713}},
{"type":"Feature","geometry":{"type":"Polygon","coordinates":[[[30.04133,-1.90669],[30.04128,-1.90666],[30.04123,-1.90684],[30.04123,-1.90702],[30.04131,-1.90701],[30.04135,-1.9067],[30.04133,-1.90669]]]},"properties":{"objectid":40634736,"parcel_num":2037,"village":"Nyagasozi","province":"Kigali City","district":"Gasabo","sector":"Gatsata","cell":"Karuruma","cell_code":"1020201","upi":"1/02/02/01/2037","change_id":"","start_date":"1800-01-01T00:00:00.000Z","end_date":"1899-11-30T00:00:00.000Z","status":"Actual","transactio":"","accuracy":"C","area_in_we":0,"x":504593.3789,"y":4789172.81178104,"village_co":"102020108","globalid":"{71BA884A-0356-487C-AE4B-A269B31CE883}","st_area_sh":409.651087895,"st_length_":94.6912567185}},
{"type":"Feature","geometry":{"type":"Polygon","coordinates":[[[30.03852,-1.90652],[30.03852,-1.90648],[30.03839,-1.90645],[30.03837,-1.90661],[30.03847,-1.90661],[30.03852,-1.90659],[30.03852,-1.90652]]]},"properties":{"objectid":40634737,"parcel_num":2038,"village":"Nyagasozi","province":"Kigali City","district":"Gasabo","sector":"Gatsata","cell":"Karuruma","cell_code":"1020201","upi":"1/02/02/01/2038","change_id":"","start_date":"1800-01-01T00:00:00.000Z","end_date":"1899-11-30T00:00:00.000Z","status":"Actual","transactio":"","accuracy":"C","area_in_we":0,"x":504276.63819352,"y":4789206.45275,"village_co":"102020108","globalid":"{BED027CE-EDF6-4378-AFF8-5ED0579D12D9}","st_area_sh":256.11542144,"st_length_":63.0280865077}},
{"type":"Feature","geometry":{"type":"Polygon","coordinates":[[[30.04329,-1.90643],[30.04318,-1.90633],[30.04307,-1.90648],[30.04312,-1.90657],[30.0432,-1.90671],[30.0433,-1.90665],[30.04339,-1.90661],[30.04329,-1.90643]]]},"properties":{"objectid":40634751,"parcel_num":2051,"village":"Nyagasozi","province":"Kigali City","district":"Gasabo","sector":"Gatsata","cell":"Karuruma","cell_code":"1020201","upi":"1/02/02/01/2051","change_id":"","start_date":"1800-01-01T00:00:00.000Z","end_date":"1899-11-30T00:00:00.000Z","status":"Actual","transactio":"","accuracy":"C","area_in_we":0,"x":504809.32785,"y":4789206.48691114,"village_co":"102020108","globalid":"{C0632023-AB78-4465-8D04-C8FE198A3A65}","st_area_sh":772.71629514,"st_length_":112.57399924}},
{"type":"Feature","geometry":{"type":"Polygon","coordinates":[[[30.03717,-1.90834],[30.03712,-1.90832],[30.03709,-1.90846],[30.03725,-1.90851],[30.03727,-1.9084],[30.03717,-1.90834]]]},"properties":{"objectid":40634758,"parcel_num":2058,"village":"Nyagasozi","province":"Kigali City","district":"Gasabo","sector":"Gatsata","cell":"Karuruma","cell_code":"1020201","upi":"1/02/02/01/2058","change_id":"","start_date":"1800-01-01T00:00:00.000Z","end_date":"1899-11-30T00:00:00.000Z","status":"Actual","transactio":"","accuracy":"C","area_in_we":0,"x":504136.77718551,"y":4788998.8336,"village_co":"102020108","globalid":"{5E465B50-39B5-4A9F-8AC4-21F4569A2AAE}","st_area_sh":258.97342065,"st_length_":65.5216892006}},
{"type":"Feature","geometry":{"type":"Polygon","coordinates":[[[30.03725,-1.90851],[30.03709,-1.90846],[30.03702,-1.90858],[30.03712,-1.9086],[30.03715,-1.90857],[30.03723,-1.90861],[30.03725,-1.90851]]]},"properties":{"objectid":40634759,"parcel_num":2059,"village":"Nyagasozi","province":"Kigali City","district":"Gasabo","sector":"Gatsata","cell":"Karuruma","cell_code":"1020201","upi":"1/02/02/01/2059","change_id":"","start_date":"1800-01-01T00:00:00.000Z","end_date":"1899-11-30T00:00:00.000Z","status":"Actual","transactio":"","accuracy":"C","area_in_we":0,"x":504132.23829973,"y":4788985.4986,"village_co":"102020108","globalid":"{3A9EE3EC-A5F4-4768-93CC-9DD24574060C}","st_area_sh":253.30815544,"st_length_":70.5416365384}},
{"type":"Feature","geometry":{"type":"Polygon","coordinates":[[[30.03739,-1.9083],[30.03738,-1.90834],[30.03725,-1.90823],[30.03717,-1.90834],[30.03727,-1.9084],[30.0374,-1.90842],[30.03739,-1.9083]]]},"properties":{"objectid":40634761,"parcel_num":2060,"village":"Nyagasozi","province":"Kigali City","district":"Gasabo","sector":"Gatsata","cell":"Karuruma","cell_code":"1020201","upi":"1/02/02/01/2060","change_id":"BC","start_date":"2025-04-17T00:00:00.000Z","end_date":"1899-11-30T00:00:00.000Z","status":"Actual","transactio":"","accuracy":"C","area_in_we":0,"x":504149.01688472,"y":4789007.66923577,"village_co":"102020108","globalid":"{A1E49A68-39E8-4CBF-BCE7-9976642C1E1B}","st_area_sh":300.87701104,"st_length_":80.006064673}},
{"type":"Feature","geometry":{"type":"Polygon","coordinates":[[[30.04455,-1.90597],[30.04441,-1.90596],[30.04437,-1.90615],[30.04463,-1.90621],[30.04471,-1.90601],[30.04455,-1.90597]]]},"properties":{"objectid":40634762,"parcel_num":2061,"village":"Nyagasozi","province":"Kigali City","district":"Gasabo","sector":"Gatsata","cell":"Karuruma","cell_code":"1020201","upi":"1/02/02/01/2061","change_id":"BC","start_date":"2016-11-09T00:00:00.000Z","end_date":"1899-11-30T00:00:00.000Z","status":"Actual","transactio":"","accuracy":"C","area_in_we":0,"x":504953.38504954,"y":4789256.4032,"village_co":"102020108","globalid":"{A71AB242-563A-49D8-9EF6-95CA402F136C}","st_area_sh":733.99804748,"st_length_":109.749756044}},
{"type":"Feature","geometry":{"type":"Polygon","coordinates":[[[30.04479,-1.90582],[30.04477,-1.90581],[30.04471,-1.90601],[30.04482,-1.90604],[30.04496,-1.90583],[30.04486,-1.90586],[30.04479,-1.90582]]]},"properties":{"objectid":40634765,"parcel_num":2064,"village":"Nyagasozi","province":"Kigali City","district":"Gasabo","sector":"Gatsata","cell":"Karuruma","cell_code":"1020201","upi":"1/02/02/01/2064","change_id":"","start_date":"1800-01-01T00:00:00.000Z","end_date":"1899-11-30T00:00:00.000Z","status":"Actual","transactio":"","accuracy":"C","area_in_we":0,"x":504987.41815,"y":4789273.24998568,"village_co":"102020108","globalid":"{621BB06B-02A1-4D6B-A397-9D8E77E4A3AC}","st_area_sh":370.89938726,"st_length_":86.9907815337}},
{"type":"Feature","geometry":{"type":"Polygon","coordinates":[[[30.04482,-1.90604],[30.04471,-1.90601],[30.04463,-1.90621],[30.04473,-1.90625],[30.04481,-1.90615],[30.04482,-1.90604]]]},"properties":{"objectid":40634766,"parcel_num":2065,"village":"Nyagasozi","province":"Kigali City","district":"Gasabo","sector":"Gatsata","cell":"Karuruma","cell_code":"1020201","upi":"1/02/02/01/2065","change_id":"BC","start_date":"1800-01-01T00:00:00.000Z","end_date":"1899-11-30T00:00:00.000Z","status":"Actual","transactio":"","accuracy":"C","area_in_we":0,"x":504975.26315,"y":4789251.6834441,"village_co":"102020108","globalid":"{6735EB70-D1EB-495C-B07A-9E1415399BF9}","st_area_sh":350.17885799,"st_length_":77.886719014}},
{"type":"Feature","geometry":{"type":"Polygon","coordinates":[[[30.03781,-1.90894],[30.03775,-1.90887],[30.03763,-1.90892],[30.03772,-1.90912],[30.03784,-1.90906],[30.03781,-1.90894]]]},"properties":{"objectid":40634767,"parcel_num":2066,"village":"Nyagasozi","province":"Kigali City","district":"Gasabo","sector":"Gatsata","cell":"Karuruma","cell_code":"1020201","upi":"1/02/02/01/2066","change_id":"BC","start_date":"2022-05-24T00:00:00.000Z","end_date":"1899-11-30T00:00:00.000Z","status":"Actual","transactio":"","accuracy":"C","area_in_we":0,"x":504198.34312515,"y":4788934.74429237,"village_co":"102020108","globalid":"{BBB7EA72-14DC-4A44-85DA-E49D3CC53E18}","st_area_sh":369.71663659,"st_length_":77.342615019}},
{"type":"Feature","geometry":{"type":"Polygon","coordinates":[[[30.03939,-1.90976],[30.03938,-1.90965],[30.03925,-1.90967],[30.03926,-1.90976],[30.03939,-1.90976]]]},"properties":{"objectid":40634770,"parcel_num":2070,"village":"Nyagasozi","province":"Kigali City","district":"Gasabo","sector":"Gatsata","cell":"Karuruma","cell_code":"1020201","upi":"1/02/02/01/2070","change_id":"","start_date":"1800-01-01T00:00:00.000Z","end_date":"1899-11-30T00:00:00.000Z","status":"Actual","transactio":"","accuracy":"C","area_in_we":0,"x":504373.84373004,"y":4788855.83125,"village_co":"102020108","globalid":"{AB020C3B-14D3-4EB4-9EE9-568BA4552C9F}","st_area_sh":169.80426081,"st_length_":53.1614166765}},
{"type":"Feature","geometry":{"type":"Polygon","coordinates":[[[30.04346,-1.908],[30.04329,-1.90788],[30.04322,-1.9079],[30.04322,-1.90807],[30.04331,-1.90806],[30.04345,-1.908],[30.04346,-1.908]]]},"properties":{"objectid":40634771,"parcel_num":2071,"village":"Rugoro","province":"Kigali City","district":"Gasabo","sector":"Gatsata","cell":"Karuruma","cell_code":"1020201","upi":"1/02/02/01/2071","change_id":"","start_date":"1800-01-01T00:00:00.000Z","end_date":"1899-11-30T00:00:00.000Z","status":"Actual","transactio":"","accuracy":"C","area_in_we":0,"x":504818.89503386,"y":4789047.5647,"village_co":"102020109","globalid":"{903EDAE8-4258-4747-8BDA-76B8C1D4EFB5}","st_area_sh":358.9223195,"st_length_":78.16181042}},
{"type":"Feature","geometry":{"type":"Polygon","coordinates":[[[30.04243,-1.90897],[30.04243,-1.9089],[30.04222,-1.90891],[30.04224,-1.90903],[30.04225,-1.90906],[30.04244,-1.90904],[30.04243,-1.90897]]]},"properties":{"objectid":40634773,"parcel_num":2073,"village":"Nyagasozi","province":"Kigali City","district":"Gasabo","sector":"Gatsata","cell":"Karuruma","cell_code":"1020201","upi":"1/02/02/01/2073","change_id":"","start_date":"1800-01-01T00:00:00.000Z","end_date":"1899-11-30T00:00:00.000Z","status":"Actual","transactio":"","accuracy":"C","area_in_we":0,"x":504709.44449151,"y":4788936.10255,"village_co":"102020108","globalid":"{772E2947-F22C-4295-925B-9FB74C1F92E4}","st_area_sh":374.170623605,"st_length_":77.1338770563}},
{"type":"Feature","geometry":{"type":"Polygon","coordinates":[[[30.04231,-1.90872],[30.04218,-1.90868],[30.04222,-1.90891],[30.04243,-1.9089],[30.04242,-1.90884],[30.04241,-1.90876],[30.04231,-1.90872]]]},"properties":{"objectid":40634774,"parcel_num":2074,"village":"Nyagasozi","province":"Kigali City","district":"Gasabo","sector":"Gatsata","cell":"Karuruma","cell_code":"1020201","upi":"1/02/02/01/2074","change_id":"","start_date":"1800-01-01T00:00:00.000Z","end_date":"1899-11-30T00:00:00.000Z","status":"Actual","transactio":"","accuracy":"C","area_in_we":0,"x":504706.74674214,"y":4788956.49725,"village_co":"102020108","globalid":"{2662F93A-1D7F-4A27-BF38-CD2578F6D69C}","st_area_sh":506.618053645,"st_length_":92.7406725969}},
{"type":"Feature","geometry":{"type":"Polygon","coordinates":[[[30.0414,-1.90844],[30.04127,-1.90844],[30.04114,-1.90845],[30.04112,-1.90856],[30.04118,-1.90869],[30.04129,-1.90883],[30.0415,-1.90875],[30.0414,-1.90844]]]},"properties":{"objectid":40634779,"parcel_num":2079,"village":"Nyagasozi","province":"Kigali City","district":"Gasabo","sector":"Gatsata","cell":"Karuruma","cell_code":"1020201","upi":"1/02/02/01/2079","change_id":"","start_date":"1800-01-01T00:00:00.000Z","end_date":"1899-11-30T00:00:00.000Z","status":"Actual","transactio":"","accuracy":"C","area_in_we":0,"x":504595.22625,"y":4788974.95459025,"village_co":"102020108","globalid":"{0470A294-FBC6-4F25-BAC3-8E40E97336F2}","st_area_sh":1268.69257453,"st_length_":138.992329878}},
{"type":"Feature","geometry":{"type":"Polygon","coordinates":[[[30.04145,-1.91243],[30.04135,-1.91237],[30.041,-1.91289],[30.04119,-1.91295],[30.04128,-1.91278],[30.04145,-1.91243]]]},"properties":{"objectid":40634784,"parcel_num":2083,"village":"Nyagasozi","province":"Kigali City","district":"Gasabo","sector":"Gatsata","cell":"Karuruma","cell_code":"1020201","upi":"1/02/02/01/2083","change_id":"","start_date":"1800-01-01T00:00:00.000Z","end_date":"1899-11-30T00:00:00.000Z","status":"Actual","transactio":"","accuracy":"C","area_in_we":0,"x":504586.3916,"y":4788522.71463341,"village_co":"102020108","globalid":"{74520809-FC78-46A3-A78E-A0BC88743923}","st_area_sh":1158.94839067,"st_length_":168.636001039}},
{"type":"Feature","geometry":{"type":"Polygon","coordinates":[[[30.04569,-1.90563],[30.04557,-1.90562],[30.04557,-1.90536],[30.04526,-1.90548],[30.04526,-1.90578],[30.04525,-1.90594],[30.04525,-1.90598],[30.04532,-1.90599],[30.04536,-1.90583],[30.04563,-1.90589],[30.04567,-1.90575],[30.04569,-1.90563]]]},"properties":{"objectid":40634788,"parcel_num":2089,"village":"Nyagasozi","province":"Kigali City","district":"Gasabo","sector":"Gatsata","cell":"Karuruma","cell_code":"1020201","upi":"1/02/02/01/2089","change_id":"","start_date":"1800-01-01T00:00:00.000Z","end_date":"1899-11-30T00:00:00.000Z","status":"Actual","transactio":"","accuracy":"C","area_in_we":0,"x":505058.29185,"y":4789306.87751991,"village_co":"102020108","globalid":"{93B601FE-98FC-4630-AF08-5C9C2B0E0FDB}","st_area_sh":2101.02650962,"st_length_":220.645781017}},
{"type":"Feature","geometry":{"type":"Polygon","coordinates":[[[30.04525,-1.90594],[30.04503,-1.90592],[30.045,-1.90604],[30.04516,-1.90609],[30.04525,-1.90598],[30.04525,-1.90594]]]},"properties":{"objectid":40634790,"parcel_num":2090,"village":"Nyagasozi","province":"Kigali City","district":"Gasabo","sector":"Gatsata","cell":"Karuruma","cell_code":"1020201","upi":"1/02/02/01/2090","change_id":"","start_date":"1800-01-01T00:00:00.000Z","end_date":"1899-11-30T00:00:00.000Z","status":"Actual","transactio":"","accuracy":"C","area_in_we":0,"x":505018.687997,"y":4789265.15175,"village_co":"102020108","globalid":"{2443816B-A3BB-4784-BDE2-E675FBB8962A}","st_area_sh":365.014676255,"st_length_":78.8160639167}},
{"type":"Feature","geometry":{"type":"Polygon","coordinates":[[[30.04526,-1.90578],[30.04507,-1.90578],[30.04503,-1.90592],[30.04525,-1.90594],[30.04526,-1.90578]]]},"properties":{"objectid":40634791,"parcel_num":2091,"village":"Nyagasozi","province":"Kigali City","district":"Gasabo","sector":"Gatsata","cell":"Karuruma","cell_code":"1020201","upi":"1/02/02/01/2091","change_id":"","start_date":"1800-01-01T00:00:00.000Z","end_date":"1899-11-30T00:00:00.000Z","status":"Actual","transactio":"","accuracy":"C","area_in_we":0,"x":505022.8988316,"y":4789281.35755,"village_co":"102020108","globalid":"{7EEAA814-3426-4127-B7FC-CBDB67C542CA}","st_area_sh":386.37372939,"st_length_":79.9367437208}},
{"type":"Feature","geometry":{"type":"Polygon","coordinates":[[[30.04526,-1.90578],[30.04526,-1.90548],[30.04508,-1.90554],[30.04507,-1.90578],[30.04526,-1.90578]]]},"properties":{"objectid":40634792,"parcel_num":2092,"village":"Nyagasozi","province":"Kigali City","district":"Gasabo","sector":"Gatsata","cell":"Karuruma","cell_code":"1020201","upi":"1/02/02/01/2092","change_id":"","start_date":"1800-01-01T00:00:00.000Z","end_date":"1899-11-30T00:00:00.000Z","status":"Actual","transactio":"","accuracy":"C","area_in_we":0,"x":505024.48595,"y":4789305.25769764,"village_co":"102020108","globalid":"{90EEF936-484C-4D0F-8437-978F1125A233}","st_area_sh":595.58540243,"st_length_":100.152106622}},
{"type":"Feature","geometry":{"type":"Polygon","coordinates":[[[30.04473,-1.90738],[30.04453,-1.90727],[30.04447,-1.90737],[30.0446,-1.90739],[30.04472,-1.90741],[30.04473,-1.90738]]]},"properties":{"objectid":40634793,"parcel_num":2093,"village":"Nyagasozi","province":"Kigali City","district":"Gasabo","sector":"Gatsata","cell":"Karuruma","cell_code":"1020201","upi":"1/02/02/01/2093","change_id":"","start_date":"1800-01-01T00:00:00.000Z","end_date":"1899-11-30T00:00:00.000Z","status":"Actual","transactio":"","accuracy":"C","area_in_we":0,"x":504958.43389526,"y":4789117.5908,"village_co":"102020108","globalid":"{61A2AD49-BE8D-49DC-A660-9BF1E15C39DD}","st_area_sh":221.437386725,"st_length_":70.7239858555}},
{"type":"Feature","geometry":{"type":"Polygon","coordinates":[[[30.04483,-1.9072],[30.04464,-1.9071],[30.04453,-1.90727],[30.04473,-1.90738],[30.04478,-1.90729],[30.04483,-1.9072]]]},"properties":{"objectid":40634794,"parcel_num":2094,"village":"Nyagasozi","province":"Kigali City","district":"Gasabo","sector":"Gatsata","cell":"Karuruma","cell_code":"1020201","upi":"1/02/02/01/2094","change_id":"","start_date":"1800-01-01T00:00:00.000Z","end_date":"1899-11-30T00:00:00.000Z","status":"Actual","transactio":"","accuracy":"C","area_in_we":0,"x":504970.31686611,"y":4789128.69245,"village_co":"102020108","globalid":"{3DA1C250-FA51-4A28-9073-B102F1B3F170}","st_area_sh":552.012909565,"st_length_":94.1963882395}},
{"type":"Feature","geometry":{"type":"Polygon","coordinates":[[[30.04483,-1.90701],[30.04471,-1.90697],[30.04464,-1.9071],[30.04483,-1.9072],[30.04485,-1.90717],[30.04491,-1.90707],[30.04492,-1.90704],[30.04483,-1.90701]]]},"properties":{"objectid":40634795,"parcel_num":2095,"village":"Nyagasozi","province":"Kigali City","district":"Gasabo","sector":"Gatsata","cell":"Karuruma","cell_code":"1020201","upi":"1/02/02/01/2095","change_id":"","start_date":"1800-01-01T00:00:00.000Z","end_date":"1899-11-30T00:00:00.000Z","status":"Actual","transactio":"","accuracy":"C","area_in_we":0,"x":504980.60490079,"y":4789145.30955,"village_co":"102020108","globalid":"{C6977072-422C-4B84-AB61-7C545A9C8781}","st_area_sh":454.78020429,"st_length_":86.3125822793}},
{"type":"Feature","geometry":{"type":"Polygon","coordinates":[[[30.04493,-1.90653],[30.04489,-1.90652],[30.04471,-1.90697],[30.04483,-1.90701],[30.04489,-1.90682],[30.04493,-1.90657],[30.04493,-1.90653]]]},"properties":{"objectid":40634797,"parcel_num":2097,"village":"Nyagasozi","province":"Kigali City","district":"Gasabo","sector":"Gatsata","cell":"Karuruma","cell_code":"1020201","upi":"1/02/02/01/2097","change_id":"","start_date":"1800-01-01T00:00:00.000Z","end_date":"1899-11-30T00:00:00.000Z","status":"Actual","transactio":"","accuracy":"C","area_in_we":0,"x":504986.3424,"y":4789173.1558064,"village_co":"102020108","globalid":"{3F98C76C-946F-4469-8D0C-34B62DCE8658}","st_area_sh":595.63541926,"st_length_":128.150103287}},
{"type":"Feature","geometry":{"type":"Polygon","coordinates":[[[30.04546,-1.90531],[30.04577,-1.9052],[30.04573,-1.90506],[30.04544,-1.90513],[30.04544,-1.90524],[30.04546,-1.90531]]]},"properties":{"objectid":40634804,"parcel_num":2102,"village":"Nyagasozi","province":"Kigali City","district":"Gasabo","sector":"Gatsata","cell":"Karuruma","cell_code":"1020201","upi":"1/02/02/01/2102","change_id":"","start_date":"1800-01-01T00:00:00.000Z","end_date":"1899-11-30T00:00:00.000Z","status":"Actual","transactio":"","accuracy":"C","area_in_we":0,"x":505073.49366657,"y":4789355.4417,"village_co":"102020108","globalid":"{CF6934EB-1700-4059-AEAA-3CB70873C8AD}","st_area_sh":635.44869498,"st_length_":106.142355661}},
{"type":"Feature","geometry":{"type":"Polygon","coordinates":[[[30.04573,-1.90506],[30.04566,-1.90494],[30.04542,-1.90494],[30.04543,-1.90501],[30.04544,-1.90513],[30.04573,-1.90506]]]},"properties":{"objectid":40634805,"parcel_num":2103,"village":"Nyagasozi","province":"Kigali City","district":"Gasabo","sector":"Gatsata","cell":"Karuruma","cell_code":"1020201","upi":"1/02/02/01/2103","change_id":"","start_date":"1800-01-01T00:00:00.000Z","end_date":"1899-11-30T00:00:00.000Z","status":"Actual","transactio":"","accuracy":"C","area_in_we":0,"x":505069.52115427,"y":4789372.2397,"village_co":"102020108","globalid":"{77F09911-D940-4515-89A8-134A89AECED4}","st_area_sh":516.22500151,"st_length_":96.420921446}},
{"type":"Feature","geometry":{"type":"Polygon","coordinates":[[[30.04611,-1.90663],[30.04595,-1.90658],[30.04587,-1.90668],[30.04583,-1.90681],[30.04599,-1.90688],[30.04611,-1.90663]]]},"properties":{"objectid":40634806,"parcel_num":2104,"village":"Nyagasozi","province":"Kigali City","district":"Gasabo","sector":"Gatsata","cell":"Karuruma","cell_code":"1020201","upi":"1/02/02/01/2104","change_id":"","start_date":"1800-01-01T00:00:00.000Z","end_date":"1899-11-30T00:00:00.000Z","status":"Actual","transactio":"","accuracy":"C","area_in_we":0,"x":505114.30645,"y":4789184.90169701,"village_co":"102020108","globalid":"{5B7E9621-B68B-47A0-A4D5-165317BA966E}","st_area_sh":615.244178955,"st_length_":98.8985196124}},
{"type":"Feature","geometry":{"type":"Polygon","coordinates":[[[30.04623,-1.90666],[30.04611,-1.90663],[30.04599,-1.90688],[30.046,-1.90688],[30.0462,-1.90697],[30.04623,-1.90666]]]},"properties":{"objectid":40634807,"parcel_num":2105,"village":"Nyagasozi","province":"Kigali City","district":"Gasabo","sector":"Gatsata","cell":"Karuruma","cell_code":"1020201","upi":"1/02/02/01/2105","change_id":"","start_date":"1800-01-01T00:00:00.000Z","end_date":"1899-11-30T00:00:00.000Z","status":"Actual","transactio":"","accuracy":"C","area_in_we":0,"x":505129.61965,"y":4789178.90005888,"village_co":"102020108","globalid":"{FB4195E6-D844-4890-B724-A14B54FAC862}","st_area_sh":668.51503854,"st_length_":105.413781347}},
{"type":"Feature","geometry":{"type":"Polygon","coordinates":[[[30.04402,-1.90506],[30.04402,-1.90501],[30.04379,-1.90502],[30.04379,-1.90503],[30.04379,-1.9052],[30.04395,-1.90519],[30.04401,-1.90518],[30.04402,-1.90506]]]},"properties":{"objectid":40634810,"parcel_num":2108,"village":"Nyagasozi","province":"Kigali City","district":"Gasabo","sector":"Gatsata","cell":"Karuruma","cell_code":"1020201","upi":"1/02/02/01/2108","change_id":"","start_date":"1800-01-01T00:00:00.000Z","end_date":"1899-11-30T00:00:00.000Z","status":"Actual","transactio":"","accuracy":"C","area_in_we":0,"x":504883.90154762,"y":4789364.6059,"village_co":"102020108","globalid":"{A8279BC4-0473-4B31-807E-F417ACF7124B}","st_area_sh":493.39658663,"st_length_":89.7798483952}},
{"type":"Feature","geometry":{"type":"Polygon","coordinates":[[[30.04408,-1.90488],[30.04378,-1.90485],[30.04377,-1.90486],[30.04379,-1.90502],[30.04402,-1.90501],[30.04409,-1.905],[30.04408,-1.90488]]]},"properties":{"objectid":40634811,"parcel_num":2109,"village":"Nyagasozi","province":"Kigali City","district":"Gasabo","sector":"Gatsata","cell":"Karuruma","cell_code":"1020201","upi":"1/02/02/01/2109","change_id":"","start_date":"1800-01-01T00:00:00.000Z","end_date":"1899-11-30T00:00:00.000Z","status":"Actual","transactio":"","accuracy":"C","area_in_we":0,"x":504887.44171027,"y":4789383.37905,"village_co":"102020108","globalid":"{0929D5AF-33E9-4F29-8CA8-B26795375CAB}","st_area_sh":557.64499022,"st_length_":100.863672643}},
{"type":"Feature","geometry":{"type":"Polygon","coordinates":[[[30.03794,-1.90525],[30.03788,-1.90514],[30.03768,-1.90523],[30.03777,-1.90539],[30.03787,-1.90533],[30.03796,-1.90529],[30.03794,-1.90525]]]},"properties":{"objectid":40634813,"parcel_num":2110,"village":"Nyagasozi","province":"Kigali City","district":"Gasabo","sector":"Gatsata","cell":"Karuruma","cell_code":"1020201","upi":"1/02/02/01/2110","change_id":"","start_date":"1800-01-01T00:00:00.000Z","end_date":"1899-11-30T00:00:00.000Z","status":"Actual","transactio":"","accuracy":"C","area_in_we":0,"x":504208.01035157,"y":4789346.91485,"village_co":"102020108","globalid":"{4755EB4F-A93E-4396-81C7-186845778509}","st_area_sh":481.323319155,"st_length_":88.2874705032}},
{"type":"Feature","geometry":{"type":"Polygon","coordinates":[[[30.03811,-1.90539],[30.03802,-1.90522],[30.03794,-1.90525],[30.03796,-1.90529],[30.03787,-1.90533],[30.03793,-1.90547],[30.03811,-1.90539]]]},"properties":{"objectid":40634814,"parcel_num":2111,"village":"Nyagasozi","province":"Kigali City","district":"Gasabo","sector":"Gatsata","cell":"Karuruma","cell_code":"1020201","upi":"1/02/02/01/2111","change_id":"","start_date":"1800-01-01T00:00:00.000Z","end_date":"1899-11-30T00:00:00.000Z","status":"Actual","transactio":"","accuracy":"C","area_in_we":0,"x":504226.57015,"y":4789339.23000304,"village_co":"102020108","globalid":"{4253857F-F16B-42A5-8B4B-3892A24919E2}","st_area_sh":392.848612,"st_length_":84.3191825421}},
{"type":"Feature","geometry":{"type":"Polygon","coordinates":[[[30.04127,-1.90844],[30.04125,-1.90837],[30.04114,-1.90839],[30.04114,-1.90845],[30.04127,-1.90844]]]},"properties":{"objectid":40634819,"parcel_num":2117,"village":"Nyagasozi","province":"Kigali City","district":"Gasabo","sector":"Gatsata","cell":"Karuruma","cell_code":"1020201","upi":"1/02/02/01/2117","change_id":"","start_date":"1800-01-01T00:00:00.000Z","end_date":"1899-11-30T00:00:00.000Z","status":"Actual","transactio":"","accuracy":"C","area_in_we":0,"x":504583.71383237,"y":4788999.1692,"village_co":"102020108","globalid":"{FDDC49E5-DC03-4574-8A40-FC4F1EF80007}","st_area_sh":111.22011646,"st_length_":43.5082618057}},
{"type":"Feature","geometry":{"type":"Polygon","coordinates":[[[30.04146,-1.90837],[30.04145,-1.90834],[30.04125,-1.90837],[30.04127,-1.90844],[30.0414,-1.90844],[30.04148,-1.90842],[30.04146,-1.90837]]]},"properties":{"objectid":40634820,"parcel_num":2118,"village":"Nyagasozi","province":"Kigali City","district":"Gasabo","sector":"Gatsata","cell":"Karuruma","cell_code":"1020201","upi":"1/02/02/01/2118","change_id":"","start_date":"1800-01-01T00:00:00.000Z","end_date":"1899-11-30T00:00:00.000Z","status":"Actual","transactio":"","accuracy":"C","area_in_we":0,"x":504601.23333325,"y":4789001.64755,"village_co":"102020108","globalid":"{ED69FAD4-9DCC-4FCD-BDB7-9809369A23AE}","st_area_sh":194.95366147,"st_length_":64.3795185828}},
{"type":"Feature","geometry":{"type":"Polygon","coordinates":[[[30.04341,-1.90858],[30.0432,-1.90853],[30.04314,-1.90868],[30.04335,-1.9088],[30.04341,-1.90858]]]},"properties":{"objectid":40634821,"parcel_num":2119,"village":"Rugoro","province":"Kigali City","district":"Gasabo","sector":"Gatsata","cell":"Karuruma","cell_code":"1020201","upi":"1/02/02/01/2119","change_id":"DP","start_date":"1800-01-01T00:00:00.000Z","end_date":"1899-11-30T00:00:00.000Z","status":"Actual","transactio":"","accuracy":"C","area_in_we":0,"x":504813.39275557,"y":4788971.10855,"village_co":"102020109","globalid":"{E1F72AF6-57E6-4A66-A173-2495DCDBD8C3}","st_area_sh":586.37921487,"st_length_":97.4081453753}},
{"type":"Feature","geometry":{"type":"Polygon","coordinates":[[[30.04348,-1.90833],[30.04329,-1.90832],[30.0432,-1.90853],[30.04341,-1.90858],[30.04348,-1.90833]]]},"properties":{"objectid":40634822,"parcel_num":2120,"village":"Rugoro","province":"Kigali City","district":"Gasabo","sector":"Gatsata","cell":"Karuruma","cell_code":"1020201","upi":"1/02/02/01/2120","change_id":"DP","start_date":"1800-01-01T00:00:00.000Z","end_date":"1899-11-30T00:00:00.000Z","status":"Actual","transactio":"","accuracy":"C","area_in_we":0,"x":504821.6258,"y":4788995.58059748,"village_co":"102020109","globalid":"{1B93C163-C127-4DFA-902D-352EC1165DC4}","st_area_sh":574.80263049,"st_length_":97.1135386007}},
{"type":"Feature","geometry":null,"properties":{"objectid":40634823,"parcel_num":2122,"village":"Rugoro","province":"Kigali City","district":"Gasabo","sector":"Gatsata","cell":"Karuruma","cell_code":"1020201","upi":"1/02/02/01/2122","change_id":"DP","start_date":"1800-01-01T00:00:00.000Z","end_date":"1899-11-30T00:00:00.000Z","status":"Actual","transactio":"","accuracy":"C","area_in_we":0,"x":504845.77034767,"y":4788955.32145,"village_co":"102020109","globalid":"{8243972E-75D1-4CDC-909B-4ADFA5114EB5}","st_area_sh":692.57179929,"st_length_":110.572965796}},
{"type":"Feature","geometry":{"type":"Polygon","coordinates":[[[30.04209,-1.90696],[30.04188,-1.90689],[30.04184,-1.90705],[30.04206,-1.90709],[30.04209,-1.90696]]]},"properties":{"objectid":40634826,"parcel_num":2125,"village":"Nyagasozi","province":"Kigali City","district":"Gasabo","sector":"Gatsata","cell":"Karuruma","cell_code":"1020201","upi":"1/02/02/01/2125","change_id":"BC","start_date":"1800-01-01T00:00:00.000Z","end_date":"1899-11-30T00:00:00.000Z","status":"Actual","transactio":"","accuracy":"C","area_in_we":0,"x":504668.83527381,"y":4789156.3689,"village_co":"102020108","globalid":"{ACA30070-731B-4D08-B799-F6573750B6FC}","st_area_sh":433.397858515,"st_length_":83.4564069814}},
{"type":"Feature","geometry":{"type":"Polygon","coordinates":[[[30.04213,-1.90696],[30.04209,-1.90696],[30.04206,-1.90709],[30.0421,-1.90709],[30.04211,-1.90724],[30.04231,-1.90703],[30.04213,-1.90696]]]},"properties":{"objectid":40634827,"parcel_num":2126,"village":"Nyagasozi","province":"Kigali City","district":"Gasabo","sector":"Gatsata","cell":"Karuruma","cell_code":"1020201","upi":"1/02/02/01/2126","change_id":"BC","start_date":"1800-01-01T00:00:00.000Z","end_date":"1899-11-30T00:00:00.000Z","status":"Actual","transactio":"","accuracy":"C","area_in_we":0,"x":504693.02695,"y":4789146.99747659,"village_co":"102020108","globalid":"{9FB86190-A875-4E44-A192-062444DF48B2}","st_area_sh":445.665847545,"st_length_":93.4295204138}},
{"type":"Feature","geometry":{"type":"Polygon","coordinates":[[[30.03999,-1.90826],[30.03988,-1.90807],[30.03974,-1.90817],[30.03987,-1.90835],[30.04,-1.90827],[30.03999,-1.90826]]]},"properties":{"objectid":40634828,"parcel_num":2127,"village":"Nyagasozi","province":"Kigali City","district":"Gasabo","sector":"Gatsata","cell":"Karuruma","cell_code":"1020201","upi":"1/02/02/01/2127","change_id":"","start_date":"1800-01-01T00:00:00.000Z","end_date":"1899-11-30T00:00:00.000Z","status":"Actual","transactio":"","accuracy":"C","area_in_we":0,"x":504435.42265,"y":4789021.24896183,"village_co":"102020108","globalid":"{3F0B18F0-84F4-4AC1-9974-FB9257F273C4}","st_area_sh":443.115318125,"st_length_":85.1200552787}},
{"type":"Feature","geometry":{"type":"Polygon","coordinates":[[[30.04,-1.90827],[30.03987,-1.90835],[30.03974,-1.90817],[30.03963,-1.90823],[30.03971,-1.90834],[30.03976,-1.90848],[30.0398,-1.90858],[30.03981,-1.90859],[30.03988,-1.9085],[30.04008,-1.90839],[30.04006,-1.90836],[30.04,-1.90827]]]},"properties":{"objectid":40634829,"parcel_num":2128,"village":"Nyagasozi","province":"Kigali City","district":"Gasabo","sector":"Gatsata","cell":"Karuruma","cell_code":"1020201","upi":"1/02/02/01/2128","change_id":"","start_date":"1800-01-01T00:00:00.000Z","end_date":"1899-11-30T00:00:00.000Z","status":"Actual","transactio":"","accuracy":"C","area_in_we":0,"x":504439.1195783,"y":4789002.5534,"village_co":"102020108","globalid":"{7372EB0E-56BD-42D9-9F90-52A4DF81FDB1}","st_area_sh":902.23876233,"st_length_":157.90535102}},
{"type":"Feature","geometry":{"type":"Polygon","coordinates":[[[30.04444,-1.90566],[30.04465,-1.90553],[30.04463,-1.90538],[30.0444,-1.90539],[30.0444,-1.90542],[30.04443,-1.90541],[30.04443,-1.90551],[30.04444,-1.90566]]]},"properties":{"objectid":40634834,"parcel_num":2134,"village":"Nyagasozi","province":"Kigali City","district":"Gasabo","sector":"Gatsata","cell":"Karuruma","cell_code":"1020201","upi":"1/02/02/01/2134","change_id":"","start_date":"1800-01-01T00:00:00.000Z","end_date":"1899-11-30T00:00:00.000Z","status":"Actual","transactio":"","accuracy":"C","area_in_we":0,"x":504952.9258,"y":4789321.47195348,"village_co":"102020108","globalid":"{B55B0232-F5CA-4007-8F75-422BFE273B12}","st_area_sh":554.536764995,"st_length_":103.59678913}},
{"type":"Feature","geometry":{"type":"Polygon","coordinates":[[[30.04463,-1.90538],[30.04461,-1.90522],[30.04452,-1.90523],[30.04438,-1.90523],[30.0444,-1.90539],[30.04463,-1.90538]]]},"properties":{"objectid":40634835,"parcel_num":2135,"village":"Nyagasozi","province":"Kigali City","district":"Gasabo","sector":"Gatsata","cell":"Karuruma","cell_code":"1020201","upi":"1/02/02/01/2135","change_id":"","start_date":"1800-01-01T00:00:00.000Z","end_date":"1899-11-30T00:00:00.000Z","status":"Actual","transactio":"","accuracy":"C","area_in_we":0,"x":504951.18505047,"y":4789342.6338,"village_co":"102020108","globalid":"{AFBF3B73-4699-4EB3-B69C-52B6C8C25CEE}","st_area_sh":452.370833775,"st_length_":87.1024744922}},
{"type":"Feature","geometry":{"type":"Polygon","coordinates":[[[30.04438,-1.90523],[30.0442,-1.9052],[30.0442,-1.90546],[30.0444,-1.90542],[30.0444,-1.90539],[30.04438,-1.90523]]]},"properties":{"objectid":40634836,"parcel_num":2136,"village":"Nyagasozi","province":"Kigali City","district":"Gasabo","sector":"Gatsata","cell":"Karuruma","cell_code":"1020201","upi":"1/02/02/01/2136","change_id":"","start_date":"1800-01-01T00:00:00.000Z","end_date":"1899-11-30T00:00:00.000Z","status":"Actual","transactio":"","accuracy":"C","area_in_we":0,"x":504928.3352,"y":4789339.14293243,"village_co":"102020108","globalid":"{7A2D4A86-9906-4F0E-8AA6-A0ACB95B908C}","st_area_sh":530.140650345,"st_length_":93.5519673789}},
{"type":"Feature","geometry":{"type":"Polygon","coordinates":[[[30.03944,-1.90662],[30.0394,-1.90626],[30.03925,-1.90627],[30.0392,-1.90629],[30.03922,-1.90663],[30.03926,-1.90662],[30.03944,-1.90662]]]},"properties":{"objectid":40634837,"parcel_num":2138,"village":"Nyagasozi","province":"Kigali City","district":"Gasabo","sector":"Gatsata","cell":"Karuruma","cell_code":"1020201","upi":"1/02/02/01/2138","change_id":"BC","start_date":"2025-08-24T00:00:00.000Z","end_date":"1899-11-30T00:00:00.000Z","status":"Actual","transactio":"","accuracy":"C","area_in_we":0,"x":504373.42773512,"y":4789216.31717328,"village_co":"102020108","globalid":"{79F44856-ADB9-4C47-B96A-8E6338F22BAE}","st_area_sh":891.70223989,"st_length_":127.249437133}},
{"type":"Feature","geometry":{"type":"Polygon","coordinates":[[[30.03944,-1.90662],[30.03926,-1.90662],[30.03929,-1.90687],[30.03948,-1.90688],[30.03944,-1.90662]]]},"properties":{"objectid":40634838,"parcel_num":2139,"village":"Nyagasozi","province":"Kigali City","district":"Gasabo","sector":"Gatsata","cell":"Karuruma","cell_code":"1020201","upi":"1/02/02/01/2139","change_id":"","start_date":"1800-01-01T00:00:00.000Z","end_date":"1899-11-30T00:00:00.000Z","status":"Actual","transactio":"","accuracy":"C","area_in_we":0,"x":504379.99,"y":4789183.69910995,"village_co":"102020108","globalid":"{E23FD641-74AF-4E8D-BA36-EF3C943FB9F7}","st_area_sh":532.30616875,"st_length_":96.6255917514}},
{"type":"Feature","geometry":{"type":"Polygon","coordinates":[[[30.04433,-1.90683],[30.04426,-1.9068],[30.0442,-1.90696],[30.04435,-1.90703],[30.04445,-1.90688],[30.04433,-1.90683]]]},"properties":{"objectid":40634840,"parcel_num":2140,"village":"Nyagasozi","province":"Kigali City","district":"Gasabo","sector":"Gatsata","cell":"Karuruma","cell_code":"1020201","upi":"1/02/02/01/2140","change_id":"","start_date":"1800-01-01T00:00:00.000Z","end_date":"1899-11-30T00:00:00.000Z","status":"Actual","transactio":"","accuracy":"C","area_in_we":0,"x":504931.42386848,"y":4789164.56675,"village_co":"102020108","globalid":"{DF86103F-F3F8-4BB1-AC69-5F6C8F46AB39}","st_area_sh":386.377972855,"st_length_":80.9616447245}},
{"type":"Feature","geometry":{"type":"Polygon","coordinates":[[[30.04462,-1.90694],[30.04445,-1.90688],[30.04435,-1.90703],[30.04454,-1.90712],[30.04462,-1.90694]]]},"properties":{"objectid":40634841,"parcel_num":2141,"village":"Nyagasozi","province":"Kigali City","district":"Gasabo","sector":"Gatsata","cell":"Karuruma","cell_code":"1020201","upi":"1/02/02/01/2141","change_id":"","start_date":"1800-01-01T00:00:00.000Z","end_date":"1899-11-30T00:00:00.000Z","status":"Actual","transactio":"","accuracy":"C","area_in_we":0,"x":504949.59386459,"y":4789155.11845,"village_co":"102020108","globalid":"{628DA3C4-D5A6-4620-85D6-91EEBC9FBF31}","st_area_sh":471.84695,"st_length_":87.1258242783}},
{"type":"Feature","geometry":{"type":"Polygon","coordinates":[[[30.04431,-1.90708],[30.04417,-1.90702],[30.04409,-1.9071],[30.0441,-1.90718],[30.04412,-1.90719],[30.0442,-1.90725],[30.04431,-1.90708]]]},"properties":{"objectid":40634842,"parcel_num":2142,"village":"Nyagasozi","province":"Kigali City","district":"Gasabo","sector":"Gatsata","cell":"Karuruma","cell_code":"1020201","upi":"1/02/02/01/2142","change_id":"","start_date":"1800-01-01T00:00:00.000Z","end_date":"1899-11-30T00:00:00.000Z","status":"Actual","transactio":"","accuracy":"C","area_in_we":0,"x":504917.35115,"y":4789139.41424112,"village_co":"102020108","globalid":"{805E7D36-7A9B-4445-B6FD-2E052FF21A4D}","st_area_sh":375.326342515,"st_length_":76.2508465373}},
{"type":"Feature","geometry":{"type":"Polygon","coordinates":[[[30.04433,-1.90734],[30.04449,-1.90717],[30.04431,-1.90708],[30.0442,-1.90725],[30.04433,-1.90734]]]},"properties":{"objectid":40634843,"parcel_num":2143,"village":"Nyagasozi","province":"Kigali City","district":"Gasabo","sector":"Gatsata","cell":"Karuruma","cell_code":"1020201","upi":"1/02/02/01/2143","change_id":"","start_date":"1800-01-01T00:00:00.000Z","end_date":"1899-11-30T00:00:00.000Z","status":"Actual","transactio":"","accuracy":"C","area_in_we":0,"x":504933.3567,"y":4789132.00789889,"village_co":"102020108","globalid":"{3A439C61-3C9F-40D8-B67D-7210F97B708A}","st_area_sh":461.559750385,"st_length_":87.036376291}},
{"type":"Feature","geometry":{"type":"Polygon","coordinates":[[[30.04194,-1.90771],[30.04176,-1.90763],[30.04174,-1.90781],[30.0419,-1.90798],[30.04194,-1.90781],[30.04194,-1.90771]]]},"properties":{"objectid":40634859,"parcel_num":2161,"village":"Nyagasozi","province":"Kigali City","district":"Gasabo","sector":"Gatsata","cell":"Karuruma","cell_code":"1020201","upi":"1/02/02/01/2161","change_id":"DP","start_date":"1800-01-01T00:00:00.000Z","end_date":"1899-11-30T00:00:00.000Z","status":"Actual","transactio":"","accuracy":"C","area_in_we":0,"x":504654.975,"y":4789067.88908348,"village_co":"102020108","globalid":"{AF1C1DEC-9CB0-4F5B-8AC7-A35C02CADFA7}","st_area_sh":530.29853761,"st_length_":98.989745613}},
{"type":"Feature","geometry":{"type":"Polygon","coordinates":[[[30.04195,-1.90753],[30.04177,-1.90752],[30.04176,-1.90763],[30.04194,-1.90771],[30.04195,-1.90753]]]},"properties":{"objectid":40634860,"parcel_num":2162,"village":"Nyagasozi","province":"Kigali City","district":"Gasabo","sector":"Gatsata","cell":"Karuruma","cell_code":"1020201","upi":"1/02/02/01/2162","change_id":"DP","start_date":"1800-01-01T00:00:00.000Z","end_date":"1899-11-30T00:00:00.000Z","status":"Actual","transactio":"","accuracy":"C","area_in_we":0,"x":504656.11921182,"y":4789087.205,"village_co":"102020108","globalid":"{EBB75D36-EC64-47FF-B143-E90BA436A90C}","st_area_sh":330.245357335,"st_length_":74.7299264166}},
{"type":"Feature","geometry":{"type":"Polygon","coordinates":[[[30.04359,-1.90724],[30.04348,-1.90711],[30.04332,-1.90728],[30.04346,-1.90737],[30.04359,-1.90724]]]},"properties":{"objectid":40634862,"parcel_num":2165,"village":"Nyagasozi","province":"Kigali City","district":"Gasabo","sector":"Gatsata","cell":"Karuruma","cell_code":"1020201","upi":"1/02/02/01/2165","change_id":"BC","start_date":"1800-01-01T00:00:00.000Z","end_date":"1899-11-30T00:00:00.000Z","status":"Actual","transactio":"","accuracy":"C","area_in_we":0,"x":504836.05850486,"y":4789128.57855,"village_co":"102020108","globalid":"{5EA25643-5948-4B82-A656-93DDA4FF8D4A}","st_area_sh":412.99213866,"st_length_":83.4542428449}},
{"type":"Feature","geometry":{"type":"Polygon","coordinates":[[[30.0447,-1.90671],[30.04442,-1.90662],[30.0444,-1.90667],[30.04433,-1.90683],[30.04445,-1.90688],[30.04462,-1.90694],[30.0447,-1.90671]]]},"properties":{"objectid":40634863,"parcel_num":2167,"village":"Nyagasozi","province":"Kigali City","district":"Gasabo","sector":"Gatsata","cell":"Karuruma","cell_code":"1020201","upi":"1/02/02/01/2167","change_id":"DP","start_date":"1800-01-01T00:00:00.000Z","end_date":"1899-11-30T00:00:00.000Z","status":"Actual","transactio":"","accuracy":"C","area_in_we":0,"x":504952.19409472,"y":4789179.08165,"village_co":"102020108","globalid":"{12EF43A5-2F6A-4D59-A9CF-1F9AB11C1D0F}","st_area_sh":878.48333639,"st_length_":119.079150652}},
{"type":"Feature","geometry":{"type":"Polygon","coordinates":[[[30.04479,-1.90648],[30.04469,-1.90645],[30.04472,-1.90633],[30.04457,-1.90631],[30.04453,-1.90639],[30.04449,-1.90648],[30.04477,-1.90653],[30.04479,-1.90648]]]},"properties":{"objectid":40634864,"parcel_num":2168,"village":"Nyagasozi","province":"Kigali City","district":"Gasabo","sector":"Gatsata","cell":"Karuruma","cell_code":"1020201","upi":"1/02/02/01/2168","change_id":"DP","start_date":"1800-01-01T00:00:00.000Z","end_date":"1899-11-30T00:00:00.000Z","status":"Actual","transactio":"","accuracy":"C","area_in_we":0,"x":504965.9528,"y":4789220.0892681,"village_co":"102020108","globalid":"{E7EBAC16-C344-4EE0-B27D-2BFC5BB4B3B0}","st_area_sh":468.117765205,"st_length_":101.883048815}},
{"type":"Feature","geometry":{"type":"Polygon","coordinates":[[[30.04477,-1.90653],[30.04449,-1.90648],[30.04447,-1.90651],[30.04442,-1.90662],[30.0447,-1.90671],[30.04477,-1.90653]]]},"properties":{"objectid":40634865,"parcel_num":2169,"village":"Nyagasozi","province":"Kigali City","district":"Gasabo","sector":"Gatsata","cell":"Karuruma","cell_code":"1020201","upi":"1/02/02/01/2169","change_id":"DP","start_date":"1800-01-01T00:00:00.000Z","end_date":"1899-11-30T00:00:00.000Z","status":"Actual","transactio":"","accuracy":"C","area_in_we":0,"x":504960.23230883,"y":4789199.65155,"village_co":"102020108","globalid":"{EDBAE5BD-13D5-4729-A003-A16E41783E2D}","st_area_sh":627.521301625,"st_length_":104.37951684}},
{"type":"Feature","geometry":{"type":"Polygon","coordinates":[[[30.04183,-1.90709],[30.04161,-1.90705],[30.04159,-1.90724],[30.04182,-1.90727],[30.04183,-1.90709]]]},"properties":{"objectid":40634869,"parcel_num":2173,"village":"Nyagasozi","province":"Kigali City","district":"Gasabo","sector":"Gatsata","cell":"Karuruma","cell_code":"1020201","upi":"1/02/02/01/2173","change_id":"DP","start_date":"1800-01-01T00:00:00.000Z","end_date":"1899-11-30T00:00:00.000Z","status":"Actual","transactio":"","accuracy":"C","area_in_we":0,"x":504640.44083829,"y":4789137.39485,"village_co":"102020108","globalid":"{D181AACF-7D47-4FB3-A9BB-5AD0FAF909B4}","st_area_sh":528.33959059,"st_length_":91.9986118874}},
{"type":"Feature","geometry":{"type":"Polygon","coordinates":[[[30.04206,-1.90709],[30.04184,-1.90705],[30.04183,-1.90709],[30.04182,-1.90727],[30.04206,-1.90727],[30.04206,-1.90709]]]},"properties":{"objectid":40634870,"parcel_num":2174,"village":"Nyagasozi","province":"Kigali City","district":"Gasabo","sector":"Gatsata","cell":"Karuruma","cell_code":"1020201","upi":"1/02/02/01/2174","change_id":"DP","start_date":"1800-01-01T00:00:00.000Z","end_date":"1899-11-30T00:00:00.000Z","status":"Actual","transactio":"","accuracy":"C","area_in_we":0,"x":504665.91273893,"y":4789137.10105,"village_co":"102020108","globalid":"{DF36D8A9-89B4-4AB4-A7D9-77693CB4DEE1}","st_area_sh":583.920334845,"st_length_":96.5708938992}},
{"type":"Feature","geometry":{"type":"Polygon","coordinates":[[[30.04472,-1.90741],[30.0446,-1.90739],[30.0446,-1.90741],[30.04468,-1.9075],[30.04473,-1.90741],[30.04472,-1.90741]]]},"properties":{"objectid":40634872,"parcel_num":2179,"village":"Rugoro","province":"Kigali City","district":"Gasabo","sector":"Gatsata","cell":"Karuruma","cell_code":"1020201","upi":"1/02/02/01/2179","change_id":"BC","start_date":"2022-07-19T00:00:00.000Z","end_date":"1899-11-30T00:00:00.000Z","status":"Actual","transactio":"","accuracy":"C","area_in_we":0,"x":504976.42016557,"y":4789102.28655043,"village_co":"102020109","globalid":"{947B42F3-AD23-458E-8FB0-03419CA9E8D7}","st_area_sh":361.45994739,"st_length_":81.7541188243}},
{"type":"Feature","geometry":{"type":"Polygon","coordinates":[[[30.04115,-1.90802],[30.04099,-1.9079],[30.04082,-1.90812],[30.04087,-1.9081],[30.04094,-1.9081],[30.04115,-1.90802]]]},"properties":{"objectid":40634876,"parcel_num":2182,"village":"Nyagasozi","province":"Kigali City","district":"Gasabo","sector":"Gatsata","cell":"Karuruma","cell_code":"1020201","upi":"1/02/02/01/2182","change_id":"NR","start_date":"1800-01-01T00:00:00.000Z","end_date":"1899-11-30T00:00:00.000Z","status":"Actual","transactio":"","accuracy":"C","area_in_we":0,"x":504563.70427524,"y":4789043.65965,"village_co":"102020108","globalid":"{C5B71E2D-7547-44E6-B7B4-1E4AF52551C3}","st_area_sh":357.442050805,"st_length_":91.7158595206}},
{"type":"Feature","geometry":{"type":"Polygon","coordinates":[[[30.04064,-1.90812],[30.04053,-1.908],[30.0404,-1.90808],[30.04052,-1.90821],[30.04064,-1.90812]]]},"properties":{"objectid":40634877,"parcel_num":2184,"village":"Nyagasozi","province":"Kigali City","district":"Gasabo","sector":"Gatsata","cell":"Karuruma","cell_code":"1020201","upi":"1/02/02/01/2184","change_id":"BC","start_date":"2024-08-07T00:00:00.000Z","end_date":"1899-11-30T00:00:00.000Z","status":"Actual","transactio":"","accuracy":"C","area_in_we":0,"x":504507.65254162,"y":4789033.12660379,"village_co":"102020108","globalid":"{BD0F8888-40F8-4999-AC44-244B309B13EA}","st_area_sh":318.569625515,"st_length_":72.1288314026}},
{"type":"Feature","geometry":{"type":"Polygon","coordinates":[[[30.0389,-1.9064],[30.03871,-1.9064],[30.03868,-1.9065],[30.03867,-1.90664],[30.03893,-1.90662],[30.0389,-1.9064]]]},"properties":{"objectid":40634878,"parcel_num":2185,"village":"Nyagasozi","province":"Kigali City","district":"Gasabo","sector":"Gatsata","cell":"Karuruma","cell_code":"1020201","upi":"1/02/02/01/2185","change_id":"DP","start_date":"2021-09-01T00:00:00.000Z","end_date":"1899-11-30T00:00:00.000Z","status":"Actual","transactio":"","accuracy":"C","area_in_we":0,"x":504316.13190132,"y":4789207.57772252,"village_co":"102020108","globalid":"{7BEC3B4A-5266-41FB-A6A3-FD20658CBE4E}","st_area_sh":684.748860395,"st_length_":104.440763815}},
{"type":"Feature","geometry":{"type":"Polygon","coordinates":[[[30.0389,-1.9064],[30.03888,-1.90607],[30.03878,-1.90609],[30.03861,-1.90615],[30.0387,-1.90626],[30.03871,-1.90636],[30.03871,-1.9064],[30.0389,-1.9064]]]},"properties":{"objectid":40634879,"parcel_num":2186,"village":"Nyagasozi","province":"Kigali City","district":"Gasabo","sector":"Gatsata","cell":"Karuruma","cell_code":"1020201","upi":"1/02/02/01/2186","change_id":"DP","start_date":"1800-01-01T00:00:00.000Z","end_date":"1899-11-30T00:00:00.000Z","status":"Actual","transactio":"","accuracy":"C","area_in_we":0,"x":504311.57115,"y":4789238.42532029,"village_co":"102020108","globalid":"{F8F08A43-67B9-4D96-86F5-487BCF0618BF}","st_area_sh":791.52872948,"st_length_":118.992131474}},
{"type":"Feature","geometry":{"type":"Polygon","coordinates":[[[30.04543,-1.90711],[30.04524,-1.90698],[30.04516,-1.90713],[30.04523,-1.90718],[30.04535,-1.90727],[30.04543,-1.90711]]]},"properties":{"objectid":40634880,"parcel_num":2187,"village":"Nyagasozi","province":"Kigali City","district":"Gasabo","sector":"Gatsata","cell":"Karuruma","cell_code":"1020201","upi":"1/02/02/01/2187","change_id":"DP","start_date":"1800-01-01T00:00:00.000Z","end_date":"1899-11-30T00:00:00.000Z","status":"Actual","transactio":"","accuracy":"C","area_in_we":0,"x":505038.83138891,"y":4789141.5882,"village_co":"102020108","globalid":"{15F6E0D0-14D2-4706-8A57-C20EDD8468DC}","st_area_sh":489.43625525,"st_length_":90.2015490043}},
{"type":"Feature","geometry":{"type":"Polygon","coordinates":[[[30.04541,-1.90688],[30.04533,-1.90682],[30.04524,-1.90698],[30.04543,-1.90711],[30.04552,-1.90695],[30.04541,-1.90688]]]},"properties":{"objectid":40634881,"parcel_num":2189,"village":"Nyagasozi","province":"Kigali City","district":"Gasabo","sector":"Gatsata","cell":"Karuruma","cell_code":"1020201","upi":"1/02/02/01/2189","change_id":"DP","start_date":"1800-01-01T00:00:00.000Z","end_date":"1899-11-30T00:00:00.000Z","status":"Actual","transactio":"","accuracy":"C","area_in_we":0,"x":505048.40007697,"y":4789159.26935,"village_co":"102020108","globalid":"{2AC61EE1-C571-4FF6-BAA7-76E091BA6DF2}","st_area_sh":496.30475675,"st_length_":90.1353613358}},
{"type":"Feature","geometry":{"type":"Polygon","coordinates":[[[30.04551,-1.9066],[30.04543,-1.90659],[30.04533,-1.90682],[30.04541,-1.90688],[30.04544,-1.9068],[30.04551,-1.9066]]]},"properties":{"objectid":40634883,"parcel_num":2190,"village":"Nyagasozi","province":"Kigali City","district":"Gasabo","sector":"Gatsata","cell":"Karuruma","cell_code":"1020201","upi":"1/02/02/01/2190","change_id":"DP","start_date":"1800-01-01T00:00:00.000Z","end_date":"1899-11-30T00:00:00.000Z","status":"Actual","transactio":"","accuracy":"C","area_in_we":0,"x":505052.84945,"y":4789185.16922281,"village_co":"102020108","globalid":"{AC71AA01-4D29-4919-A10F-84ECFB689641}","st_area_sh":298.45519527,"st_length_":80.4803996476}},
{"type":"Feature","geometry":{"type":"Polygon","coordinates":[[[30.04491,-1.90684],[30.04489,-1.90682],[30.04483,-1.90701],[30.04492,-1.90704],[30.04498,-1.90696],[30.04491,-1.90692],[30.04491,-1.90684]]]},"properties":{"objectid":40634884,"parcel_num":2192,"village":"Rugoro","province":"Kigali City","district":"Gasabo","sector":"Gatsata","cell":"Karuruma","cell_code":"1020201","upi":"1/02/02/01/2192","change_id":"DP","start_date":"1800-01-01T00:00:00.000Z","end_date":"1899-11-30T00:00:00.000Z","status":"Actual","transactio":"","accuracy":"C","area_in_we":0,"x":504995.528,"y":4789162.70842879,"village_co":"102020109","globalid":"{4FC41D76-1EA0-481B-9F2E-5BDF80994597}","st_area_sh":190.575034405,"st_length_":65.846592824}},
{"type":"Feature","geometry":null,"properties":{"objectid":40634885,"parcel_num":2193,"village":"Rugoro","province":"Kigali City","district":"Gasabo","sector":"Gatsata","cell":"Karuruma","cell_code":"1020201","upi":"1/02/02/01/2193","change_id":"DP","start_date":"1800-01-01T00:00:00.000Z","end_date":"1899-11-30T00:00:00.000Z","status":"Actual","transactio":"","accuracy":"C","area_in_we":0,"x":505007.72228927,"y":4789142.7361,"village_co":"102020109","globalid":"{E0B2D96F-6189-4CEE-B613-11CD42414822}","st_area_sh":584.339845535,"st_length_":97.1166841407}},
{"type":"Feature","geometry":{"type":"Polygon","coordinates":[[[30.03878,-1.90609],[30.03874,-1.90597],[30.03847,-1.90605],[30.0385,-1.90616],[30.03861,-1.90615],[30.03878,-1.90609]]]},"properties":{"objectid":40634887,"parcel_num":2195,"village":"Nyagasozi","province":"Kigali City","district":"Gasabo","sector":"Gatsata","cell":"Karuruma","cell_code":"1020201","upi":"1/02/02/01/2195","change_id":"DP","start_date":"1800-01-01T00:00:00.000Z","end_date":"1899-11-30T00:00:00.000Z","status":"Actual","transactio":"","accuracy":"C","area_in_we":0,"x":504297.01600169,"y":4789258.59075,"village_co":"102020108","globalid":"{4BB5214F-3C44-4B42-A676-95B64BE3160A}","st_area_sh":425.792876365,"st_length_":89.3246532965}},
{"type":"Feature","geometry":{"type":"Polygon","coordinates":[[[30.03838,-1.90598],[30.03822,-1.90604],[30.03819,-1.90598],[30.03802,-1.90607],[30.03804,-1.90621],[30.03809,-1.90622],[30.03821,-1.90629],[30.03828,-1.90625],[30.03835,-1.90629],[30.03843,-1.90624],[30.03844,-1.90622],[30.03838,-1.90598]]]},"properties":{"objectid":40634888,"parcel_num":2196,"village":"Nyagasozi","province":"Kigali City","district":"Gasabo","sector":"Gatsata","cell":"Karuruma","cell_code":"1020201","upi":"1/02/02/01/2196","change_id":"DP","start_date":"1800-01-01T00:00:00.000Z","end_date":"1899-11-30T00:00:00.000Z","status":"Actual","transactio":"","accuracy":"C","area_in_we":0,"x":504251.78666618,"y":4789250.92105,"village_co":"102020108","globalid":"{EEB79DF6-37CF-4C31-8AD2-6D7B247BF2F4}","st_area_sh":1169.09998466,"st_length_":146.554343607}},
{"type":"Feature","geometry":{"type":"Polygon","coordinates":[[[30.0439,-1.90679],[30.04373,-1.90653],[30.04355,-1.90664],[30.04359,-1.90682],[30.04358,-1.90686],[30.04363,-1.90685],[30.04385,-1.90683],[30.0439,-1.90679]]]},"properties":{"objectid":40634889,"parcel_num":2197,"village":"Nyagasozi","province":"Kigali City","district":"Gasabo","sector":"Gatsata","cell":"Karuruma","cell_code":"1020201","upi":"1/02/02/01/2197","change_id":"DP","start_date":"1800-01-01T00:00:00.000Z","end_date":"1899-11-30T00:00:00.000Z","status":"Actual","transactio":"","accuracy":"C","area_in_we":0,"x":504864.06615,"y":4789189.45158418,"village_co":"102020108","globalid":"{3900CE95-00FA-40A8-8130-03CBDC078A4E}","st_area_sh":893.72331734,"st_length_":119.142968269}},
{"type":"Feature","geometry":{"type":"Polygon","coordinates":[[[30.04392,-1.9072],[30.04389,-1.90711],[30.04373,-1.90724],[30.04392,-1.9072]]]},"properties":{"objectid":40634890,"parcel_num":2199,"village":"Nyagasozi","province":"Kigali City","district":"Gasabo","sector":"Gatsata","cell":"Karuruma","cell_code":"1020201","upi":"1/02/02/01/2199","change_id":"NR","start_date":"1800-01-01T00:00:00.000Z","end_date":"1899-11-30T00:00:00.000Z","status":"Actual","transactio":"","accuracy":"C","area_in_we":0,"x":504879.32072263,"y":4789136.0563,"village_co":"102020108","globalid":"{61775230-267F-40BA-9AD4-025D76A6A558}","st_area_sh":110.97777705,"st_length_":55.2643742349}},
{"type":"Feature","geometry":{"type":"Polygon","coordinates":[[[30.04379,-1.90481],[30.04379,-1.90474],[30.04374,-1.90474],[30.04355,-1.90479],[30.04357,-1.90489],[30.04377,-1.90486],[30.04378,-1.90485],[30.04379,-1.90481]]]},"properties":{"objectid":40634895,"parcel_num":2202,"village":"Nyagasozi","province":"Kigali City","district":"Gasabo","sector":"Gatsata","cell":"Karuruma","cell_code":"1020201","upi":"1/02/02/01/2202","change_id":"DP","start_date":"1800-01-01T00:00:00.000Z","end_date":"1899-11-30T00:00:00.000Z","status":"Actual","transactio":"","accuracy":"C","area_in_we":0,"x":504858.52839195,"y":4789396.64655,"village_co":"102020108","globalid":"{76D0CFC4-F073-4B45-B838-0A2C39EC12D5}","st_area_sh":335.67806688,"st_length_":75.4089395046}},
{"type":"Feature","geometry":{"type":"Polygon","coordinates":[[[30.04406,-1.90477],[30.04384,-1.90475],[30.04383,-1.90481],[30.04379,-1.90481],[30.04378,-1.90485],[30.04408,-1.90488],[30.04406,-1.90477]]]},"properties":{"objectid":40634896,"parcel_num":2203,"village":"Nyagasozi","province":"Kigali City","district":"Gasabo","sector":"Gatsata","cell":"Karuruma","cell_code":"1020201","upi":"1/02/02/01/2203","change_id":"DP","start_date":"2025-02-19T00:00:00.000Z","end_date":"1899-11-30T00:00:00.000Z","status":"Actual","transactio":"","accuracy":"C","area_in_we":0,"x":504888.65465404,"y":4789396.68425402,"village_co":"102020108","globalid":"{622996B4-1DD8-4889-9C4D-1404B8F2E314}","st_area_sh":340.1647697,"st_length_":89.7765182499}},
{"type":"Feature","geometry":null,"properties":{"objectid":40634897,"parcel_num":2205,"village":"Rugoro","province":"Kigali City","district":"Gasabo","sector":"Gatsata","cell":"Karuruma","cell_code":"1020201","upi":"1/02/02/01/2205","change_id":"DP","start_date":"1800-01-01T00:00:00.000Z","end_date":"1899-11-30T00:00:00.000Z","status":"Actual","transactio":"","accuracy":"C","area_in_we":0,"x":504864.59088397,"y":4789089.4959,"village_co":"102020109","globalid":"{4570CBBF-97DB-4EA9-A31E-2F8BD3459BB6}","st_area_sh":407.26233189,"st_length_":83.7073867732}},
{"type":"Feature","geometry":{"type":"Polygon","coordinates":[[[30.03838,-1.90836],[30.03837,-1.90835],[30.03838,-1.90856],[30.03865,-1.90863],[30.03851,-1.9085],[30.03838,-1.90836]]]},"properties":{"objectid":40634899,"parcel_num":2207,"village":"Nyagasozi","province":"Kigali City","district":"Gasabo","sector":"Gatsata","cell":"Karuruma","cell_code":"1020201","upi":"1/02/02/01/2207","change_id":"NR","start_date":"1800-01-01T00:00:00.000Z","end_date":"1899-11-30T00:00:00.000Z","status":"Actual","transactio":"","accuracy":"C","area_in_we":0,"x":504275.81838255,"y":4788990.24825,"village_co":"102020108","globalid":"{B89574D1-2399-4C08-A7E1-178800DE98E2}","st_area_sh":307.65418255,"st_length_":97.2055787695}},
{"type":"Feature","geometry":{"type":"Polygon","coordinates":[[[30.03837,-1.90835],[30.03829,-1.90822],[30.03813,-1.9083],[30.0382,-1.90833],[30.03808,-1.90855],[30.03838,-1.90856],[30.03837,-1.90835]]]},"properties":{"objectid":40634900,"parcel_num":2209,"village":"Nyagasozi","province":"Kigali City","district":"Gasabo","sector":"Gatsata","cell":"Karuruma","cell_code":"1020201","upi":"1/02/02/01/2209","change_id":"DP","start_date":"2022-12-21T00:00:00.000Z","end_date":"1899-11-30T00:00:00.000Z","status":"Actual","transactio":"","accuracy":"C","area_in_we":0,"x":504255.23799997,"y":4788998.52167605,"village_co":"102020108","globalid":"{8775EBED-CBEA-4689-9517-9A0FC4A590F3}","st_area_sh":832.198611055,"st_length_":130.276966536}},
{"type":"Feature","geometry":{"type":"Polygon","coordinates":[[[30.04543,-1.90501],[30.04522,-1.90503],[30.0452,-1.90508],[30.04523,-1.90526],[30.04524,-1.90526],[30.04544,-1.90524],[30.04544,-1.90513],[30.04543,-1.90501]]]},"properties":{"objectid":40634901,"parcel_num":2210,"village":"Nyagasozi","province":"Kigali City","district":"Gasabo","sector":"Gatsata","cell":"Karuruma","cell_code":"1020201","upi":"1/02/02/01/2210","change_id":"DP","start_date":"1800-01-01T00:00:00.000Z","end_date":"1899-11-30T00:00:00.000Z","status":"Actual","transactio":"","accuracy":"C","area_in_we":0,"x":505041.90256844,"y":4789361.28985,"village_co":"102020108","globalid":"{120D7AED-502E-43E6-BF93-27FE6A497C37}","st_area_sh":616.8778782,"st_length_":100.539880656}},
{"type":"Feature","geometry":{"type":"Polygon","coordinates":[[[30.04523,-1.90526],[30.0452,-1.90508],[30.04517,-1.90508],[30.04507,-1.90508],[30.04504,-1.90519],[30.04504,-1.90527],[30.04523,-1.90526]]]},"properties":{"objectid":40634902,"parcel_num":2211,"village":"Nyagasozi","province":"Kigali City","district":"Gasabo","sector":"Gatsata","cell":"Karuruma","cell_code":"1020201","upi":"1/02/02/01/2211","change_id":"DP","start_date":"1800-01-01T00:00:00.000Z","end_date":"1899-11-30T00:00:00.000Z","status":"Actual","transactio":"","accuracy":"C","area_in_we":0,"x":505021.15895,"y":4789357.19720396,"village_co":"102020108","globalid":"{0B56D22C-C781-4F7B-A70C-9168C9E8BBCE}","st_area_sh":380.10713142,"st_length_":77.0483267794}},
{"type":"Feature","geometry":{"type":"Polygon","coordinates":[[[30.03959,-1.90811],[30.03936,-1.90809],[30.03922,-1.9082],[30.03918,-1.9082],[30.03928,-1.90836],[30.03959,-1.90821],[30.03959,-1.90811]]]},"properties":{"objectid":40634905,"parcel_num":2214,"village":"Nyagasozi","province":"Kigali City","district":"Gasabo","sector":"Gatsata","cell":"Karuruma","cell_code":"1020201","upi":"1/02/02/01/2214","change_id":"DP","start_date":"1800-01-01T00:00:00.000Z","end_date":"1899-11-30T00:00:00.000Z","status":"Actual","transactio":"","accuracy":"C","area_in_we":0,"x":504381.05229281,"y":4789020.0233,"village_co":"102020108","globalid":"{8DF61BA4-1CDC-467E-BD0A-EF5AC98508E1}","st_area_sh":761.92901837,"st_length_":119.900722104}},
{"type":"Feature","geometry":{"type":"Polygon","coordinates":[[[30.03944,-1.90792],[30.03936,-1.90792],[30.03937,-1.90805],[30.03936,-1.90809],[30.03959,-1.90811],[30.03958,-1.90793],[30.03944,-1.90792]]]},"properties":{"objectid":40634906,"parcel_num":2215,"village":"Nyagasozi","province":"Kigali City","district":"Gasabo","sector":"Gatsata","cell":"Karuruma","cell_code":"1020201","upi":"1/02/02/01/2215","change_id":"DP","start_date":"1800-01-01T00:00:00.000Z","end_date":"1899-11-30T00:00:00.000Z","status":"Actual","transactio":"","accuracy":"C","area_in_we":0,"x":504391.17344272,"y":4789042.821,"village_co":"102020108","globalid":"{5D76F1AF-8286-4094-86E6-5E834FAFC6BE}","st_area_sh":468.094062005,"st_length_":88.6029913291}},
{"type":"Feature","geometry":{"type":"Polygon","coordinates":[[[30.03971,-1.90786],[30.03962,-1.90779],[30.03964,-1.90819],[30.0398,-1.90808],[30.03967,-1.9079],[30.03971,-1.90786]]]},"properties":{"objectid":40634907,"parcel_num":2216,"village":"Nyagasozi","province":"Kigali City","district":"Gasabo","sector":"Gatsata","cell":"Karuruma","cell_code":"1020201","upi":"1/02/02/01/2216","change_id":"DP","start_date":"1800-01-01T00:00:00.000Z","end_date":"1899-11-30T00:00:00.000Z","status":"Actual","transactio":"","accuracy":"C","area_in_we":0,"x":504417.7568,"y":4789038.56762587,"village_co":"102020108","globalid":"{F8AA6775-DE74-4ADE-BC65-A61D208D3FAE}","st_area_sh":403.84485111,"st_length_":108.900641766}},
{"type":"Feature","geometry":{"type":"Polygon","coordinates":[[[30.03958,-1.90793],[30.03956,-1.90774],[30.03946,-1.90784],[30.03944,-1.90792],[30.03958,-1.90793]]]},"properties":{"objectid":40634908,"parcel_num":2217,"village":"Nyagasozi","province":"Kigali City","district":"Gasabo","sector":"Gatsata","cell":"Karuruma","cell_code":"1020201","upi":"1/02/02/01/2217","change_id":"DP","start_date":"1800-01-01T00:00:00.000Z","end_date":"1899-11-30T00:00:00.000Z","status":"Actual","transactio":"","accuracy":"C","area_in_we":0,"x":504395.06625,"y":4789060.13788626,"village_co":"102020108","globalid":"{1C76E15C-C163-4E42-B870-0101B9B47DC9}","st_area_sh":196.4664935,"st_length_":62.8967464958}},
{"type":"Feature","geometry":{"type":"Polygon","coordinates":[[[30.03598,-1.90875],[30.03581,-1.90869],[30.03569,-1.90885],[30.03586,-1.90893],[30.03589,-1.90894],[30.03598,-1.90875]]]},"properties":{"objectid":40634909,"parcel_num":2219,"village":"Nyagasozi","province":"Kigali City","district":"Gasabo","sector":"Gatsata","cell":"Karuruma","cell_code":"1020201","upi":"1/02/02/01/2219","change_id":"DP","start_date":"1800-01-01T00:00:00.000Z","end_date":"1899-11-30T00:00:00.000Z","status":"Actual","transactio":"","accuracy":"C","area_in_we":0,"x":503986.13479878,"y":4788954.64205,"village_co":"102020108","globalid":"{3ADE50F5-88FC-4023-ABA3-C395501175A0}","st_area_sh":500.202625895,"st_length_":89.8658195609}},
{"type":"Feature","geometry":{"type":"Polygon","coordinates":[[[30.0364,-1.90874],[30.03618,-1.90863],[30.03615,-1.90889],[30.03637,-1.90894],[30.03637,-1.9089],[30.0364,-1.90874]]]},"properties":{"objectid":40634911,"parcel_num":2220,"village":"Nyagasozi","province":"Kigali City","district":"Gasabo","sector":"Gatsata","cell":"Karuruma","cell_code":"1020201","upi":"1/02/02/01/2220","change_id":"DP","start_date":"1800-01-01T00:00:00.000Z","end_date":"1899-11-30T00:00:00.000Z","status":"Actual","transactio":"","accuracy":"C","area_in_we":0,"x":504035.21925,"y":4788956.42553724,"village_co":"102020108","globalid":"{66B5009B-38DB-4C21-BC60-EC45F8A35458}","st_area_sh":641.01969183,"st_length_":103.679559509}},
{"type":"Feature","geometry":{"type":"Polygon","coordinates":[[[30.03836,-1.90959],[30.03826,-1.90956],[30.03811,-1.90962],[30.03821,-1.90971],[30.03826,-1.90978],[30.03845,-1.9097],[30.03836,-1.90959]]]},"properties":{"objectid":40634912,"parcel_num":2221,"village":"Nyagasozi","province":"Kigali City","district":"Gasabo","sector":"Gatsata","cell":"Karuruma","cell_code":"1020201","upi":"1/02/02/01/2221","change_id":"BC","start_date":"2025-08-18T00:00:00.000Z","end_date":"1899-11-30T00:00:00.000Z","status":"Actual","transactio":"","accuracy":"C","area_in_we":0,"x":504259.61520165,"y":4788860.58391484,"village_co":"102020108","globalid":"{530F32F6-36A1-46E8-BC77-C91422F55CDD}","st_area_sh":475.09579116,"st_length_":97.2627909867}},
{"type":"Feature","geometry":{"type":"Polygon","coordinates":[[[30.03826,-1.90956],[30.03827,-1.90939],[30.03803,-1.90942],[30.03811,-1.90962],[30.03826,-1.90956]]]},"properties":{"objectid":40634913,"parcel_num":2222,"village":"Nyagasozi","province":"Kigali City","district":"Gasabo","sector":"Gatsata","cell":"Karuruma","cell_code":"1020201","upi":"1/02/02/01/2222","change_id":"DP","start_date":"2025-03-23T00:00:00.000Z","end_date":"1899-11-30T00:00:00.000Z","status":"Actual","transactio":"","accuracy":"C","area_in_we":0,"x":504245.3313085,"y":4788878.8898847,"village_co":"102020108","globalid":"{94BE2960-4B0B-4149-890D-FA6E238AFAD0}","st_area_sh":494.821560925,"st_length_":91.0715603465}},
{"type":"Feature","geometry":{"type":"Polygon","coordinates":[[[30.03821,-1.90971],[30.03811,-1.90962],[30.03783,-1.90966],[30.03775,-1.90971],[30.0377,-1.90975],[30.03781,-1.90993],[30.03821,-1.90971]]]},"properties":{"objectid":40634914,"parcel_num":2223,"village":"Nyagasozi","province":"Kigali City","district":"Gasabo","sector":"Gatsata","cell":"Karuruma","cell_code":"1020201","upi":"1/02/02/01/2223","change_id":"DP","start_date":"1800-01-01T00:00:00.000Z","end_date":"1899-11-30T00:00:00.000Z","status":"Actual","transactio":"","accuracy":"C","area_in_we":0,"x":504216.73409922,"y":4788848.12975,"village_co":"102020108","globalid":"{73133CE9-6A3C-4E27-938D-F4D9479DC2A1}","st_area_sh":1035.12169862,"st_length_":138.441149336}},
{"type":"Feature","geometry":{"type":"Polygon","coordinates":[[[30.04026,-1.90645],[30.04012,-1.90625],[30.03996,-1.90614],[30.03993,-1.90638],[30.03989,-1.90653],[30.0401,-1.90656],[30.04011,-1.90645],[30.04026,-1.90645]]]},"properties":{"objectid":40634915,"parcel_num":2225,"village":"Nyagasozi","province":"Kigali City","district":"Gasabo","sector":"Gatsata","cell":"Karuruma","cell_code":"1020201","upi":"1/02/02/01/2225","change_id":"MP","start_date":"1800-01-01T00:00:00.000Z","end_date":"1899-11-30T00:00:00.000Z","status":"Actual","transactio":"","accuracy":"C","area_in_we":0,"x":504458.0706,"y":4789223.10993287,"village_co":"102020108","globalid":"{DAFF56C0-88EF-43F3-951E-A1F416CA90D7}","st_area_sh":1046.60994779,"st_length_":145.143455038}},
{"type":"Feature","geometry":{"type":"Polygon","coordinates":[[[30.0462,-1.90697],[30.046,-1.90688],[30.04588,-1.90717],[30.04614,-1.90728],[30.0462,-1.90697]]]},"properties":{"objectid":40634916,"parcel_num":2226,"village":"Nyagasozi","province":"Kigali City","district":"Gasabo","sector":"Gatsata","cell":"Karuruma","cell_code":"1020201","upi":"1/02/02/01/2226","change_id":"DP","start_date":"1800-01-01T00:00:00.000Z","end_date":"1899-11-30T00:00:00.000Z","status":"Actual","transactio":"","accuracy":"C","area_in_we":0,"x":505122.3511,"y":4789147.50691721,"village_co":"102020108","globalid":"{23904F50-C79E-40FF-B69E-8B6EF265A14C}","st_area_sh":1016.70267415,"st_length_":129.218277809}},
{"type":"Feature","geometry":{"type":"Polygon","coordinates":[[[30.04581,-1.90714],[30.04589,-1.90693],[30.04569,-1.90669],[30.04565,-1.90683],[30.04559,-1.90697],[30.04574,-1.90702],[30.0457,-1.90711],[30.04581,-1.90714]]]},"properties":{"objectid":40634917,"parcel_num":2227,"village":"Nyagasozi","province":"Kigali City","district":"Gasabo","sector":"Gatsata","cell":"Karuruma","cell_code":"1020201","upi":"1/02/02/01/2227","change_id":"DP","start_date":"1800-01-01T00:00:00.000Z","end_date":"1899-11-30T00:00:00.000Z","status":"Actual","transactio":"","accuracy":"C","area_in_we":0,"x":505088.72345,"y":4789162.31480014,"village_co":"102020108","globalid":"{C5DDA53F-D9B1-455A-B6AE-6F38FBF4F9AB}","st_area_sh":840.38359721,"st_length_":134.213192715}},
{"type":"Feature","geometry":{"type":"Polygon","coordinates":[[[30.04571,-1.90663],[30.04563,-1.90654],[30.04547,-1.90651],[30.04543,-1.90659],[30.04551,-1.9066],[30.04571,-1.90663]]]},"properties":{"objectid":40634918,"parcel_num":2228,"village":"Nyagasozi","province":"Kigali City","district":"Gasabo","sector":"Gatsata","cell":"Karuruma","cell_code":"1020201","upi":"1/02/02/01/2228","change_id":"NR","start_date":"1800-01-01T00:00:00.000Z","end_date":"1899-11-30T00:00:00.000Z","status":"Actual","transactio":"","accuracy":"C","area_in_we":0,"x":505068.11345828,"y":4789202.9498,"village_co":"102020108","globalid":"{C5ACA568-C676-4D5D-A719-1D95B22D48B3}","st_area_sh":206.327338625,"st_length_":74.5683049795}},
{"type":"Feature","geometry":{"type":"Polygon","coordinates":[[[30.03614,-1.90861],[30.03596,-1.90849],[30.03581,-1.90869],[30.03598,-1.90875],[30.03608,-1.90877],[30.03613,-1.90874],[30.03614,-1.90861]]]},"properties":{"objectid":40634934,"parcel_num":2244,"village":"Nyagasozi","province":"Kigali City","district":"Gasabo","sector":"Gatsata","cell":"Karuruma","cell_code":"1020201","upi":"1/02/02/01/2244","change_id":"DP","start_date":"1800-01-01T00:00:00.000Z","end_date":"1899-11-30T00:00:00.000Z","status":"Actual","transactio":"","accuracy":"C","area_in_we":0,"x":504004.37019511,"y":4788974.50905,"village_co":"102020108","globalid":"{F739DB18-2289-44DC-879A-4B1768C88F5D}","st_area_sh":685.413195425,"st_length_":103.698888884}},
{"type":"Feature","geometry":{"type":"Polygon","coordinates":[[[30.03608,-1.90877],[30.03598,-1.90875],[30.03589,-1.90894],[30.03607,-1.90901],[30.03607,-1.909],[30.03608,-1.90877]]]},"properties":{"objectid":40634935,"parcel_num":2245,"village":"Nyagasozi","province":"Kigali City","district":"Gasabo","sector":"Gatsata","cell":"Karuruma","cell_code":"1020201","upi":"1/02/02/01/2245","change_id":"BC","start_date":"2024-11-22T00:00:00.000Z","end_date":"1899-11-30T00:00:00.000Z","status":"Actual","transactio":"","accuracy":"C","area_in_we":0,"x":504005.5866642,"y":4788947.29438683,"village_co":"102020108","globalid":"{BF62E345-ADA6-45E8-BCFC-BA9E93CA4FF4}","st_area_sh":414.367813235,"st_length_":82.3970243241}},
{"type":"Feature","geometry":{"type":"Polygon","coordinates":[[[30.04157,-1.90679],[30.04135,-1.9067],[30.04131,-1.90701],[30.04153,-1.90703],[30.04157,-1.90679]]]},"properties":{"objectid":40634941,"parcel_num":2250,"village":"Nyagasozi","province":"Kigali City","district":"Gasabo","sector":"Gatsata","cell":"Karuruma","cell_code":"1020201","upi":"1/02/02/01/2250","change_id":"DP","start_date":"2015-04-13T00:00:00.000Z","end_date":"1899-11-30T00:00:00.000Z","status":"Actual","transactio":"","accuracy":"C","area_in_we":0,"x":504609.9861,"y":4789168.35585428,"village_co":"102020108","globalid":"{D33CE00A-320C-4AD3-8FB4-0399D8BCA706}","st_area_sh":768.665321435,"st_length_":113.06663589}},
{"type":"Feature","geometry":{"type":"Polygon","coordinates":[[[30.0418,-1.90688],[30.04165,-1.90686],[30.04166,-1.90682],[30.04162,-1.9068],[30.04157,-1.90704],[30.04161,-1.90705],[30.04183,-1.90709],[30.04184,-1.90705],[30.04188,-1.90689],[30.0418,-1.90688]]]},"properties":{"objectid":40634942,"parcel_num":2251,"village":"Nyagasozi","province":"Kigali City","district":"Gasabo","sector":"Gatsata","cell":"Karuruma","cell_code":"1020201","upi":"1/02/02/01/2251","change_id":"BC","start_date":"2015-07-20T00:00:00.000Z","end_date":"1899-11-30T00:00:00.000Z","status":"Actual","transactio":"","accuracy":"C","area_in_we":0,"x":504641.91651905,"y":4789161.097,"village_co":"102020108","globalid":"{F76FCF04-4972-4399-B8F4-90F6046D24F0}","st_area_sh":686.3543691,"st_length_":116.411081217}},
{"type":"Feature","geometry":{"type":"Polygon","coordinates":[[[30.04384,-1.90703],[30.04383,-1.90698],[30.04365,-1.90699],[30.04348,-1.90699],[30.04348,-1.90707],[30.04348,-1.90711],[30.04359,-1.90724],[30.04384,-1.90703]]]},"properties":{"objectid":40634954,"parcel_num":2352,"village":"Nyagasozi","province":"Kigali City","district":"Gasabo","sector":"Gatsata","cell":"Karuruma","cell_code":"1020201","upi":"1/02/02/01/2352","change_id":"DP","start_date":"2015-05-20T00:00:00.000Z","end_date":"1899-11-30T00:00:00.000Z","status":"Actual","transactio":"","accuracy":"C","area_in_we":0,"x":504852.16659319,"y":4789142.9973,"village_co":"102020108","globalid":"{89A526A0-F562-4632-BA7E-A1C7A1198AFB}","st_area_sh":720.33762223,"st_length_":112.627301527}},
{"type":"Feature","geometry":{"type":"Polygon","coordinates":[[[30.04153,-1.90703],[30.04131,-1.90701],[30.04127,-1.90718],[30.04127,-1.90719],[30.04151,-1.90723],[30.04153,-1.90703]]]},"properties":{"objectid":40634957,"parcel_num":2355,"village":"Nyagasozi","province":"Kigali City","district":"Gasabo","sector":"Gatsata","cell":"Karuruma","cell_code":"1020201","upi":"1/02/02/01/2355","change_id":"MP","start_date":"2015-05-21T00:00:00.000Z","end_date":"1899-11-30T00:00:00.000Z","status":"Actual","transactio":"","accuracy":"C","area_in_we":0,"x":504605.44657771,"y":4789141.4666,"village_co":"102020108","globalid":"{8BEEE0B3-7B55-4ADD-AAF6-29A7C7A2867D}","st_area_sh":580.760168895,"st_length_":96.4821071735}},
{"type":"Feature","geometry":{"type":"Polygon","coordinates":[[[30.0417,-1.90624],[30.04163,-1.90618],[30.04154,-1.90623],[30.04163,-1.90637],[30.04172,-1.90627],[30.0417,-1.90624]]]},"properties":{"objectid":40634958,"parcel_num":2356,"village":"Nyagasozi","province":"Kigali City","district":"Gasabo","sector":"Gatsata","cell":"Karuruma","cell_code":"1020201","upi":"1/02/02/01/2356","change_id":"NR","start_date":"2015-07-20T00:00:00.000Z","end_date":"1899-11-30T00:00:00.000Z","status":"Actual","transactio":"","accuracy":"C","area_in_we":0,"x":504631.1671,"y":4789235.82300533,"village_co":"102020108","globalid":"{A86C0265-5D49-4E9C-988A-74A721F899CB}","st_area_sh":222.32447619,"st_length_":60.1346400872}},
{"type":"Feature","geometry":{"type":"Polygon","coordinates":[[[30.04247,-1.90842],[30.04238,-1.90833],[30.04233,-1.9082],[30.04223,-1.90829],[30.04209,-1.90834],[30.04207,-1.90834],[30.04214,-1.90853],[30.04228,-1.9085],[30.04244,-1.90849],[30.04246,-1.90845],[30.04247,-1.90842]]]},"properties":{"objectid":40634960,"parcel_num":2358,"village":"Nyagasozi","province":"Kigali City","district":"Gasabo","sector":"Gatsata","cell":"Karuruma","cell_code":"1020201","upi":"1/02/02/01/2358","change_id":"DP","start_date":"2015-10-08T00:00:00.000Z","end_date":"1899-11-30T00:00:00.000Z","status":"Actual","transactio":"","accuracy":"C","area_in_we":0,"x":504700.41460221,"y":4789003.8196,"village_co":"102020108","globalid":"{FB280F67-48C8-4B3F-BB8E-6EB6A3D3A562}","st_area_sh":886.765161655,"st_length_":127.327711751}},
{"type":"Feature","geometry":{"type":"Polygon","coordinates":[[[30.04231,-1.90872],[30.04228,-1.9085],[30.04214,-1.90853],[30.04218,-1.90868],[30.04231,-1.90872]]]},"properties":{"objectid":40634961,"parcel_num":2359,"village":"Nyagasozi","province":"Kigali City","district":"Gasabo","sector":"Gatsata","cell":"Karuruma","cell_code":"1020201","upi":"1/02/02/01/2359","change_id":"DP","start_date":"2015-10-08T00:00:00.000Z","end_date":"1899-11-30T00:00:00.000Z","status":"Actual","transactio":"","accuracy":"C","area_in_we":0,"x":504697.49665,"y":4788977.65535091,"village_co":"102020108","globalid":"{BA377143-91A2-4530-8185-5C76FF5631CF}","st_area_sh":298.08751071,"st_length_":71.6795026211}},
{"type":"Feature","geometry":{"type":"Polygon","coordinates":[[[30.03922,-1.90663],[30.03901,-1.90662],[30.03905,-1.90688],[30.03929,-1.90687],[30.03926,-1.90662],[30.03922,-1.90663]]]},"properties":{"objectid":40634964,"parcel_num":2365,"village":"Nyagasozi","province":"Kigali City","district":"Gasabo","sector":"Gatsata","cell":"Karuruma","cell_code":"1020201","upi":"1/02/02/01/2365","change_id":"DP","start_date":"2015-12-17T00:00:00.000Z","end_date":"1899-11-30T00:00:00.000Z","status":"Actual","transactio":"","accuracy":"C","area_in_we":0,"x":504355.41825,"y":4789182.66902662,"village_co":"102020108","globalid":"{E81F4465-E22F-4D64-8DCD-B6E0CE25368A}","st_area_sh":767.42147173,"st_length_":115.101156298}},
{"type":"Feature","geometry":{"type":"Polygon","coordinates":[[[30.03922,-1.90663],[30.0392,-1.90629],[30.03902,-1.90631],[30.03894,-1.90632],[30.03901,-1.90662],[30.03922,-1.90663]]]},"properties":{"objectid":40634965,"parcel_num":2367,"village":"Nyagasozi","province":"Kigali City","district":"Gasabo","sector":"Gatsata","cell":"Karuruma","cell_code":"1020201","upi":"1/02/02/01/2367","change_id":"BC","start_date":"2025-08-24T00:00:00.000Z","end_date":"1899-11-30T00:00:00.000Z","status":"Actual","transactio":"","accuracy":"C","area_in_we":0,"x":504348.19125595,"y":4789214.94148359,"village_co":"102020108","globalid":"{B8080DFF-C4C2-490D-93BD-676A17C4745E}","st_area_sh":983.283632975,"st_length_":124.708010096}},
{"type":"Feature","geometry":{"type":"Polygon","coordinates":[[[30.04307,-1.90648],[30.04306,-1.90646],[30.04299,-1.90653],[30.04301,-1.90655],[30.04306,-1.90662],[30.04312,-1.90657],[30.04307,-1.90648]]]},"properties":{"objectid":40634971,"parcel_num":2374,"village":"Nyagasozi","province":"Kigali City","district":"Gasabo","sector":"Gatsata","cell":"Karuruma","cell_code":"1020201","upi":"1/02/02/01/2374","change_id":"NR","start_date":"2016-01-13T00:00:00.000Z","end_date":"1899-11-30T00:00:00.000Z","status":"Actual","transactio":"","accuracy":"C","area_in_we":0,"x":504789.92035,"y":4789206.47668949,"village_co":"102020108","globalid":"{991B1DA3-AAB2-4F56-A749-F28E2FDF8C67}","st_area_sh":121.74265314,"st_length_":44.5075420961}},
{"type":"Feature","geometry":{"type":"Polygon","coordinates":[[[30.04333,-1.90505],[30.04324,-1.90505],[30.04323,-1.90518],[30.04332,-1.90518],[30.04333,-1.90505]]]},"properties":{"objectid":40634972,"parcel_num":2375,"village":"Nyagasozi","province":"Kigali City","district":"Gasabo","sector":"Gatsata","cell":"Karuruma","cell_code":"1020201","upi":"1/02/02/01/2375","change_id":"NR","start_date":"2016-03-20T00:00:00.000Z","end_date":"1899-11-30T00:00:00.000Z","status":"Actual","transactio":"","accuracy":"C","area_in_we":0,"x":504814.89445,"y":4789363.47539584,"village_co":"102020108","globalid":"{05A94C5F-F0B8-48BB-8973-DB0B622DA18D}","st_area_sh":139.199125635,"st_length_":48.0143312923}},
{"type":"Feature","geometry":{"type":"Polygon","coordinates":[[[30.04344,-1.90499],[30.04344,-1.90488],[30.04335,-1.90489],[30.04336,-1.90506],[30.04344,-1.90506],[30.04344,-1.90499]]]},"properties":{"objectid":40634973,"parcel_num":2376,"village":"Nyagasozi","province":"Kigali City","district":"Gasabo","sector":"Gatsata","cell":"Karuruma","cell_code":"1020201","upi":"1/02/02/01/2376","change_id":"NR","start_date":"2016-03-20T00:00:00.000Z","end_date":"1899-11-30T00:00:00.000Z","status":"Actual","transactio":"","accuracy":"C","area_in_we":0,"x":504827.4768,"y":4789379.38721593,"village_co":"102020108","globalid":"{6E6B2774-23B7-4D8F-BFE7-918576FDA83A}","st_area_sh":175.84455479,"st_length_":56.5045709555}},
{"type":"Feature","geometry":{"type":"Polygon","coordinates":[[[30.03714,-1.90805],[30.03701,-1.908],[30.03698,-1.90806],[30.03694,-1.90804],[30.0369,-1.90803],[30.03684,-1.90818],[30.03678,-1.90833],[30.03675,-1.90837],[30.03668,-1.9085],[30.03675,-1.90852],[30.03679,-1.90854],[30.0368,-1.90852],[30.03684,-1.90838],[30.0369,-1.90828],[30.03708,-1.90814],[30.03714,-1.90805]]]},"properties":{"objectid":40634977,"parcel_num":2381,"village":"Nyagasozi","province":"Kigali City","district":"Gasabo","sector":"Gatsata","cell":"Karuruma","cell_code":"1020201","upi":"1/02/02/01/2381","change_id":"DP","start_date":"2016-04-22T00:00:00.000Z","end_date":"1899-11-30T00:00:00.000Z","status":"Actual","transactio":"","accuracy":"C","area_in_we":0,"x":504106.45145,"y":4789027.64476166,"village_co":"102020108","globalid":"{5C735C3B-B549-42C6-A5D2-76554936C72A}","st_area_sh":885.351471825,"st_length_":171.514392858}},
{"type":"Feature","geometry":{"type":"Polygon","coordinates":[[[30.04351,-1.90811],[30.04331,-1.90813],[30.04331,-1.90806],[30.04322,-1.90807],[30.04323,-1.90809],[30.04323,-1.9082],[30.04321,-1.90832],[30.04329,-1.90832],[30.04348,-1.90833],[30.04351,-1.90811]]]},"properties":{"objectid":40634978,"parcel_num":2386,"village":"Rugoro","province":"Kigali City","district":"Gasabo","sector":"Gatsata","cell":"Karuruma","cell_code":"1020201","upi":"1/02/02/01/2386","change_id":"DP","start_date":"2016-07-07T00:00:00.000Z","end_date":"1899-11-30T00:00:00.000Z","status":"Actual","transactio":"","accuracy":"C","area_in_we":0,"x":504824.45154526,"y":4789023.05855,"village_co":"102020109","globalid":"{ACDE960F-83D8-4278-A2B3-B13E737F10B1}","st_area_sh":722.293773415,"st_length_":125.583599465}},
{"type":"Feature","geometry":{"type":"Polygon","coordinates":[[[30.04351,-1.90811],[30.0435,-1.908],[30.04345,-1.908],[30.04331,-1.90806],[30.04331,-1.90813],[30.04351,-1.90811]]]},"properties":{"objectid":40634979,"parcel_num":2387,"village":"Rugoro","province":"Kigali City","district":"Gasabo","sector":"Gatsata","cell":"Karuruma","cell_code":"1020201","upi":"1/02/02/01/2387","change_id":"DP","start_date":"2016-07-07T00:00:00.000Z","end_date":"1899-11-30T00:00:00.000Z","status":"Actual","transactio":"","accuracy":"C","area_in_we":0,"x":504828.68949336,"y":4789037.1613,"village_co":"102020109","globalid":"{0E3AB478-CB2A-4502-B9D9-B56593A8FBF6}","st_area_sh":225.978594035,"st_length_":65.431109117}},
{"type":"Feature","geometry":{"type":"Polygon","coordinates":[[[30.04165,-1.90656],[30.04147,-1.90647],[30.04139,-1.90659],[30.04133,-1.90669],[30.04135,-1.9067],[30.04157,-1.90679],[30.04165,-1.90656]]]},"properties":{"objectid":40634981,"parcel_num":2390,"village":"Nyagasozi","province":"Kigali City","district":"Gasabo","sector":"Gatsata","cell":"Karuruma","cell_code":"1020201","upi":"1/02/02/01/2390","change_id":"DP","start_date":"2016-07-21T00:00:00.000Z","end_date":"1899-11-30T00:00:00.000Z","status":"Actual","transactio":"","accuracy":"C","area_in_we":0,"x":504615.71845,"y":4789197.17315848,"village_co":"102020108","globalid":"{371014A8-7395-4BDE-B071-C7ABD089E3F9}","st_area_sh":702.3152547,"st_length_":105.876699331}},
{"type":"Feature","geometry":{"type":"Polygon","coordinates":[[[30.0371,-1.9097],[30.03718,-1.90958],[30.03707,-1.9096],[30.03701,-1.90969],[30.03705,-1.90971],[30.0371,-1.9097]]]},"properties":{"objectid":40634986,"parcel_num":2396,"village":"Nyagasozi","province":"Kigali City","district":"Gasabo","sector":"Gatsata","cell":"Karuruma","cell_code":"1020201","upi":"1/02/02/01/2396","change_id":"DP","start_date":"2016-08-08T00:00:00.000Z","end_date":"1899-11-30T00:00:00.000Z","status":"Actual","transactio":"","accuracy":"C","area_in_we":0,"x":504126.36215,"y":4788862.41998955,"village_co":"102020108","globalid":"{DAACB7F9-EAC8-4575-912A-7B1B4B287B53}","st_area_sh":149.188761265,"st_length_":54.4563924343}},
{"type":"Feature","geometry":{"type":"Polygon","coordinates":[[[30.03701,-1.90969],[30.03707,-1.9096],[30.03691,-1.90965],[30.0369,-1.90967],[30.03688,-1.90973],[30.03696,-1.90978],[30.03701,-1.90969]]]},"properties":{"objectid":40634987,"parcel_num":2397,"village":"Nyagasozi","province":"Kigali City","district":"Gasabo","sector":"Gatsata","cell":"Karuruma","cell_code":"1020201","upi":"1/02/02/01/2397","change_id":"DP","start_date":"2016-08-08T00:00:00.000Z","end_date":"1899-11-30T00:00:00.000Z","status":"Actual","transactio":"","accuracy":"C","area_in_we":0,"x":504112.9503,"y":4788857.89942189,"village_co":"102020108","globalid":"{B631D2F8-DF73-407C-931C-7030AE724623}","st_area_sh":189.252317985,"st_length_":61.7206310484}},
{"type":"Feature","geometry":{"type":"Polygon","coordinates":[[[30.03705,-1.90971],[30.03701,-1.90969],[30.03696,-1.90978],[30.037,-1.9098],[30.03705,-1.90971]]]},"properties":{"objectid":40634988,"parcel_num":2398,"village":"Nyagasozi","province":"Kigali City","district":"Gasabo","sector":"Gatsata","cell":"Karuruma","cell_code":"1020201","upi":"1/02/02/01/2398","change_id":"DP","start_date":"2016-08-08T00:00:00.000Z","end_date":"1899-11-30T00:00:00.000Z","status":"Actual","transactio":"","accuracy":"C","area_in_we":0,"x":504116.21745,"y":4788851.40476536,"village_co":"102020108","globalid":"{1B076856-05EE-425D-852D-28906ADC2B5C}","st_area_sh":53.92547379,"st_length_":31.6928315447}},
{"type":"Feature","geometry":{"type":"Polygon","coordinates":[[[30.04506,-1.90659],[30.04493,-1.90657],[30.04489,-1.90682],[30.04491,-1.90684],[30.04499,-1.90689],[30.04506,-1.90669],[30.04506,-1.90659]]]},"properties":{"objectid":40634993,"parcel_num":2401,"village":"Nyagasozi","province":"Kigali City","district":"Gasabo","sector":"Gatsata","cell":"Karuruma","cell_code":"1020201","upi":"1/02/02/01/2401","change_id":"BC","start_date":"2016-08-24T00:00:00.000Z","end_date":"1899-11-30T00:00:00.000Z","status":"Actual","transactio":"","accuracy":"C","area_in_we":0,"x":505003.33735,"y":4789184.8645802,"village_co":"102020108","globalid":"{FD7F5B63-3BFC-4657-AC25-E7E341010CC6}","st_area_sh":479.666424985,"st_length_":93.1920914965}},
{"type":"Feature","geometry":{"type":"Polygon","coordinates":[[[30.04506,-1.90669],[30.04499,-1.90689],[30.04514,-1.907],[30.04526,-1.9068],[30.04506,-1.90669]]]},"properties":{"objectid":40634994,"parcel_num":2402,"village":"Nyagasozi","province":"Kigali City","district":"Gasabo","sector":"Gatsata","cell":"Karuruma","cell_code":"1020201","upi":"1/02/02/01/2402","change_id":"DP","start_date":"2016-08-11T00:00:00.000Z","end_date":"1899-11-30T00:00:00.000Z","status":"Actual","transactio":"","accuracy":"C","area_in_we":0,"x":505019.5602,"y":4789171.95865775,"village_co":"102020108","globalid":"{92F267CE-2E66-49AE-81BB-D42D96215F77}","st_area_sh":561.76382456,"st_length_":95.7772441961}},
{"type":"Feature","geometry":{"type":"Polygon","coordinates":[[[30.0444,-1.90667],[30.04418,-1.90658],[30.0441,-1.90673],[30.04426,-1.9068],[30.04433,-1.90683],[30.0444,-1.90667]]]},"properties":{"objectid":40634995,"parcel_num":2403,"village":"Nyagasozi","province":"Kigali City","district":"Gasabo","sector":"Gatsata","cell":"Karuruma","cell_code":"1020201","upi":"1/02/02/01/2403","change_id":"DP","start_date":"2016-09-09T00:00:00.000Z","end_date":"1899-11-30T00:00:00.000Z","status":"Actual","transactio":"","accuracy":"C","area_in_we":0,"x":504922.78483237,"y":4789187.8083,"village_co":"102020108","globalid":"{20FE2C58-DE63-4708-8323-EFA64B934178}","st_area_sh":513.246315515,"st_length_":92.4141974328}},
{"type":"Feature","geometry":{"type":"Polygon","coordinates":[[[30.04426,-1.90643],[30.04418,-1.90658],[30.0444,-1.90667],[30.04442,-1.90662],[30.04447,-1.90651],[30.04426,-1.90643]]]},"properties":{"objectid":40634996,"parcel_num":2406,"village":"Nyagasozi","province":"Kigali City","district":"Gasabo","sector":"Gatsata","cell":"Karuruma","cell_code":"1020201","upi":"1/02/02/01/2406","change_id":"DP","start_date":"2016-09-09T00:00:00.000Z","end_date":"1899-11-30T00:00:00.000Z","status":"Actual","transactio":"","accuracy":"C","area_in_we":0,"x":504930.64875275,"y":4789204.8132,"village_co":"102020108","globalid":"{B4B607CD-81DB-4CE9-B65D-F5E15B6A51EC}","st_area_sh":489.96765343,"st_length_":90.43176354}},
{"type":"Feature","geometry":{"type":"Polygon","coordinates":[[[30.04478,-1.90558],[30.04473,-1.90554],[30.04477,-1.90581],[30.04479,-1.90582],[30.04479,-1.90581],[30.04479,-1.9057],[30.04478,-1.90558]]]},"properties":{"objectid":40635001,"parcel_num":2418,"village":"Nyagasozi","province":"Kigali City","district":"Gasabo","sector":"Gatsata","cell":"Karuruma","cell_code":"1020201","upi":"1/02/02/01/2418","change_id":"NR","start_date":"2016-11-09T00:00:00.000Z","end_date":"1899-11-30T00:00:00.000Z","status":"Actual","transactio":"","accuracy":"C","area_in_we":0,"x":504979.43225,"y":4789306.11962256,"village_co":"102020108","globalid":"{7C918050-4148-4312-BE08-8087BC464062}","st_area_sh":98.76278911,"st_length_":65.8870978677}},
{"type":"Feature","geometry":{"type":"Polygon","coordinates":[[[30.04497,-1.90583],[30.04479,-1.90581],[30.04479,-1.90582],[30.04486,-1.90586],[30.04496,-1.90583],[30.04497,-1.90583]]]},"properties":{"objectid":40635002,"parcel_num":2419,"village":"Nyagasozi","province":"Kigali City","district":"Gasabo","sector":"Gatsata","cell":"Karuruma","cell_code":"1020201","upi":"1/02/02/01/2419","change_id":"NR","start_date":"2016-11-09T00:00:00.000Z","end_date":"1899-11-30T00:00:00.000Z","status":"Actual","transactio":"","accuracy":"C","area_in_we":0,"x":504991.48400554,"y":4789283.69975,"village_co":"102020108","globalid":"{FF64A965-20D2-403C-B812-D6BBF049EC78}","st_area_sh":49.98561335,"st_length_":43.9371828197}},
{"type":"Feature","geometry":{"type":"Polygon","coordinates":[[[30.04403,-1.90593],[30.04393,-1.90594],[30.04392,-1.9059],[30.04382,-1.90592],[30.0438,-1.90606],[30.04384,-1.90615],[30.044,-1.90618],[30.04401,-1.9061],[30.04402,-1.90601],[30.04403,-1.90593]]]},"properties":{"objectid":40635004,"parcel_num":2421,"village":"Nyagasozi","province":"Kigali City","district":"Gasabo","sector":"Gatsata","cell":"Karuruma","cell_code":"1020201","upi":"1/02/02/01/2421","change_id":"DP","start_date":"2016-11-10T00:00:00.000Z","end_date":"1899-11-30T00:00:00.000Z","status":"Actual","transactio":"","accuracy":"C","area_in_we":0,"x":504884.94925,"y":4789262.12650899,"village_co":"102020108","globalid":"{77BCB62D-4ACC-4379-9ABC-1D613185D403}","st_area_sh":618.126618735,"st_length_":102.529803054}},
{"type":"Feature","geometry":{"type":"Polygon","coordinates":[[[30.04455,-1.90587],[30.04443,-1.90586],[30.04441,-1.90596],[30.04455,-1.90597],[30.04455,-1.90587]]]},"properties":{"objectid":40635005,"parcel_num":2423,"village":"Nyagasozi","province":"Kigali City","district":"Gasabo","sector":"Gatsata","cell":"Karuruma","cell_code":"1020201","upi":"1/02/02/01/2423","change_id":"DP","start_date":"2016-11-10T00:00:00.000Z","end_date":"1899-11-30T00:00:00.000Z","status":"Actual","transactio":"","accuracy":"C","area_in_we":0,"x":504948.65178597,"y":4789274.77095,"village_co":"102020108","globalid":"{DB75CB1F-8CCB-4968-8E53-209AC1B3E47B}","st_area_sh":157.103114845,"st_length_":54.2970561353}},
{"type":"Feature","geometry":{"type":"Polygon","coordinates":[[[30.04533,-1.90658],[30.04517,-1.90656],[30.04517,-1.90661],[30.04506,-1.90659],[30.04506,-1.90669],[30.04526,-1.9068],[30.04533,-1.90658]]]},"properties":{"objectid":40635006,"parcel_num":2424,"village":"Nyagasozi","province":"Kigali City","district":"Gasabo","sector":"Gatsata","cell":"Karuruma","cell_code":"1020201","upi":"1/02/02/01/2424","change_id":"MP","start_date":"2016-11-18T00:00:00.000Z","end_date":"1899-11-30T00:00:00.000Z","status":"Actual","transactio":"","accuracy":"C","area_in_we":0,"x":505026.73177537,"y":4789190.54655,"village_co":"102020108","globalid":"{D3EC8E9F-1620-4783-8D8B-D1050CC71D7C}","st_area_sh":513.73205962,"st_length_":101.575582016}},
{"type":"Feature","geometry":{"type":"Polygon","coordinates":[[[30.04274,-1.90674],[30.04267,-1.90667],[30.04277,-1.90659],[30.04266,-1.90643],[30.04262,-1.90645],[30.04257,-1.90649],[30.04255,-1.9065],[30.04266,-1.90664],[30.04257,-1.90674],[30.0424,-1.90658],[30.04239,-1.90657],[30.04219,-1.90682],[30.04215,-1.90689],[30.04213,-1.90696],[30.04231,-1.90703],[30.04246,-1.90711],[30.04258,-1.90689],[30.04274,-1.90674]]]},"properties":{"objectid":40635007,"parcel_num":2425,"village":"Nyagasozi","province":"Kigali City","district":"Gasabo","sector":"Gatsata","cell":"Karuruma","cell_code":"1020201","upi":"1/02/02/01/2425","change_id":"DP","start_date":"2017-05-11T00:00:00.000Z","end_date":"1899-11-30T00:00:00.000Z","status":"Actual","transactio":"","accuracy":"C","area_in_we":0,"x":504724.15101554,"y":4789180.3648,"village_co":"102020108","globalid":"{D24A5666-BF33-4D33-8BB4-B2A2826E7346}","st_area_sh":2320.25686417,"st_length_":268.855255394}},
{"type":"Feature","geometry":{"type":"Polygon","coordinates":[[[30.044,-1.90618],[30.04384,-1.90615],[30.04381,-1.90625],[30.04372,-1.90647],[30.04383,-1.90658],[30.04389,-1.90645],[30.044,-1.90627],[30.044,-1.90618]]]},"properties":{"objectid":40635008,"parcel_num":2428,"village":"Nyagasozi","province":"Kigali City","district":"Gasabo","sector":"Gatsata","cell":"Karuruma","cell_code":"1020201","upi":"1/02/02/01/2428","change_id":"DP","start_date":"2017-07-26T00:00:00.000Z","end_date":"1899-11-30T00:00:00.000Z","status":"Actual","transactio":"","accuracy":"C","area_in_we":0,"x":504879.1949,"y":4789228.60813095,"village_co":"102020108","globalid":"{B690FCB7-9E22-4EC8-8980-94C5AA991E7F}","st_area_sh":781.68866928,"st_length_":121.571602262}},
{"type":"Feature","geometry":{"type":"Polygon","coordinates":[[[30.04539,-1.90643],[30.04512,-1.9064],[30.04504,-1.9065],[30.04533,-1.90657],[30.04539,-1.90643]]]},"properties":{"objectid":40635015,"parcel_num":2436,"village":"Nyagasozi","province":"Kigali City","district":"Gasabo","sector":"Gatsata","cell":"Karuruma","cell_code":"1020201","upi":"1/02/02/01/2436","change_id":"DP","start_date":"2017-11-10T00:00:00.000Z","end_date":"1899-11-30T00:00:00.000Z","status":"Actual","transactio":"","accuracy":"C","area_in_we":0,"x":505029.25552835,"y":4789212.09495,"village_co":"102020108","globalid":"{FF90868E-1457-461B-B1BD-22629716F9EF}","st_area_sh":457.324991815,"st_length_":93.7242116607}},
{"type":"Feature","geometry":{"type":"Polygon","coordinates":[[[30.04494,-1.90637],[30.04491,-1.90637],[30.04489,-1.9065],[30.04502,-1.90653],[30.04504,-1.9065],[30.04512,-1.9064],[30.04494,-1.90637]]]},"properties":{"objectid":40635016,"parcel_num":2437,"village":"Nyagasozi","province":"Kigali City","district":"Gasabo","sector":"Gatsata","cell":"Karuruma","cell_code":"1020201","upi":"1/02/02/01/2437","change_id":"DP","start_date":"2017-11-10T00:00:00.000Z","end_date":"1899-11-30T00:00:00.000Z","status":"Actual","transactio":"","accuracy":"C","area_in_we":0,"x":505003.97639399,"y":4789215.8496,"village_co":"102020108","globalid":"{2DDC9867-2876-47BD-B34D-6F2BD5862B26}","st_area_sh":319.865106275,"st_length_":74.8567669653}},
{"type":"Feature","geometry":{"type":"Polygon","coordinates":[[[30.04533,-1.90657],[30.04504,-1.9065],[30.04502,-1.90653],[30.04489,-1.9065],[30.04489,-1.90652],[30.04493,-1.90653],[30.04517,-1.90656],[30.04533,-1.90658],[30.04533,-1.90657]]]},"properties":{"objectid":40635017,"parcel_num":2438,"village":"Nyagasozi","province":"Kigali City","district":"Gasabo","sector":"Gatsata","cell":"Karuruma","cell_code":"1020201","upi":"1/02/02/01/2438","change_id":"NR","start_date":"2017-11-10T00:00:00.000Z","end_date":"1899-11-30T00:00:00.000Z","status":"Actual","transactio":"","accuracy":"C","area_in_we":0,"x":505015.90592994,"y":4789206.1283,"village_co":"102020108","globalid":"{E5FE7B9F-9FCB-44CE-A538-F16E6557A867}","st_area_sh":102.11860266,"st_length_":104.068246019}},
{"type":"Feature","geometry":{"type":"Polygon","coordinates":[[[30.04322,-1.90711],[30.04316,-1.90719],[30.0432,-1.90723],[30.0433,-1.90727],[30.04333,-1.90721],[30.04322,-1.90711]]]},"properties":{"objectid":40635023,"parcel_num":2448,"village":"Nyagasozi","province":"Kigali City","district":"Gasabo","sector":"Gatsata","cell":"Karuruma","cell_code":"1020201","upi":"1/02/02/01/2448","change_id":"DP","start_date":"2018-05-04T00:00:00.000Z","end_date":"1899-11-30T00:00:00.000Z","status":"Actual","transactio":"","accuracy":"C","area_in_we":0,"x":504809.28685083,"y":4789135.0874,"village_co":"102020108","globalid":"{C43F2AD4-8093-46D8-A663-9BB6F02D1211}","st_area_sh":205.00214574,"st_length_":57.7254917336}},
{"type":"Feature","geometry":{"type":"Polygon","coordinates":[[[30.04348,-1.90711],[30.04348,-1.90707],[30.04339,-1.90714],[30.04333,-1.90721],[30.0433,-1.90727],[30.0432,-1.90723],[30.04328,-1.90731],[30.04332,-1.90728],[30.04348,-1.90711]]]},"properties":{"objectid":40635024,"parcel_num":2449,"village":"Nyagasozi","province":"Kigali City","district":"Gasabo","sector":"Gatsata","cell":"Karuruma","cell_code":"1020201","upi":"1/02/02/01/2449","change_id":"NR","start_date":"2018-05-04T00:00:00.000Z","end_date":"1899-11-30T00:00:00.000Z","status":"Actual","transactio":"","accuracy":"C","area_in_we":0,"x":504825.72165593,"y":4789134.40885,"village_co":"102020108","globalid":"{9EC6CEE9-719C-4445-97BD-968E343CD9F9}","st_area_sh":156.287196445,"st_length_":90.5440094809}},
{"type":"Feature","geometry":null,"properties":{"objectid":40635029,"parcel_num":2456,"village":"Rugoro","province":"Kigali City","district":"Gasabo","sector":"Gatsata","cell":"Karuruma","cell_code":"1020201","upi":"1/02/02/01/2456","change_id":"DP","start_date":"2018-09-05T00:00:00.000Z","end_date":"1899-11-30T00:00:00.000Z","status":"Actual","transactio":"","accuracy":"C","area_in_we":0,"x":505092.6858379,"y":4789096.93725,"village_co":"102020109","globalid":"{CD253A43-C128-4575-B2B3-B76111AF4CFA}","st_area_sh":596.38744201,"st_length_":143.000662961}},
{"type":"Feature","geometry":{"type":"Polygon","coordinates":[[[30.0433,-1.90771],[30.04322,-1.90749],[30.04306,-1.90749],[30.04307,-1.90767],[30.04323,-1.90776],[30.04325,-1.90773],[30.0433,-1.90771]]]},"properties":{"objectid":40635031,"parcel_num":2458,"village":"Nyagasozi","province":"Kigali City","district":"Gasabo","sector":"Gatsata","cell":"Karuruma","cell_code":"1020201","upi":"1/02/02/01/2458","change_id":"DP","start_date":"2019-02-12T00:00:00.000Z","end_date":"1899-11-30T00:00:00.000Z","status":"Actual","transactio":"","accuracy":"C","area_in_we":0,"x":504803.77935,"y":4789087.46050586,"village_co":"102020108","globalid":"{C8440D54-8AAC-45E8-8ECB-F08C1CEDCD0A}","st_area_sh":565.52212522,"st_length_":94.8012726031}},
{"type":"Feature","geometry":{"type":"Polygon","coordinates":[[[30.04324,-1.90736],[30.04309,-1.90734],[30.04306,-1.90749],[30.04322,-1.90749],[30.04324,-1.90736]]]},"properties":{"objectid":40635032,"parcel_num":2459,"village":"Nyagasozi","province":"Kigali City","district":"Gasabo","sector":"Gatsata","cell":"Karuruma","cell_code":"1020201","upi":"1/02/02/01/2459","change_id":"DP","start_date":"2019-02-12T00:00:00.000Z","end_date":"1899-11-30T00:00:00.000Z","status":"Actual","transactio":"","accuracy":"C","area_in_we":0,"x":504800.50183387,"y":4789109.30325,"village_co":"102020108","globalid":"{27C4D712-391E-423E-85CE-8150DBF26877}","st_area_sh":264.83799934,"st_length_":66.3882383185}},
{"type":"Feature","geometry":{"type":"Polygon","coordinates":[[[30.04452,-1.90518],[30.04448,-1.9049],[30.04436,-1.9049],[30.04432,-1.90491],[30.04417,-1.90493],[30.04421,-1.9052],[30.04452,-1.90518]]]},"properties":{"objectid":40635044,"parcel_num":2474,"village":"Nyagasozi","province":"Kigali City","district":"Gasabo","sector":"Gatsata","cell":"Karuruma","cell_code":"1020201","upi":"1/02/02/01/2474","change_id":"DP","start_date":"2019-11-15T00:00:00.000Z","end_date":"1899-11-30T00:00:00.000Z","status":"Actual","transactio":"","accuracy":"C","area_in_we":0,"x":504933.42340599,"y":4789370.68938423,"village_co":"102020108","globalid":"{E77A4403-B7D3-4165-85A9-5A9D27D4E08E}","st_area_sh":1042.35037153,"st_length_":131.01390466}},
{"type":"Feature","geometry":{"type":"Polygon","coordinates":[[[30.04432,-1.90491],[30.04429,-1.90466],[30.04414,-1.90467],[30.04417,-1.90493],[30.04432,-1.90491]]]},"properties":{"objectid":40635045,"parcel_num":2475,"village":"Nyagasozi","province":"Kigali City","district":"Gasabo","sector":"Gatsata","cell":"Karuruma","cell_code":"1020201","upi":"1/02/02/01/2475","change_id":"NR","start_date":"2019-11-15T00:00:00.000Z","end_date":"1899-11-30T00:00:00.000Z","status":"Actual","transactio":"","accuracy":"C","area_in_we":0,"x":504929.33058245,"y":4789379.79204524,"village_co":"102020108","globalid":"{90201EC7-33A1-4AB8-9389-078A4CC74DAA}","st_area_sh":493.163876135,"st_length_":92.3835797707}},
{"type":"Feature","geometry":{"type":"Polygon","coordinates":[[[30.04087,-1.90697],[30.04073,-1.90696],[30.04071,-1.90714],[30.04093,-1.90723],[30.04095,-1.90724],[30.04093,-1.90716],[30.04092,-1.90712],[30.04087,-1.90697]]]},"properties":{"objectid":40635046,"parcel_num":2476,"village":"Nyagasozi","province":"Kigali City","district":"Gasabo","sector":"Gatsata","cell":"Karuruma","cell_code":"1020201","upi":"1/02/02/01/2476","change_id":"DP","start_date":"2020-02-23T00:00:00.000Z","end_date":"1899-11-30T00:00:00.000Z","status":"Actual","transactio":"","accuracy":"C","area_in_we":0,"x":504541.64201608,"y":4789145.1023946,"village_co":"102020108","globalid":"{72FC5F16-EF05-452A-9E4E-864F9A39B8C3}","st_area_sh":500.63760157,"st_length_":95.6044284203}},
{"type":"Feature","geometry":{"type":"Polygon","coordinates":[[[30.04323,-1.90809],[30.04301,-1.90807],[30.04301,-1.90818],[30.04323,-1.9082],[30.04323,-1.90809]]]},"properties":{"objectid":40635050,"parcel_num":2480,"village":"Nyagasozi","province":"Kigali City","district":"Gasabo","sector":"Gatsata","cell":"Karuruma","cell_code":"1020201","upi":"1/02/02/01/2480","change_id":"DP","start_date":"2020-06-15T00:00:00.000Z","end_date":"1899-11-30T00:00:00.000Z","status":"Actual","transactio":"","accuracy":"C","area_in_we":0,"x":504797.90496545,"y":4789029.59094365,"village_co":"102020108","globalid":"{42B30797-9647-427F-A092-C2F51F9B4247}","st_area_sh":323.122298675,"st_length_":75.6189554044}},
{"type":"Feature","geometry":{"type":"Polygon","coordinates":[[[30.04323,-1.9082],[30.04301,-1.90818],[30.04301,-1.90828],[30.04321,-1.90832],[30.04323,-1.9082]]]},"properties":{"objectid":40635051,"parcel_num":2481,"village":"Nyagasozi","province":"Kigali City","district":"Gasabo","sector":"Gatsata","cell":"Karuruma","cell_code":"1020201","upi":"1/02/02/01/2481","change_id":"DP","start_date":"2020-06-15T00:00:00.000Z","end_date":"1899-11-30T00:00:00.000Z","status":"Actual","transactio":"","accuracy":"C","area_in_we":0,"x":504797.2498342,"y":4789027.17327008,"village_co":"102020108","globalid":"{B81A7812-C7A0-41FC-BA7F-20551D93C040}","st_area_sh":306.80304308,"st_length_":72.1090216614}},
{"type":"Feature","geometry":{"type":"Polygon","coordinates":[[[30.04189,-1.9062],[30.04184,-1.90615],[30.0417,-1.90624],[30.04172,-1.90627],[30.04163,-1.90637],[30.04173,-1.90647],[30.04181,-1.9064],[30.04187,-1.90633],[30.04182,-1.90629],[30.04189,-1.9062]]]},"properties":{"objectid":40635052,"parcel_num":2482,"village":"Nyagasozi","province":"Kigali City","district":"Gasabo","sector":"Gatsata","cell":"Karuruma","cell_code":"1020201","upi":"1/02/02/01/2482","change_id":"DP","start_date":"2020-07-14T00:00:00.000Z","end_date":"1899-11-30T00:00:00.000Z","status":"Actual","transactio":"","accuracy":"C","area_in_we":0,"x":504646.25834972,"y":4789230.77342467,"village_co":"102020108","globalid":"{3997140C-4417-49FA-9BFE-2114CE5E6B5A}","st_area_sh":519.78711335,"st_length_":105.377353609}},
{"type":"Feature","geometry":{"type":"Polygon","coordinates":[[[30.04184,-1.90615],[30.04178,-1.90609],[30.04163,-1.90618],[30.0417,-1.90624],[30.04184,-1.90615]]]},"properties":{"objectid":40635053,"parcel_num":2483,"village":"Nyagasozi","province":"Kigali City","district":"Gasabo","sector":"Gatsata","cell":"Karuruma","cell_code":"1020201","upi":"1/02/02/01/2483","change_id":"DP","start_date":"2020-07-14T00:00:00.000Z","end_date":"1899-11-30T00:00:00.000Z","status":"Actual","transactio":"","accuracy":"C","area_in_we":0,"x":504645.5608,"y":4789235.17428226,"village_co":"102020108","globalid":"{843D5493-C30B-4A63-8F9C-3C33BBE72058}","st_area_sh":178.952900275,"st_length_":57.7588018271}},
{"type":"Feature","geometry":{"type":"Polygon","coordinates":[[[30.04404,-1.90657],[30.04389,-1.90645],[30.04383,-1.90658],[30.04397,-1.90681],[30.04408,-1.90661],[30.04404,-1.90657]]]},"properties":{"objectid":40635054,"parcel_num":2484,"village":"Nyagasozi","province":"Kigali City","district":"Gasabo","sector":"Gatsata","cell":"Karuruma","cell_code":"1020201","upi":"1/02/02/01/2484","change_id":"DP","start_date":"2020-09-11T00:00:00.000Z","end_date":"1899-11-30T00:00:00.000Z","status":"Actual","transactio":"","accuracy":"C","area_in_we":0,"x":504889.37971482,"y":4789197.34584305,"village_co":"102020108","globalid":"{DD857353-585F-4481-B1D6-90FBF8D5B365}","st_area_sh":514.543069875,"st_length_":97.6390782746}},
{"type":"Feature","geometry":{"type":"Polygon","coordinates":[[[30.04195,-1.90815],[30.04186,-1.90807],[30.04175,-1.9082],[30.04177,-1.90824],[30.04195,-1.90815]]]},"properties":{"objectid":40635055,"parcel_num":2486,"village":"Nyagasozi","province":"Kigali City","district":"Gasabo","sector":"Gatsata","cell":"Karuruma","cell_code":"1020201","upi":"1/02/02/01/2486","change_id":"DP","start_date":"2020-10-21T00:00:00.000Z","end_date":"1899-11-30T00:00:00.000Z","status":"Actual","transactio":"","accuracy":"C","area_in_we":0,"x":504654.72772819,"y":4789027.42513851,"village_co":"102020108","globalid":"{A64E1751-414F-473C-ADDC-97367461C0B9}","st_area_sh":180.029897355,"st_length_":59.1181488947}},
{"type":"Feature","geometry":{"type":"Polygon","coordinates":[[[30.04209,-1.90834],[30.04198,-1.9082],[30.04179,-1.90829],[30.04183,-1.90835],[30.04201,-1.90834],[30.04207,-1.90834],[30.04209,-1.90834]]]},"properties":{"objectid":40635056,"parcel_num":2487,"village":"Nyagasozi","province":"Kigali City","district":"Gasabo","sector":"Gatsata","cell":"Karuruma","cell_code":"1020201","upi":"1/02/02/01/2487","change_id":"DP","start_date":"2020-10-21T00:00:00.000Z","end_date":"1899-11-30T00:00:00.000Z","status":"Actual","transactio":"","accuracy":"C","area_in_we":0,"x":504658.18296802,"y":4789021.5567,"village_co":"102020108","globalid":"{5E5EC15E-E9C8-4DC1-89A4-6BDAC531AB4E}","st_area_sh":318.99184056,"st_length_":79.589663574}},
{"type":"Feature","geometry":{"type":"Polygon","coordinates":[[[30.0417,-1.9076],[30.04175,-1.90739],[30.04173,-1.90743],[30.04164,-1.90742],[30.04146,-1.90743],[30.04147,-1.90752],[30.0417,-1.9076]]]},"properties":{"objectid":40635057,"parcel_num":2488,"village":"Nyagasozi","province":"Kigali City","district":"Gasabo","sector":"Gatsata","cell":"Karuruma","cell_code":"1020201","upi":"1/02/02/01/2488","change_id":"DP","start_date":"2020-10-27T00:00:00.000Z","end_date":"1899-11-30T00:00:00.000Z","status":"Actual","transactio":"","accuracy":"C","area_in_we":0,"x":504628.6577461,"y":4789100.78953395,"village_co":"102020108","globalid":"{7E4F67AD-9F1B-4363-9C0D-7377D8B217D6}","st_area_sh":477.78998649,"st_length_":99.6827857516}},
{"type":"Feature","geometry":{"type":"Polygon","coordinates":[[[30.04195,-1.90753],[30.04192,-1.90731],[30.0418,-1.90734],[30.04177,-1.90752],[30.04195,-1.90753]]]},"properties":{"objectid":40635058,"parcel_num":2489,"village":"Nyagasozi","province":"Kigali City","district":"Gasabo","sector":"Gatsata","cell":"Karuruma","cell_code":"1020201","upi":"1/02/02/01/2489","change_id":"DP","start_date":"2020-10-27T00:00:00.000Z","end_date":"1899-11-30T00:00:00.000Z","status":"Actual","transactio":"","accuracy":"C","area_in_we":0,"x":504656.79802708,"y":4789107.23617622,"village_co":"102020108","globalid":"{41A6F06B-28AC-467D-A205-D3D6870F720C}","st_area_sh":380.14939064,"st_length_":79.7479946144}},
{"type":"Feature","geometry":{"type":"Polygon","coordinates":[[[30.04006,-1.90961],[30.03999,-1.9093],[30.0398,-1.90938],[30.03986,-1.90953],[30.04006,-1.90961]]]},"properties":{"objectid":40635060,"parcel_num":2494,"village":"Nyagasozi","province":"Kigali City","district":"Gasabo","sector":"Gatsata","cell":"Karuruma","cell_code":"1020201","upi":"1/02/02/01/2494","change_id":"DP","start_date":"2021-01-18T00:00:00.000Z","end_date":"1899-11-30T00:00:00.000Z","status":"Actual","transactio":"","accuracy":"C","area_in_we":0,"x":504443.84067983,"y":4788883.86126024,"village_co":"102020108","globalid":"{F07D79BC-7562-4090-AE02-19361ABEADB5}","st_area_sh":617.566487145,"st_length_":101.336179969}},
{"type":"Feature","geometry":{"type":"Polygon","coordinates":[[[30.04018,-1.90948],[30.04014,-1.90949],[30.04006,-1.9092],[30.03997,-1.90924],[30.03999,-1.9093],[30.04006,-1.90961],[30.0402,-1.90968],[30.04018,-1.90948]]]},"properties":{"objectid":40635061,"parcel_num":2495,"village":"Nyagasozi","province":"Kigali City","district":"Gasabo","sector":"Gatsata","cell":"Karuruma","cell_code":"1020201","upi":"1/02/02/01/2495","change_id":"DP","start_date":"2021-01-18T00:00:00.000Z","end_date":"1899-11-30T00:00:00.000Z","status":"Actual","transactio":"","accuracy":"C","area_in_we":0,"x":504451.57724339,"y":4788884.66062908,"village_co":"102020108","globalid":"{CF26759B-D55C-479A-BA98-997FD4184494}","st_area_sh":570.707434035,"st_length_":136.168569843}},
{"type":"Feature","geometry":{"type":"Polygon","coordinates":[[[30.03996,-1.90614],[30.03967,-1.90598],[30.03966,-1.90612],[30.03952,-1.90609],[30.03953,-1.90624],[30.03973,-1.90628],[30.03982,-1.90628],[30.03982,-1.90637],[30.03993,-1.90638],[30.03996,-1.90614]]]},"properties":{"objectid":40635062,"parcel_num":2496,"village":"Nyagasozi","province":"Kigali City","district":"Gasabo","sector":"Gatsata","cell":"Karuruma","cell_code":"1020201","upi":"1/02/02/01/2496","change_id":"DP","start_date":"2021-01-18T00:00:00.000Z","end_date":"1899-11-30T00:00:00.000Z","status":"Actual","transactio":"","accuracy":"C","area_in_we":0,"x":504423.14606989,"y":4789245.54670533,"village_co":"102020108","globalid":"{03D8304C-9A78-4D9C-BF31-7FEC7D91F92F}","st_area_sh":1143.9284258,"st_length_":169.064862411}},
{"type":"Feature","geometry":{"type":"Polygon","coordinates":[[[30.03938,-1.90619],[30.03943,-1.90626],[30.03943,-1.90602],[30.03932,-1.90604],[30.03931,-1.90605],[30.03935,-1.90606],[30.03936,-1.9061],[30.03937,-1.90615],[30.03938,-1.90619]]]},"properties":{"objectid":40635063,"parcel_num":2497,"village":"Nyagasozi","province":"Kigali City","district":"Gasabo","sector":"Gatsata","cell":"Karuruma","cell_code":"1020201","upi":"1/02/02/01/2497","change_id":"BC","start_date":"2023-07-06T00:00:00.000Z","end_date":"1899-11-30T00:00:00.000Z","status":"Actual","transactio":"","accuracy":"C","area_in_we":0,"x":504383.58304268,"y":4789252.93751547,"village_co":"102020108","globalid":"{EC3AF0D3-C599-418B-B5CA-D1E82153ECE1}","st_area_sh":182.450720135,"st_length_":71.3812907873}},
{"type":"Feature","geometry":{"type":"Polygon","coordinates":[[[30.03921,-1.90739],[30.03907,-1.90737],[30.03902,-1.90758],[30.03911,-1.90762],[30.03924,-1.90744],[30.03919,-1.90742],[30.03921,-1.90739]]]},"properties":{"objectid":40635071,"parcel_num":2503,"village":"Nyagasozi","province":"Kigali City","district":"Gasabo","sector":"Gatsata","cell":"Karuruma","cell_code":"1020201","upi":"1/02/02/01/2503","change_id":"DP","start_date":"2025-09-11T00:00:00.000Z","end_date":"1899-11-30T00:00:00.000Z","status":"Actual","transactio":"","accuracy":"C","area_in_we":0,"x":504351.59783375,"y":4789101.65004583,"village_co":"102020108","globalid":"{E736EC97-E7C9-4AB5-A010-51CF44C5097F}","st_area_sh":409.789728265,"st_length_":85.241208982}},
{"type":"Feature","geometry":{"type":"Polygon","coordinates":[[[30.03933,-1.90747],[30.03924,-1.90744],[30.03911,-1.90762],[30.03917,-1.9076],[30.03925,-1.90766],[30.03926,-1.90766],[30.03928,-1.90761],[30.03928,-1.9076],[30.03933,-1.90747]]]},"properties":{"objectid":40635072,"parcel_num":2504,"village":"Nyagasozi","province":"Kigali City","district":"Gasabo","sector":"Gatsata","cell":"Karuruma","cell_code":"1020201","upi":"1/02/02/01/2504","change_id":"DP","start_date":"2021-04-09T00:00:00.000Z","end_date":"1899-11-30T00:00:00.000Z","status":"Actual","transactio":"","accuracy":"C","area_in_we":0,"x":504357.67148191,"y":4789098.90408653,"village_co":"102020108","globalid":"{F0F19382-AE96-4D33-910C-0CE9E478B41D}","st_area_sh":299.628048695,"st_length_":80.4390066289}},
{"type":"Feature","geometry":{"type":"Polygon","coordinates":[[[30.03891,-1.90925],[30.03883,-1.9091],[30.03866,-1.90919],[30.03869,-1.90932],[30.03891,-1.90925]]]},"properties":{"objectid":40635073,"parcel_num":2505,"village":"Nyagasozi","province":"Kigali City","district":"Gasabo","sector":"Gatsata","cell":"Karuruma","cell_code":"1020201","upi":"1/02/02/01/2505","change_id":"DP","start_date":"2021-04-15T00:00:00.000Z","end_date":"1899-11-30T00:00:00.000Z","status":"Actual","transactio":"","accuracy":"C","area_in_we":0,"x":504313.53334771,"y":4788910.04068246,"village_co":"102020108","globalid":"{A7989D17-CDD8-4558-B303-1FC8751EECA6}","st_area_sh":400.429824065,"st_length_":81.0194262125}},
{"type":"Feature","geometry":{"type":"Polygon","coordinates":[[[30.03859,-1.90922],[30.03853,-1.90911],[30.03853,-1.90915],[30.03847,-1.9092],[30.03849,-1.90928],[30.0386,-1.90925],[30.03859,-1.90922]]]},"properties":{"objectid":40635074,"parcel_num":2506,"village":"Nyagasozi","province":"Kigali City","district":"Gasabo","sector":"Gatsata","cell":"Karuruma","cell_code":"1020201","upi":"1/02/02/01/2506","change_id":"BC","start_date":"2024-05-24T00:00:00.000Z","end_date":"1899-11-30T00:00:00.000Z","status":"Actual","transactio":"","accuracy":"C","area_in_we":0,"x":504286.62491158,"y":4788910.27601452,"village_co":"102020108","globalid":"{E3B91880-07A0-4E0D-84D4-A2EF1CB42320}","st_area_sh":132.89230116,"st_length_":51.9328172789}},
{"type":"Feature","geometry":{"type":"Polygon","coordinates":[[[30.04499,-1.90571],[30.04501,-1.90551],[30.04478,-1.90558],[30.04479,-1.9057],[30.04499,-1.90571]]]},"properties":{"objectid":40635075,"parcel_num":2509,"village":"Nyagasozi","province":"Kigali City","district":"Gasabo","sector":"Gatsata","cell":"Karuruma","cell_code":"1020201","upi":"1/02/02/01/2509","change_id":"DP","start_date":"2021-04-19T00:00:00.000Z","end_date":"1899-11-30T00:00:00.000Z","status":"Actual","transactio":"","accuracy":"C","area_in_we":0,"x":504994.82117005,"y":4789307.34117233,"village_co":"102020108","globalid":"{9037F94F-29F8-441A-9CFF-595CB211868B}","st_area_sh":430.68691956,"st_length_":85.7789382863}},
{"type":"Feature","geometry":{"type":"Polygon","coordinates":[[[30.04499,-1.90571],[30.04479,-1.9057],[30.04479,-1.90581],[30.04497,-1.90583],[30.04497,-1.90582],[30.04499,-1.90571]]]},"properties":{"objectid":40635077,"parcel_num":2510,"village":"Nyagasozi","province":"Kigali City","district":"Gasabo","sector":"Gatsata","cell":"Karuruma","cell_code":"1020201","upi":"1/02/02/01/2510","change_id":"DP","start_date":"2021-04-19T00:00:00.000Z","end_date":"1899-11-30T00:00:00.000Z","status":"Actual","transactio":"","accuracy":"C","area_in_we":0,"x":504994.22075,"y":4789300.79666492,"village_co":"102020108","globalid":"{67FE0819-C957-4925-9E21-6E6F43088513}","st_area_sh":265.292422185,"st_length_":67.5930006805}},
{"type":"Feature","geometry":{"type":"Polygon","coordinates":[[[30.03684,-1.90818],[30.03672,-1.90812],[30.03662,-1.90826],[30.03678,-1.90833],[30.03684,-1.90818]]]},"properties":{"objectid":40635078,"parcel_num":2511,"village":"Nyagasozi","province":"Kigali City","district":"Gasabo","sector":"Gatsata","cell":"Karuruma","cell_code":"1020201","upi":"1/02/02/01/2511","change_id":"DP","start_date":"2021-04-23T00:00:00.000Z","end_date":"1899-11-30T00:00:00.000Z","status":"Actual","transactio":"","accuracy":"C","area_in_we":0,"x":504087.27405523,"y":4789019.87117153,"village_co":"102020108","globalid":"{37E4C315-439C-4C91-AB02-29BB2730FFE1}","st_area_sh":318.48903927,"st_length_":71.1710572221}},
{"type":"Feature","geometry":{"type":"Polygon","coordinates":[[[30.0366,-1.9083],[30.03644,-1.90823],[30.03639,-1.9083],[30.03635,-1.90836],[30.03644,-1.90839],[30.03654,-1.90844],[30.0366,-1.9083]]]},"properties":{"objectid":40635079,"parcel_num":2512,"village":"Nyagasozi","province":"Kigali City","district":"Gasabo","sector":"Gatsata","cell":"Karuruma","cell_code":"1020201","upi":"1/02/02/01/2512","change_id":"DP","start_date":"2021-04-23T00:00:00.000Z","end_date":"1899-11-30T00:00:00.000Z","status":"Actual","transactio":"","accuracy":"C","area_in_we":0,"x":504058.47035225,"y":4789007.75223157,"village_co":"102020108","globalid":"{924852D6-2CA2-4655-A19A-6E718208F97C}","st_area_sh":346.58857326,"st_length_":75.324556841}},
{"type":"Feature","geometry":{"type":"Polygon","coordinates":[[[30.03675,-1.90837],[30.0366,-1.9083],[30.03654,-1.90844],[30.03668,-1.9085],[30.03675,-1.90837]]]},"properties":{"objectid":40635080,"parcel_num":2513,"village":"Nyagasozi","province":"Kigali City","district":"Gasabo","sector":"Gatsata","cell":"Karuruma","cell_code":"1020201","upi":"1/02/02/01/2513","change_id":"DP","start_date":"2021-04-23T00:00:00.000Z","end_date":"1899-11-30T00:00:00.000Z","status":"Actual","transactio":"","accuracy":"C","area_in_we":0,"x":504066.49772462,"y":4789004.25834307,"village_co":"102020108","globalid":"{A5AF6C93-5FFD-46F9-9FC3-AC013FC4CD2C}","st_area_sh":284.54556453,"st_length_":68.3184971456}},
{"type":"Feature","geometry":{"type":"Polygon","coordinates":[[[30.03697,-1.90778],[30.03687,-1.90772],[30.03674,-1.90786],[30.03692,-1.90794],[30.03697,-1.90778]]]},"properties":{"objectid":40635081,"parcel_num":2514,"village":"Nyagasozi","province":"Kigali City","district":"Gasabo","sector":"Gatsata","cell":"Karuruma","cell_code":"1020201","upi":"1/02/02/01/2514","change_id":"DP","start_date":"2021-04-23T00:00:00.000Z","end_date":"1899-11-30T00:00:00.000Z","status":"Actual","transactio":"","accuracy":"C","area_in_we":0,"x":504084.78403496,"y":4789046.31355971,"village_co":"102020108","globalid":"{777FF538-83C7-46B7-827A-D4420B0F9CA9}","st_area_sh":346.517695785,"st_length_":75.2768565381}},
{"type":"Feature","geometry":{"type":"Polygon","coordinates":[[[30.03687,-1.90772],[30.03676,-1.90764],[30.03657,-1.90782],[30.03668,-1.90788],[30.03671,-1.90789],[30.03674,-1.90786],[30.03687,-1.90772]]]},"properties":{"objectid":40635082,"parcel_num":2515,"village":"Nyagasozi","province":"Kigali City","district":"Gasabo","sector":"Gatsata","cell":"Karuruma","cell_code":"1020201","upi":"1/02/02/01/2515","change_id":"DP","start_date":"2021-04-23T00:00:00.000Z","end_date":"1899-11-30T00:00:00.000Z","status":"Actual","transactio":"","accuracy":"C","area_in_we":0,"x":504081.86965447,"y":4789043.44135927,"village_co":"102020108","globalid":"{EDD410E6-C654-4CE2-9ACB-7BE46D4F2CE9}","st_area_sh":406.704443645,"st_length_":86.2276499047}},
{"type":"Feature","geometry":{"type":"Polygon","coordinates":[[[30.03668,-1.90788],[30.03657,-1.90782],[30.03644,-1.90795],[30.03659,-1.90805],[30.03668,-1.90788]]]},"properties":{"objectid":40635083,"parcel_num":2516,"village":"Nyagasozi","province":"Kigali City","district":"Gasabo","sector":"Gatsata","cell":"Karuruma","cell_code":"1020201","upi":"1/02/02/01/2516","change_id":"DP","start_date":"2021-04-23T00:00:00.000Z","end_date":"1899-11-30T00:00:00.000Z","status":"Actual","transactio":"","accuracy":"C","area_in_we":0,"x":504081.02151511,"y":4789036.93286922,"village_co":"102020108","globalid":"{464D2850-DACB-4D3D-9DD3-CFE098F403AE}","st_area_sh":340.723102625,"st_length_":75.0925439961}},
{"type":"Feature","geometry":{"type":"Polygon","coordinates":[[[30.03671,-1.90789],[30.03668,-1.90788],[30.03659,-1.90805],[30.03672,-1.90812],[30.03679,-1.90793],[30.03671,-1.90789]]]},"properties":{"objectid":40635084,"parcel_num":2517,"village":"Nyagasozi","province":"Kigali City","district":"Gasabo","sector":"Gatsata","cell":"Karuruma","cell_code":"1020201","upi":"1/02/02/01/2517","change_id":"DP","start_date":"2021-04-23T00:00:00.000Z","end_date":"1899-11-30T00:00:00.000Z","status":"Actual","transactio":"","accuracy":"C","area_in_we":0,"x":504084.44956368,"y":4789032.89034817,"village_co":"102020108","globalid":"{142D83AD-D016-426B-9EAE-EDBB893E237E}","st_area_sh":319.23146172,"st_length_":72.8887077758}},
{"type":"Feature","geometry":{"type":"Polygon","coordinates":[[[30.0369,-1.90803],[30.03691,-1.90799],[30.03679,-1.90793],[30.03672,-1.90812],[30.03684,-1.90818],[30.0369,-1.90803]]]},"properties":{"objectid":40635085,"parcel_num":2518,"village":"Nyagasozi","province":"Kigali City","district":"Gasabo","sector":"Gatsata","cell":"Karuruma","cell_code":"1020201","upi":"1/02/02/01/2518","change_id":"DP","start_date":"2021-04-23T00:00:00.000Z","end_date":"1899-11-30T00:00:00.000Z","status":"Actual","transactio":"","accuracy":"C","area_in_we":0,"x":504085.26607266,"y":4789028.97798268,"village_co":"102020108","globalid":"{977D15DE-751E-49AC-9D51-61C1DD134822}","st_area_sh":344.304364805,"st_length_":75.3805969631}},
{"type":"Feature","geometry":{"type":"Polygon","coordinates":[[[30.03672,-1.90812],[30.03659,-1.90805],[30.03648,-1.90818],[30.03662,-1.90826],[30.03672,-1.90812]]]},"properties":{"objectid":40635086,"parcel_num":2519,"village":"Nyagasozi","province":"Kigali City","district":"Gasabo","sector":"Gatsata","cell":"Karuruma","cell_code":"1020201","upi":"1/02/02/01/2519","change_id":"DP","start_date":"2021-04-23T00:00:00.000Z","end_date":"1899-11-30T00:00:00.000Z","status":"Actual","transactio":"","accuracy":"C","area_in_we":0,"x":504079.62763575,"y":4789023.86255009,"village_co":"102020108","globalid":"{F36DADF3-99C2-4F7D-B2D5-D578926EF191}","st_area_sh":314.261794865,"st_length_":71.3229927112}},
{"type":"Feature","geometry":{"type":"Polygon","coordinates":[[[30.03671,-1.90999],[30.03685,-1.90969],[30.03663,-1.90978],[30.03648,-1.91005],[30.03644,-1.91009],[30.03664,-1.90998],[30.03671,-1.90999]]]},"properties":{"objectid":40635088,"parcel_num":2520,"village":"Nyagasozi","province":"Kigali City","district":"Gasabo","sector":"Gatsata","cell":"Karuruma","cell_code":"1020201","upi":"1/02/02/01/2520","change_id":"DP","start_date":"2021-04-28T00:00:00.000Z","end_date":"1899-11-30T00:00:00.000Z","status":"Actual","transactio":"","accuracy":"C","area_in_we":0,"x":504079.38288485,"y":4788837.04213178,"village_co":"102020108","globalid":"{67FB84A7-EDEF-4197-BDC9-5300CDDB44F1}","st_area_sh":608.96284152,"st_length_":135.797258163}},
{"type":"Feature","geometry":{"type":"Polygon","coordinates":[[[30.03897,-1.90684],[30.03893,-1.90662],[30.03867,-1.90664],[30.03853,-1.90666],[30.03853,-1.90675],[30.03859,-1.90677],[30.03857,-1.90683],[30.03897,-1.90684]]]},"properties":{"objectid":40635096,"parcel_num":2529,"village":"Nyagasozi","province":"Kigali City","district":"Gasabo","sector":"Gatsata","cell":"Karuruma","cell_code":"1020201","upi":"1/02/02/01/2529","change_id":"BC","start_date":"2021-11-09T00:00:00.000Z","end_date":"1899-11-30T00:00:00.000Z","status":"Actual","transactio":"","accuracy":"C","area_in_we":0,"x":504312.66647846,"y":4789183.50809725,"village_co":"102020108","globalid":"{09C4FAA7-09CA-4B10-9F99-A4C3C4C253C0}","st_area_sh":1006.46336847,"st_length_":140.702499722}},
{"type":"Feature","geometry":{"type":"Polygon","coordinates":[[[30.03847,-1.90661],[30.03837,-1.90661],[30.03832,-1.90663],[30.03839,-1.90669],[30.03846,-1.90673],[30.03847,-1.90661]]]},"properties":{"objectid":40635098,"parcel_num":2530,"village":"Nyagasozi","province":"Kigali City","district":"Gasabo","sector":"Gatsata","cell":"Karuruma","cell_code":"1020201","upi":"1/02/02/01/2530","change_id":"DP","start_date":"2021-09-01T00:00:00.000Z","end_date":"1899-11-30T00:00:00.000Z","status":"Actual","transactio":"","accuracy":"C","area_in_we":0,"x":504304.85416207,"y":4789188.26531438,"village_co":"102020108","globalid":"{1D3F64D8-E640-43EF-9C07-232C1194853E}","st_area_sh":133.977087755,"st_length_":49.4721775592}},
{"type":"Feature","geometry":{"type":"Polygon","coordinates":[[[30.03868,-1.9065],[30.03854,-1.90651],[30.03853,-1.90666],[30.03867,-1.90664],[30.03868,-1.9065]]]},"properties":{"objectid":40635099,"parcel_num":2531,"village":"Nyagasozi","province":"Kigali City","district":"Gasabo","sector":"Gatsata","cell":"Karuruma","cell_code":"1020201","upi":"1/02/02/01/2531","change_id":"BC","start_date":"2024-10-30T00:00:00.000Z","end_date":"1899-11-30T00:00:00.000Z","status":"Actual","transactio":"","accuracy":"C","area_in_we":0,"x":504294.83898177,"y":4789201.65625015,"village_co":"102020108","globalid":"{3172509F-D6AB-40ED-92C4-C66C7528AFB6}","st_area_sh":271.02150249,"st_length_":64.5367198927}},
{"type":"Feature","geometry":{"type":"Polygon","coordinates":[[[30.04411,-1.90639],[30.04402,-1.90635],[30.044,-1.90627],[30.04389,-1.90645],[30.04404,-1.90657],[30.04411,-1.90639]]]},"properties":{"objectid":40635107,"parcel_num":2539,"village":"Nyagasozi","province":"Kigali City","district":"Gasabo","sector":"Gatsata","cell":"Karuruma","cell_code":"1020201","upi":"1/02/02/01/2539","change_id":"DP","start_date":"2021-10-14T00:00:00.000Z","end_date":"1899-11-30T00:00:00.000Z","status":"Actual","transactio":"","accuracy":"C","area_in_we":0,"x":504895.24344877,"y":4789217.82783524,"village_co":"102020108","globalid":"{86A86F27-E582-486C-BFE1-9EF439EE8EBB}","st_area_sh":375.120184695,"st_length_":86.7807149511}},
{"type":"Feature","geometry":{"type":"Polygon","coordinates":[[[30.04416,-1.90641],[30.04411,-1.90639],[30.04404,-1.90657],[30.04408,-1.90661],[30.04416,-1.90641]]]},"properties":{"objectid":40635109,"parcel_num":2540,"village":"Nyagasozi","province":"Kigali City","district":"Gasabo","sector":"Gatsata","cell":"Karuruma","cell_code":"1020201","upi":"1/02/02/01/2540","change_id":"DP","start_date":"2021-10-14T00:00:00.000Z","end_date":"1899-11-30T00:00:00.000Z","status":"Actual","transactio":"","accuracy":"C","area_in_we":0,"x":504894.16335,"y":4789207.96809183,"village_co":"102020108","globalid":"{CD6C7783-E3BE-4A1C-9188-9A53444B17BA}","st_area_sh":133.01290143,"st_length_":56.7757605052}},
{"type":"Feature","geometry":{"type":"Polygon","coordinates":[[[30.04296,-1.90816],[30.04298,-1.90791],[30.04282,-1.90793],[30.04279,-1.90809],[30.04279,-1.90813],[30.04296,-1.90816]]]},"properties":{"objectid":40635110,"parcel_num":2542,"village":"Nyagasozi","province":"Kigali City","district":"Gasabo","sector":"Gatsata","cell":"Karuruma","cell_code":"1020201","upi":"1/02/02/01/2542","change_id":"DP","start_date":"2021-12-01T00:00:00.000Z","end_date":"1899-11-30T00:00:00.000Z","status":"Actual","transactio":"","accuracy":"C","area_in_we":0,"x":504760.73918332,"y":4789042.60724163,"village_co":"102020108","globalid":"{D7520DEB-5D2F-4C32-B2FC-0C414AC9C7D9}","st_area_sh":453.76673647,"st_length_":86.6832484146}},
{"type":"Feature","geometry":{"type":"Polygon","coordinates":[[[30.03763,-1.90911],[30.03754,-1.90889],[30.03734,-1.90894],[30.03738,-1.90903],[30.03744,-1.90917],[30.03751,-1.90915],[30.03763,-1.90911]]]},"properties":{"objectid":40635111,"parcel_num":2543,"village":"Nyagasozi","province":"Kigali City","district":"Gasabo","sector":"Gatsata","cell":"Karuruma","cell_code":"1020201","upi":"1/02/02/01/2543","change_id":"DP","start_date":"2021-12-07T00:00:00.000Z","end_date":"1899-11-30T00:00:00.000Z","status":"Actual","transactio":"","accuracy":"C","area_in_we":0,"x":504171.04255111,"y":4788930.92066776,"village_co":"102020108","globalid":"{14830183-6EDD-4090-89A6-3F68F33F0FE9}","st_area_sh":598.85607561,"st_length_":102.17877597}},
{"type":"Feature","geometry":{"type":"Polygon","coordinates":[[[30.03729,-1.90906],[30.03726,-1.90897],[30.03718,-1.90904],[30.03721,-1.90912],[30.03706,-1.90918],[30.03707,-1.90921],[30.03722,-1.90915],[30.03729,-1.90906]]]},"properties":{"objectid":40635112,"parcel_num":2544,"village":"Nyagasozi","province":"Kigali City","district":"Gasabo","sector":"Gatsata","cell":"Karuruma","cell_code":"1020201","upi":"1/02/02/01/2544","change_id":"DP","start_date":"2021-12-07T00:00:00.000Z","end_date":"1899-11-30T00:00:00.000Z","status":"Actual","transactio":"","accuracy":"C","area_in_we":0,"x":504155.47446283,"y":4788923.74948382,"village_co":"102020108","globalid":"{81BEAF93-6011-4921-B469-04EDCE2ED600}","st_area_sh":192.52074536,"st_length_":88.3795195695}},
{"type":"Feature","geometry":{"type":"Polygon","coordinates":[[[30.03738,-1.90903],[30.03734,-1.90894],[30.03726,-1.90897],[30.03729,-1.90906],[30.03738,-1.90903]]]},"properties":{"objectid":40635113,"parcel_num":2545,"village":"Nyagasozi","province":"Kigali City","district":"Gasabo","sector":"Gatsata","cell":"Karuruma","cell_code":"1020201","upi":"1/02/02/01/2545","change_id":"DP","start_date":"2021-12-07T00:00:00.000Z","end_date":"1899-11-30T00:00:00.000Z","status":"Actual","transactio":"","accuracy":"C","area_in_we":0,"x":504157.89560199,"y":4788923.57919858,"village_co":"102020108","globalid":"{A04CD426-0E4E-46B1-BB25-9C57E1F15A42}","st_area_sh":106.513136955,"st_length_":40.8680311009}},
{"type":"Feature","geometry":{"type":"Polygon","coordinates":[[[30.03744,-1.90917],[30.03738,-1.90903],[30.03729,-1.90906],[30.03722,-1.90915],[30.03707,-1.90921],[30.03714,-1.90931],[30.03729,-1.90927],[30.03729,-1.90923],[30.03739,-1.90919],[30.03744,-1.90917]]]},"properties":{"objectid":40635114,"parcel_num":2546,"village":"Nyagasozi","province":"Kigali City","district":"Gasabo","sector":"Gatsata","cell":"Karuruma","cell_code":"1020201","upi":"1/02/02/01/2546","change_id":"DP","start_date":"2021-12-07T00:00:00.000Z","end_date":"1899-11-30T00:00:00.000Z","status":"Actual","transactio":"","accuracy":"C","area_in_we":0,"x":504158.45600237,"y":4788922.6714505,"village_co":"102020108","globalid":"{6F1C4FE0-A005-4EBE-850A-A3CDA6627459}","st_area_sh":591.45370917,"st_length_":113.820447639}},
{"type":"Feature","geometry":{"type":"Polygon","coordinates":[[[30.03898,-1.90751],[30.03903,-1.90738],[30.03883,-1.90735],[30.03881,-1.90742],[30.0388,-1.90756],[30.03882,-1.90756],[30.03898,-1.90751]]]},"properties":{"objectid":40635121,"parcel_num":2552,"village":"Nyagasozi","province":"Kigali City","district":"Gasabo","sector":"Gatsata","cell":"Karuruma","cell_code":"1020201","upi":"1/02/02/01/2552","change_id":"DP","start_date":"2021-12-28T00:00:00.000Z","end_date":"1899-11-30T00:00:00.000Z","status":"Actual","transactio":"","accuracy":"C","area_in_we":0,"x":504327.58144374,"y":4789105.80879713,"village_co":"102020108","globalid":"{7D890D3A-337B-4668-99FC-A5F278305FDC}","st_area_sh":425.98864728,"st_length_":84.402319134}},
{"type":"Feature","geometry":{"type":"Polygon","coordinates":[[[30.03881,-1.9073],[30.03866,-1.90728],[30.03863,-1.90738],[30.03864,-1.90738],[30.03871,-1.9074],[30.03881,-1.90742],[30.03883,-1.90735],[30.03881,-1.9073]]]},"properties":{"objectid":40635122,"parcel_num":2553,"village":"Nyagasozi","province":"Kigali City","district":"Gasabo","sector":"Gatsata","cell":"Karuruma","cell_code":"1020201","upi":"1/02/02/01/2553","change_id":"DP","start_date":"2021-12-28T00:00:00.000Z","end_date":"1899-11-30T00:00:00.000Z","status":"Actual","transactio":"","accuracy":"C","area_in_we":0,"x":504321.11890092,"y":4789110.05467959,"village_co":"102020108","globalid":"{DC58AA33-723F-4F16-A30E-A0BCF4FAA055}","st_area_sh":246.51799177,"st_length_":63.0205644782}},
{"type":"Feature","geometry":{"type":"Polygon","coordinates":[[[30.04418,-1.907],[30.04401,-1.90692],[30.04393,-1.90708],[30.044,-1.90717],[30.04401,-1.90726],[30.0441,-1.90718],[30.04409,-1.9071],[30.04417,-1.90702],[30.04418,-1.907]]]},"properties":{"objectid":40635125,"parcel_num":2556,"village":"Nyagasozi","province":"Kigali City","district":"Gasabo","sector":"Gatsata","cell":"Karuruma","cell_code":"1020201","upi":"1/02/02/01/2556","change_id":"DP","start_date":"2021-12-22T00:00:00.000Z","end_date":"1899-11-30T00:00:00.000Z","status":"Actual","transactio":"","accuracy":"C","area_in_we":0,"x":504899.37946995,"y":4789147.69557415,"village_co":"102020108","globalid":"{592E8C41-15C2-418C-B268-23CDA39DDA78}","st_area_sh":498.94296997,"st_length_":100.02246352}},
{"type":"Feature","geometry":{"type":"Polygon","coordinates":[[[30.04426,-1.9068],[30.0441,-1.90673],[30.04401,-1.90692],[30.04418,-1.907],[30.0442,-1.90696],[30.04426,-1.9068]]]},"properties":{"objectid":40635126,"parcel_num":2557,"village":"Nyagasozi","province":"Kigali City","district":"Gasabo","sector":"Gatsata","cell":"Karuruma","cell_code":"1020201","upi":"1/02/02/01/2557","change_id":"DP","start_date":"2021-12-22T00:00:00.000Z","end_date":"1899-11-30T00:00:00.000Z","status":"Actual","transactio":"","accuracy":"C","area_in_we":0,"x":504905.2627,"y":4789163.22446852,"village_co":"102020108","globalid":"{8886CF70-B9F3-4A8F-8592-CFB109C2E012}","st_area_sh":494.696850015,"st_length_":87.7450337186}},
{"type":"Feature","geometry":{"type":"Polygon","coordinates":[[[30.04479,-1.9073],[30.04485,-1.90717],[30.04483,-1.9072],[30.04478,-1.90729],[30.04479,-1.9073]]]},"properties":{"objectid":40635131,"parcel_num":2562,"village":"Rugoro","province":"Kigali City","district":"Gasabo","sector":"Gatsata","cell":"Karuruma","cell_code":"1020201","upi":"1/02/02/01/2562","change_id":"DP","start_date":"2021-12-31T00:00:00.000Z","end_date":"1899-11-30T00:00:00.000Z","status":"Actual","transactio":"","accuracy":"C","area_in_we":0,"x":504996.55820251,"y":4789124.92163875,"village_co":"102020109","globalid":"{A3B103EA-8BDB-42A1-853A-CC4FA40C92A6}","st_area_sh":445.667413725,"st_length_":84.6337533587}},
{"type":"Feature","geometry":{"type":"Polygon","coordinates":[[[30.04479,-1.9073],[30.04478,-1.90729],[30.04473,-1.90738],[30.04472,-1.90741],[30.04473,-1.90741],[30.04479,-1.9073]]]},"properties":{"objectid":40635132,"parcel_num":2563,"village":"Rugoro","province":"Kigali City","district":"Gasabo","sector":"Gatsata","cell":"Karuruma","cell_code":"1020201","upi":"1/02/02/01/2563","change_id":"DP","start_date":"2021-12-31T00:00:00.000Z","end_date":"1899-11-30T00:00:00.000Z","status":"Actual","transactio":"","accuracy":"C","area_in_we":0,"x":504993.34225,"y":4789118.69630486,"village_co":"102020109","globalid":"{7DE6CF91-9197-4C70-BA35-D29563DDA89D}","st_area_sh":297.02930327,"st_length_":74.5998764966}},
{"type":"Feature","geometry":{"type":"Polygon","coordinates":[[[30.03884,-1.9081],[30.03883,-1.90809],[30.0386,-1.90838],[30.03868,-1.90846],[30.03882,-1.90837],[30.03877,-1.90817],[30.03884,-1.9081]]]},"properties":{"objectid":40635133,"parcel_num":2566,"village":"Nyagasozi","province":"Kigali City","district":"Gasabo","sector":"Gatsata","cell":"Karuruma","cell_code":"1020201","upi":"1/02/02/01/2566","change_id":"DP","start_date":"2022-02-15T00:00:00.000Z","end_date":"1899-11-30T00:00:00.000Z","status":"Actual","transactio":"","accuracy":"C","area_in_we":0,"x":504307.34143396,"y":4789007.57821823,"village_co":"102020108","globalid":"{DFC8687F-8614-45F4-BB32-9E940F175077}","st_area_sh":423.315269315,"st_length_":111.136434552}},
{"type":"Feature","geometry":{"type":"Polygon","coordinates":[[[30.03867,-1.90819],[30.03858,-1.90808],[30.03849,-1.90815],[30.0385,-1.90818],[30.03857,-1.90832],[30.03867,-1.90819]]]},"properties":{"objectid":40635134,"parcel_num":2567,"village":"Nyagasozi","province":"Kigali City","district":"Gasabo","sector":"Gatsata","cell":"Karuruma","cell_code":"1020201","upi":"1/02/02/01/2567","change_id":"DP","start_date":"2022-02-15T00:00:00.000Z","end_date":"1899-11-30T00:00:00.000Z","status":"Actual","transactio":"","accuracy":"C","area_in_we":0,"x":504291.56477294,"y":4789023.51358822,"village_co":"102020108","globalid":"{8D952700-8430-4ADE-B1F8-A6864DE3F9F5}","st_area_sh":288.362256595,"st_length_":69.0541351265}},
{"type":"Feature","geometry":{"type":"Polygon","coordinates":[[[30.03879,-1.90804],[30.03871,-1.90796],[30.03869,-1.90799],[30.03858,-1.90808],[30.03867,-1.90819],[30.03879,-1.90804]]]},"properties":{"objectid":40635135,"parcel_num":2568,"village":"Nyagasozi","province":"Kigali City","district":"Gasabo","sector":"Gatsata","cell":"Karuruma","cell_code":"1020201","upi":"1/02/02/01/2568","change_id":"DP","start_date":"2022-02-15T00:00:00.000Z","end_date":"1899-11-30T00:00:00.000Z","status":"Actual","transactio":"","accuracy":"C","area_in_we":0,"x":504300.89505,"y":4789017.42278264,"village_co":"102020108","globalid":"{3AD3CA74-C927-4DA1-83C1-FBE05693B2A0}","st_area_sh":275.26760876,"st_length_":68.2158722115}},
{"type":"Feature","geometry":{"type":"Polygon","coordinates":[[[30.03668,-1.90943],[30.03664,-1.90923],[30.03637,-1.90929],[30.03642,-1.90949],[30.03652,-1.90947],[30.03668,-1.90943]]]},"properties":{"objectid":40635139,"parcel_num":2572,"village":"Nyagasozi","province":"Kigali City","district":"Gasabo","sector":"Gatsata","cell":"Karuruma","cell_code":"1020201","upi":"1/02/02/01/2572","change_id":"DP","start_date":"2022-02-16T00:00:00.000Z","end_date":"1899-11-30T00:00:00.000Z","status":"Actual","transactio":"","accuracy":"C","area_in_we":0,"x":504063.60220265,"y":4788894.0119486,"village_co":"102020108","globalid":"{F717FE1C-18B0-40A8-B691-A096F90E8426}","st_area_sh":682.834604905,"st_length_":105.698493506}},
{"type":"Feature","geometry":{"type":"Polygon","coordinates":[[[30.03664,-1.90923],[30.03663,-1.90908],[30.0365,-1.9092],[30.03649,-1.90917],[30.03637,-1.90926],[30.03637,-1.90929],[30.03664,-1.90923]]]},"properties":{"objectid":40635140,"parcel_num":2573,"village":"Nyagasozi","province":"Kigali City","district":"Gasabo","sector":"Gatsata","cell":"Karuruma","cell_code":"1020201","upi":"1/02/02/01/2573","change_id":"BC","start_date":"2025-06-06T00:00:00.000Z","end_date":"1899-11-30T00:00:00.000Z","status":"Actual","transactio":"","accuracy":"C","area_in_we":0,"x":504064.86225578,"y":4788911.36028686,"village_co":"102020108","globalid":"{FF44718A-E656-44F6-AFE0-A84938FD18BA}","st_area_sh":274.928194575,"st_length_":92.2994458051}},
{"type":"Feature","geometry":{"type":"Polygon","coordinates":[[[30.04277,-1.90761],[30.04274,-1.90752],[30.04261,-1.90754],[30.04261,-1.90771],[30.04275,-1.90771],[30.04277,-1.90761]]]},"properties":{"objectid":40635141,"parcel_num":2575,"village":"Nyagasozi","province":"Kigali City","district":"Gasabo","sector":"Gatsata","cell":"Karuruma","cell_code":"1020201","upi":"1/02/02/01/2575","change_id":"DP","start_date":"2022-02-17T00:00:00.000Z","end_date":"1899-11-30T00:00:00.000Z","status":"Actual","transactio":"","accuracy":"C","area_in_we":0,"x":504748.2946885,"y":4789086.43440024,"village_co":"102020108","globalid":"{8413B435-7456-449F-9497-B059FB12EE09}","st_area_sh":319.017933105,"st_length_":73.7098992965}},
{"type":"Feature","geometry":{"type":"Polygon","coordinates":[[[30.0428,-1.90769],[30.04277,-1.90761],[30.04275,-1.90771],[30.0428,-1.90771],[30.0428,-1.90769]]]},"properties":{"objectid":40635142,"parcel_num":2576,"village":"Nyagasozi","province":"Kigali City","district":"Gasabo","sector":"Gatsata","cell":"Karuruma","cell_code":"1020201","upi":"1/02/02/01/2576","change_id":"DP","start_date":"2022-02-17T00:00:00.000Z","end_date":"1899-11-30T00:00:00.000Z","status":"Actual","transactio":"","accuracy":"C","area_in_we":0,"x":504737.0284692,"y":4789089.07298423,"village_co":"102020108","globalid":"{0607B4B9-4BF9-4C4A-A9F7-8EF9FF8F93DE}","st_area_sh":54.01303481,"st_length_":30.8666500309}},
{"type":"Feature","geometry":{"type":"Polygon","coordinates":[[[30.04252,-1.90752],[30.04244,-1.90752],[30.04239,-1.90767],[30.04261,-1.90771],[30.04261,-1.90754],[30.04252,-1.90752]]]},"properties":{"objectid":40635143,"parcel_num":2577,"village":"Nyagasozi","province":"Kigali City","district":"Gasabo","sector":"Gatsata","cell":"Karuruma","cell_code":"1020201","upi":"1/02/02/01/2577","change_id":"DP","start_date":"2022-03-02T00:00:00.000Z","end_date":"1899-11-30T00:00:00.000Z","status":"Actual","transactio":"","accuracy":"C","area_in_we":0,"x":504729.30077798,"y":4789086.83976239,"village_co":"102020108","globalid":"{3369800B-8935-4BE2-B0D2-3A31A0A66D32}","st_area_sh":421.584176825,"st_length_":80.7922246924}},
{"type":"Feature","geometry":{"type":"Polygon","coordinates":[[[30.04249,-1.90731],[30.04247,-1.9073],[30.04244,-1.90752],[30.04252,-1.90752],[30.04249,-1.90731]]]},"properties":{"objectid":40635144,"parcel_num":2578,"village":"Nyagasozi","province":"Kigali City","district":"Gasabo","sector":"Gatsata","cell":"Karuruma","cell_code":"1020201","upi":"1/02/02/01/2578","change_id":"DP","start_date":"2022-03-02T00:00:00.000Z","end_date":"1899-11-30T00:00:00.000Z","status":"Actual","transactio":"","accuracy":"C","area_in_we":0,"x":504728.45589486,"y":4789091.38653306,"village_co":"102020108","globalid":"{FFFA3CDA-E3C4-47D7-93E2-AF043CDBB7BC}","st_area_sh":129.172098335,"st_length_":60.975191681}},
{"type":"Feature","geometry":{"type":"Polygon","coordinates":[[[30.03978,-1.90685],[30.03957,-1.90684],[30.03957,-1.90699],[30.03959,-1.90708],[30.03985,-1.9071],[30.03993,-1.9071],[30.03998,-1.90711],[30.03995,-1.907],[30.03986,-1.90695],[30.03976,-1.90695],[30.03978,-1.90685]]]},"properties":{"objectid":40635146,"parcel_num":2580,"village":"Nyagasozi","province":"Kigali City","district":"Gasabo","sector":"Gatsata","cell":"Karuruma","cell_code":"1020201","upi":"1/02/02/01/2580","change_id":"DP","start_date":"2022-03-16T00:00:00.000Z","end_date":"1899-11-30T00:00:00.000Z","status":"Actual","transactio":"","accuracy":"C","area_in_we":0,"x":504420.06309099,"y":4789156.75387456,"village_co":"102020108","globalid":"{4831D401-A7A9-48C2-B4E4-F510FA9F0D3F}","st_area_sh":897.63072509,"st_length_":144.319233771}},
{"type":"Feature","geometry":{"type":"Polygon","coordinates":[[[30.03985,-1.9071],[30.03959,-1.90708],[30.03959,-1.90721],[30.03959,-1.90725],[30.0398,-1.90727],[30.03985,-1.9071]]]},"properties":{"objectid":40635147,"parcel_num":2581,"village":"Nyagasozi","province":"Kigali City","district":"Gasabo","sector":"Gatsata","cell":"Karuruma","cell_code":"1020201","upi":"1/02/02/01/2581","change_id":"DP","start_date":"2022-03-16T00:00:00.000Z","end_date":"1899-11-30T00:00:00.000Z","status":"Actual","transactio":"","accuracy":"C","area_in_we":0,"x":504419.12504257,"y":4789149.46585751,"village_co":"102020108","globalid":"{5A0EDCBF-6F18-49A9-9B14-F0798A8CFF01}","st_area_sh":500.134324245,"st_length_":90.9199101624}},
{"type":"Feature","geometry":{"type":"Polygon","coordinates":[[[30.04463,-1.90621],[30.04437,-1.90615],[30.0443,-1.90632],[30.04453,-1.90639],[30.04457,-1.90631],[30.04463,-1.90621]]]},"properties":{"objectid":40635148,"parcel_num":2582,"village":"Nyagasozi","province":"Kigali City","district":"Gasabo","sector":"Gatsata","cell":"Karuruma","cell_code":"1020201","upi":"1/02/02/01/2582","change_id":"DP","start_date":"2022-04-09T00:00:00.000Z","end_date":"1899-11-30T00:00:00.000Z","status":"Actual","transactio":"","accuracy":"C","area_in_we":0,"x":504945.98681946,"y":4789235.67493506,"village_co":"102020108","globalid":"{28E287A0-F2AA-4156-9A61-5AB63FDCADAD}","st_area_sh":620.75640031,"st_length_":99.6061934933}},
{"type":"Feature","geometry":{"type":"Polygon","coordinates":[[[30.04453,-1.90639],[30.0443,-1.90632],[30.04426,-1.90643],[30.04447,-1.90651],[30.04449,-1.90648],[30.04453,-1.90639]]]},"properties":{"objectid":40635149,"parcel_num":2583,"village":"Nyagasozi","province":"Kigali City","district":"Gasabo","sector":"Gatsata","cell":"Karuruma","cell_code":"1020201","upi":"1/02/02/01/2583","change_id":"DP","start_date":"2022-04-09T00:00:00.000Z","end_date":"1899-11-30T00:00:00.000Z","status":"Actual","transactio":"","accuracy":"C","area_in_we":0,"x":504943.24336308,"y":4789230.02570657,"village_co":"102020108","globalid":"{C4F444E6-D154-4222-BA5B-E7730A55D38C}","st_area_sh":331.692382345,"st_length_":79.7696966067}},
{"type":"Feature","geometry":{"type":"Polygon","coordinates":[[[30.03674,-1.90968],[30.03668,-1.90943],[30.03652,-1.90947],[30.03659,-1.90972],[30.03674,-1.90968]]]},"properties":{"objectid":40635154,"parcel_num":2589,"village":"Nyagasozi","province":"Kigali City","district":"Gasabo","sector":"Gatsata","cell":"Karuruma","cell_code":"1020201","upi":"1/02/02/01/2589","change_id":"DP","start_date":"2022-05-05T00:00:00.000Z","end_date":"1899-11-30T00:00:00.000Z","status":"Actual","transactio":"","accuracy":"C","area_in_we":0,"x":504057.3533304,"y":4788866.20761424,"village_co":"102020108","globalid":"{B47F4234-0387-4002-819F-2EAAF54BD1F7}","st_area_sh":509.213161455,"st_length_":93.7623245749}},
{"type":"Feature","geometry":{"type":"Polygon","coordinates":[[[30.03816,-1.90653],[30.03816,-1.90652],[30.03782,-1.90665],[30.0378,-1.90675],[30.03795,-1.90683],[30.038,-1.90673],[30.03817,-1.9066],[30.03816,-1.90653]]]},"properties":{"objectid":40635156,"parcel_num":2595,"village":"Nyagasozi","province":"Kigali City","district":"Gasabo","sector":"Gatsata","cell":"Karuruma","cell_code":"1020201","upi":"1/02/02/01/2595","change_id":"DP","start_date":"2022-05-06T00:00:00.000Z","end_date":"1899-11-30T00:00:00.000Z","status":"Actual","transactio":"","accuracy":"C","area_in_we":0,"x":504224.01460799,"y":4789191.13193287,"village_co":"102020108","globalid":"{5BE8FBC7-47A5-4EC4-B86E-50931CAAC1A9}","st_area_sh":606.288567135,"st_length_":117.494439228}},
{"type":"Feature","geometry":{"type":"Polygon","coordinates":[[[30.03781,-1.9065],[30.03761,-1.90632],[30.03757,-1.90639],[30.03766,-1.90654],[30.03775,-1.90655],[30.03778,-1.90674],[30.0378,-1.90675],[30.03782,-1.90665],[30.03781,-1.90655],[30.03781,-1.9065]]]},"properties":{"objectid":40635157,"parcel_num":2596,"village":"Nyagasozi","province":"Kigali City","district":"Gasabo","sector":"Gatsata","cell":"Karuruma","cell_code":"1020201","upi":"1/02/02/01/2596","change_id":"DP","start_date":"2022-05-06T00:00:00.000Z","end_date":"1899-11-30T00:00:00.000Z","status":"Actual","transactio":"","accuracy":"C","area_in_we":0,"x":504223.1274693,"y":4789202.42035,"village_co":"102020108","globalid":"{2E741541-C1F0-4DB7-85D6-72FD89FA2757}","st_area_sh":416.338053435,"st_length_":125.094791475}},
{"type":"Feature","geometry":{"type":"Polygon","coordinates":[[[30.03812,-1.90644],[30.03804,-1.90641],[30.03781,-1.9065],[30.03781,-1.90655],[30.03805,-1.9065],[30.03812,-1.90644]]]},"properties":{"objectid":40635158,"parcel_num":2597,"village":"Nyagasozi","province":"Kigali City","district":"Gasabo","sector":"Gatsata","cell":"Karuruma","cell_code":"1020201","upi":"1/02/02/01/2597","change_id":"DP","start_date":"2022-05-06T00:00:00.000Z","end_date":"1899-11-30T00:00:00.000Z","status":"Actual","transactio":"","accuracy":"C","area_in_we":0,"x":504223.79947909,"y":4789199.50555693,"village_co":"102020108","globalid":"{FC00AF4B-01B8-44D8-BE7F-9D83EA8D7385}","st_area_sh":245.31383377,"st_length_":81.0048437854}},
{"type":"Feature","geometry":{"type":"Polygon","coordinates":[[[30.03816,-1.90652],[30.03812,-1.90644],[30.03805,-1.9065],[30.03781,-1.90655],[30.03782,-1.90665],[30.03816,-1.90652]]]},"properties":{"objectid":40635159,"parcel_num":2598,"village":"Nyagasozi","province":"Kigali City","district":"Gasabo","sector":"Gatsata","cell":"Karuruma","cell_code":"1020201","upi":"1/02/02/01/2598","change_id":"DP","start_date":"2022-05-06T00:00:00.000Z","end_date":"1899-11-30T00:00:00.000Z","status":"Actual","transactio":"","accuracy":"C","area_in_we":0,"x":504223.99688328,"y":4789196.18041016,"village_co":"102020108","globalid":"{261FD95E-11F4-41CF-AC33-897D53ADD0B1}","st_area_sh":371.45733995,"st_length_":98.9419122743}},
{"type":"Feature","geometry":{"type":"Polygon","coordinates":[[[30.03871,-1.90636],[30.0387,-1.90626],[30.03853,-1.9063],[30.03854,-1.90638],[30.03871,-1.90636]]]},"properties":{"objectid":40635163,"parcel_num":2600,"village":"Nyagasozi","province":"Kigali City","district":"Gasabo","sector":"Gatsata","cell":"Karuruma","cell_code":"1020201","upi":"1/02/02/01/2600","change_id":"DP","start_date":"2022-05-08T00:00:00.000Z","end_date":"1899-11-30T00:00:00.000Z","status":"Actual","transactio":"","accuracy":"C","area_in_we":0,"x":504267.77568042,"y":4789223.45445,"village_co":"102020108","globalid":"{8F2E28BB-F8F5-4E7B-ACB4-E03F6196BD9E}","st_area_sh":192.612296335,"st_length_":58.9444225787}},
{"type":"Feature","geometry":{"type":"Polygon","coordinates":[[[30.03849,-1.90864],[30.03807,-1.90868],[30.03815,-1.90881],[30.03828,-1.90876],[30.03843,-1.90874],[30.03848,-1.90872],[30.03849,-1.90864]]]},"properties":{"objectid":40635171,"parcel_num":2609,"village":"Nyagasozi","province":"Kigali City","district":"Gasabo","sector":"Gatsata","cell":"Karuruma","cell_code":"1020201","upi":"1/02/02/01/2609","change_id":"DP","start_date":"2022-06-02T00:00:00.000Z","end_date":"1899-11-30T00:00:00.000Z","status":"Actual","transactio":"","accuracy":"C","area_in_we":0,"x":504258.79175266,"y":4788966.53971177,"village_co":"102020108","globalid":"{B2756903-D026-49E0-BD65-E13C186CA31A}","st_area_sh":537.127883305,"st_length_":109.841257162}},
{"type":"Feature","geometry":{"type":"Polygon","coordinates":[[[30.03838,-1.90856],[30.03808,-1.90855],[30.03807,-1.90866],[30.03807,-1.90868],[30.03849,-1.90864],[30.03865,-1.90863],[30.03838,-1.90856]]]},"properties":{"objectid":40635173,"parcel_num":2610,"village":"Nyagasozi","province":"Kigali City","district":"Gasabo","sector":"Gatsata","cell":"Karuruma","cell_code":"1020201","upi":"1/02/02/01/2610","change_id":"DP","start_date":"2022-06-02T00:00:00.000Z","end_date":"1899-11-30T00:00:00.000Z","status":"Actual","transactio":"","accuracy":"C","area_in_we":0,"x":504258.47909567,"y":4788969.3659,"village_co":"102020108","globalid":"{8B20B1EF-CDA7-43E0-839D-D35AF21524E6}","st_area_sh":521.8008985,"st_length_":142.758419133}},
{"type":"Feature","geometry":{"type":"Polygon","coordinates":[[[30.03868,-1.90846],[30.0386,-1.90838],[30.03851,-1.9085],[30.03865,-1.90863],[30.03877,-1.90867],[30.03881,-1.90858],[30.03868,-1.90846]]]},"properties":{"objectid":40635178,"parcel_num":2617,"village":"Nyagasozi","province":"Kigali City","district":"Gasabo","sector":"Gatsata","cell":"Karuruma","cell_code":"1020201","upi":"1/02/02/01/2617","change_id":"BC","start_date":"2024-01-05T00:00:00.000Z","end_date":"1899-11-30T00:00:00.000Z","status":"Actual","transactio":"","accuracy":"C","area_in_we":0,"x":504301.14317456,"y":4788984.26723197,"village_co":"102020108","globalid":"{52F838D3-44F2-424C-907C-E0D1C3C3D405}","st_area_sh":524.808312905,"st_length_":101.104035007}},
{"type":"Feature","geometry":{"type":"Polygon","coordinates":[[[30.03978,-1.90749],[30.0396,-1.9075],[30.03962,-1.90779],[30.03971,-1.90786],[30.0398,-1.90777],[30.03996,-1.90764],[30.04,-1.90755],[30.04001,-1.90755],[30.03978,-1.90749]]]},"properties":{"objectid":40635179,"parcel_num":2619,"village":"Nyagasozi","province":"Kigali City","district":"Gasabo","sector":"Gatsata","cell":"Karuruma","cell_code":"1020201","upi":"1/02/02/01/2619","change_id":"DP","start_date":"2022-07-16T00:00:00.000Z","end_date":"1899-11-30T00:00:00.000Z","status":"Actual","transactio":"","accuracy":"C","area_in_we":0,"x":504423.57849701,"y":4789084.16021183,"village_co":"102020108","globalid":"{CD9B0EAB-877C-4F8B-AB11-EAC2A53201D0}","st_area_sh":1138.29887499,"st_length_":141.198289386}},
{"type":"Feature","geometry":{"type":"Polygon","coordinates":[[[30.03956,-1.90774],[30.03955,-1.90752],[30.03941,-1.90761],[30.03942,-1.90762],[30.03956,-1.90774]]]},"properties":{"objectid":40635181,"parcel_num":2620,"village":"Nyagasozi","province":"Kigali City","district":"Gasabo","sector":"Gatsata","cell":"Karuruma","cell_code":"1020201","upi":"1/02/02/01/2620","change_id":"DP","start_date":"2022-07-16T00:00:00.000Z","end_date":"1899-11-30T00:00:00.000Z","status":"Actual","transactio":"","accuracy":"C","area_in_we":0,"x":504418.18548341,"y":4789080.7502,"village_co":"102020108","globalid":"{A05721ED-53A7-4D37-806C-CD92500E3695}","st_area_sh":193.477095115,"st_length_":64.9804441906}},
{"type":"Feature","geometry":{"type":"Polygon","coordinates":[[[30.03844,-1.90593],[30.03842,-1.90579],[30.0383,-1.90585],[30.03837,-1.90596],[30.03844,-1.90593]]]},"properties":{"objectid":40635182,"parcel_num":2624,"village":"Nyagasozi","province":"Kigali City","district":"Gasabo","sector":"Gatsata","cell":"Karuruma","cell_code":"1020201","upi":"1/02/02/01/2624","change_id":"DP","start_date":"2022-07-24T00:00:00.000Z","end_date":"1899-11-30T00:00:00.000Z","status":"Actual","transactio":"","accuracy":"C","area_in_we":0,"x":504269.28654591,"y":4789278.67038295,"village_co":"102020108","globalid":"{663AB52C-915C-44E1-AD0E-B6FC6D72E12A}","st_area_sh":192.08429388,"st_length_":55.4301990585}},
{"type":"Feature","geometry":{"type":"Polygon","coordinates":[[[30.03858,-1.90587],[30.03853,-1.90574],[30.03849,-1.90576],[30.03851,-1.9059],[30.03858,-1.90587]]]},"properties":{"objectid":40635183,"parcel_num":2625,"village":"Nyagasozi","province":"Kigali City","district":"Gasabo","sector":"Gatsata","cell":"Karuruma","cell_code":"1020201","upi":"1/02/02/01/2625","change_id":"DP","start_date":"2022-07-24T00:00:00.000Z","end_date":"1899-11-30T00:00:00.000Z","status":"Actual","transactio":"","accuracy":"C","area_in_we":0,"x":504275.90745994,"y":4789282.14615,"village_co":"102020108","globalid":"{DB5DA4A1-3AD9-48E9-82D1-3506700C80DE}","st_area_sh":103.772258075,"st_length_":44.7007352235}},
{"type":"Feature","geometry":{"type":"Polygon","coordinates":[[[30.03948,-1.90688],[30.03929,-1.90687],[30.0393,-1.90697],[30.03949,-1.90699],[30.03948,-1.90688]]]},"properties":{"objectid":40635186,"parcel_num":2629,"village":"Nyagasozi","province":"Kigali City","district":"Gasabo","sector":"Gatsata","cell":"Karuruma","cell_code":"1020201","upi":"1/02/02/01/2629","change_id":"DP","start_date":"2022-07-30T00:00:00.000Z","end_date":"1899-11-30T00:00:00.000Z","status":"Actual","transactio":"","accuracy":"C","area_in_we":0,"x":504372.96862038,"y":4789158.49714709,"village_co":"102020108","globalid":"{62DAD3E1-69C1-4AA6-A804-F68D653ED767}","st_area_sh":264.513078795,"st_length_":66.2298574098}},
{"type":"Feature","geometry":{"type":"Polygon","coordinates":[[[30.03869,-1.90799],[30.03861,-1.90791],[30.03847,-1.90798],[30.03846,-1.90805],[30.03849,-1.90815],[30.03858,-1.90808],[30.03869,-1.90799]]]},"properties":{"objectid":40635190,"parcel_num":2632,"village":"Nyagasozi","province":"Kigali City","district":"Gasabo","sector":"Gatsata","cell":"Karuruma","cell_code":"1020201","upi":"1/02/02/01/2632","change_id":"DP","start_date":"2022-08-02T00:00:00.000Z","end_date":"1899-11-30T00:00:00.000Z","status":"Actual","transactio":"","accuracy":"C","area_in_we":0,"x":504289.38451506,"y":4789042.29806184,"village_co":"102020108","globalid":"{2F644546-973F-4D8B-9571-57A0729CF038}","st_area_sh":342.797789895,"st_length_":78.5112747969}},
{"type":"Feature","geometry":{"type":"Polygon","coordinates":[[[30.03857,-1.90777],[30.03853,-1.9078],[30.03861,-1.90791],[30.03869,-1.90799],[30.03871,-1.90796],[30.03865,-1.90788],[30.03866,-1.90782],[30.03857,-1.90777]]]},"properties":{"objectid":40635191,"parcel_num":2633,"village":"Nyagasozi","province":"Kigali City","district":"Gasabo","sector":"Gatsata","cell":"Karuruma","cell_code":"1020201","upi":"1/02/02/01/2633","change_id":"DP","start_date":"2022-08-02T00:00:00.000Z","end_date":"1899-11-30T00:00:00.000Z","status":"Actual","transactio":"","accuracy":"C","area_in_we":0,"x":504290.12994767,"y":4789050.0045342,"village_co":"102020108","globalid":"{45BDD747-7544-4288-941E-1FAF0FC715B7}","st_area_sh":156.814119235,"st_length_":68.0221634776}},
{"type":"Feature","geometry":{"type":"Polygon","coordinates":[[[30.03861,-1.90791],[30.03853,-1.9078],[30.03847,-1.90787],[30.03847,-1.90798],[30.03861,-1.90791]]]},"properties":{"objectid":40635192,"parcel_num":2634,"village":"Nyagasozi","province":"Kigali City","district":"Gasabo","sector":"Gatsata","cell":"Karuruma","cell_code":"1020201","upi":"1/02/02/01/2634","change_id":"DP","start_date":"2022-08-02T00:00:00.000Z","end_date":"1899-11-30T00:00:00.000Z","status":"Actual","transactio":"","accuracy":"C","area_in_we":0,"x":504288.28421723,"y":4789047.19961499,"village_co":"102020108","globalid":"{429C226B-A1F6-4B57-AC7B-B8E23BDF21C6}","st_area_sh":190.19580154,"st_length_":55.9306635297}},
{"type":"Feature","geometry":{"type":"Polygon","coordinates":[[[30.03928,-1.90712],[30.03928,-1.90699],[30.03907,-1.90702],[30.03907,-1.90716],[30.03917,-1.90716],[30.03928,-1.90712]]]},"properties":{"objectid":40635209,"parcel_num":2657,"village":"Nyagasozi","province":"Kigali City","district":"Gasabo","sector":"Gatsata","cell":"Karuruma","cell_code":"1020201","upi":"1/02/02/01/2657","change_id":"DP","start_date":"2022-09-09T00:00:00.000Z","end_date":"1899-11-30T00:00:00.000Z","status":"Actual","transactio":"","accuracy":"C","area_in_we":0,"x":504357.70143309,"y":4789146.32995073,"village_co":"102020108","globalid":"{1F0F5A00-6BA2-4E99-BB6D-53B43D80B5DB}","st_area_sh":410.19614289,"st_length_":82.8429906751}},
{"type":"Feature","geometry":{"type":"Polygon","coordinates":[[[30.0393,-1.90697],[30.03929,-1.90687],[30.03905,-1.90688],[30.03907,-1.90702],[30.03928,-1.90699],[30.0393,-1.90697]]]},"properties":{"objectid":40635210,"parcel_num":2658,"village":"Nyagasozi","province":"Kigali City","district":"Gasabo","sector":"Gatsata","cell":"Karuruma","cell_code":"1020201","upi":"1/02/02/01/2658","change_id":"BC","start_date":"2022-12-30T00:00:00.000Z","end_date":"1899-11-30T00:00:00.000Z","status":"Actual","transactio":"","accuracy":"C","area_in_we":0,"x":504357.99891604,"y":4789161.91542699,"village_co":"102020108","globalid":"{A2A90532-257E-42AD-AF43-1FE3861DF231}","st_area_sh":361.962657795,"st_length_":79.8448139782}},
{"type":"Feature","geometry":{"type":"Polygon","coordinates":[[[30.03569,-1.90885],[30.03561,-1.90893],[30.03567,-1.909],[30.03568,-1.90918],[30.03582,-1.90919],[30.03586,-1.90893],[30.03569,-1.90885]]]},"properties":{"objectid":40635224,"parcel_num":2675,"village":"Nyagasozi","province":"Kigali City","district":"Gasabo","sector":"Gatsata","cell":"Karuruma","cell_code":"1020201","upi":"1/02/02/01/2675","change_id":"DP","start_date":"2022-11-10T00:00:00.000Z","end_date":"1899-11-30T00:00:00.000Z","status":"Actual","transactio":"","accuracy":"C","area_in_we":0,"x":503976.70946949,"y":4788932.37475813,"village_co":"102020108","globalid":"{923B15B1-CDD6-4635-A342-9EB6AD8EFE3A}","st_area_sh":681.199971955,"st_length_":110.653102867}},
{"type":"Feature","geometry":{"type":"Polygon","coordinates":[[[30.03568,-1.90918],[30.03567,-1.909],[30.03561,-1.90893],[30.03557,-1.90898],[30.03555,-1.90916],[30.03568,-1.90918]]]},"properties":{"objectid":40635225,"parcel_num":2676,"village":"Nyagasozi","province":"Kigali City","district":"Gasabo","sector":"Gatsata","cell":"Karuruma","cell_code":"1020201","upi":"1/02/02/01/2676","change_id":"DP","start_date":"2022-11-10T00:00:00.000Z","end_date":"1899-11-30T00:00:00.000Z","status":"Actual","transactio":"","accuracy":"C","area_in_we":0,"x":503982.61931389,"y":4788928.43141413,"village_co":"102020108","globalid":"{E733825E-831E-4212-93D5-7D0F801D1428}","st_area_sh":306.572335825,"st_length_":72.5095007961}},
{"type":"Feature","geometry":{"type":"Polygon","coordinates":[[[30.03589,-1.90894],[30.03586,-1.90893],[30.03582,-1.90919],[30.03591,-1.90919],[30.03606,-1.90919],[30.03606,-1.90908],[30.03607,-1.90901],[30.03589,-1.90894]]]},"properties":{"objectid":40635226,"parcel_num":2677,"village":"Nyagasozi","province":"Kigali City","district":"Gasabo","sector":"Gatsata","cell":"Karuruma","cell_code":"1020201","upi":"1/02/02/01/2677","change_id":"DP","start_date":"2022-11-10T00:00:00.000Z","end_date":"1899-11-30T00:00:00.000Z","status":"Actual","transactio":"","accuracy":"C","area_in_we":0,"x":503982.61931389,"y":4788928.43141413,"village_co":"102020108","globalid":"{C8A6C3DF-C40E-4D1E-A848-EC826EC9FEC4}","st_area_sh":623.548636955,"st_length_":99.4726208584}},
{"type":"Feature","geometry":{"type":"Polygon","coordinates":[[[30.04427,-1.90615],[30.04401,-1.9061],[30.044,-1.90618],[30.044,-1.90627],[30.04402,-1.90635],[30.04411,-1.90639],[30.04416,-1.90641],[30.04427,-1.90615]]]},"properties":{"objectid":40635227,"parcel_num":2678,"village":"Nyagasozi","province":"Kigali City","district":"Gasabo","sector":"Gatsata","cell":"Karuruma","cell_code":"1020201","upi":"1/02/02/01/2678","change_id":"DP","start_date":"2022-11-13T00:00:00.000Z","end_date":"1899-11-30T00:00:00.000Z","status":"Actual","transactio":"","accuracy":"C","area_in_we":0,"x":504907.69566386,"y":4789238.82163919,"village_co":"102020108","globalid":"{FC2B3DB3-C8EB-4A77-9A16-8A508C94998E}","st_area_sh":720.00298238,"st_length_":106.778399729}},
{"type":"Feature","geometry":{"type":"Polygon","coordinates":[[[30.04432,-1.90604],[30.04402,-1.90601],[30.04401,-1.9061],[30.04427,-1.90615],[30.04432,-1.90604]]]},"properties":{"objectid":40635228,"parcel_num":2679,"village":"Nyagasozi","province":"Kigali City","district":"Gasabo","sector":"Gatsata","cell":"Karuruma","cell_code":"1020201","upi":"1/02/02/01/2679","change_id":"DP","start_date":"2022-11-13T00:00:00.000Z","end_date":"1899-11-30T00:00:00.000Z","status":"Actual","transactio":"","accuracy":"C","area_in_we":0,"x":504912.2771,"y":4789241.97171982,"village_co":"102020108","globalid":"{271A96BA-6088-4984-A87D-2D312FD6742B}","st_area_sh":378.242173775,"st_length_":87.5022878421}},
{"type":"Feature","geometry":{"type":"Polygon","coordinates":[[[30.0381,-1.90828],[30.03794,-1.9082],[30.03793,-1.90822],[30.03789,-1.90829],[30.03789,-1.9083],[30.03804,-1.90841],[30.03804,-1.90833],[30.0381,-1.90828]]]},"properties":{"objectid":40635237,"parcel_num":2687,"village":"Nyagasozi","province":"Kigali City","district":"Gasabo","sector":"Gatsata","cell":"Karuruma","cell_code":"1020201","upi":"1/02/02/01/2687","change_id":"DP","start_date":"2022-12-21T00:00:00.000Z","end_date":"1899-11-30T00:00:00.000Z","status":"Actual","transactio":"","accuracy":"C","area_in_we":0,"x":504240.14364095,"y":4789018.0615,"village_co":"102020108","globalid":"{BE6F9294-4101-4CF0-A1C9-1043A5782273}","st_area_sh":269.926510595,"st_length_":70.7945949873}},
{"type":"Feature","geometry":{"type":"Polygon","coordinates":[[[30.03809,-1.90806],[30.03801,-1.9081],[30.03794,-1.9082],[30.0381,-1.90828],[30.03817,-1.90822],[30.03809,-1.90806]]]},"properties":{"objectid":40635238,"parcel_num":2688,"village":"Nyagasozi","province":"Kigali City","district":"Gasabo","sector":"Gatsata","cell":"Karuruma","cell_code":"1020201","upi":"1/02/02/01/2688","change_id":"DP","start_date":"2022-12-21T00:00:00.000Z","end_date":"1899-11-30T00:00:00.000Z","status":"Actual","transactio":"","accuracy":"C","area_in_we":0,"x":504242.6646225,"y":4789020.70421029,"village_co":"102020108","globalid":"{D647DD78-DFFE-4783-96D6-4CF76ACDCF5D}","st_area_sh":356.23717122,"st_length_":75.2240529397}},
{"type":"Feature","geometry":{"type":"Polygon","coordinates":[[[30.03817,-1.90807],[30.03809,-1.90806],[30.03817,-1.90822],[30.03821,-1.90819],[30.03817,-1.90807]]]},"properties":{"objectid":40635239,"parcel_num":2689,"village":"Nyagasozi","province":"Kigali City","district":"Gasabo","sector":"Gatsata","cell":"Karuruma","cell_code":"1020201","upi":"1/02/02/01/2689","change_id":"DP","start_date":"2022-12-21T00:00:00.000Z","end_date":"1899-11-30T00:00:00.000Z","status":"Actual","transactio":"","accuracy":"C","area_in_we":0,"x":504249.54991822,"y":4789017.01655559,"village_co":"102020108","globalid":"{470B93CD-6801-4D40-97CC-8C48574F074D}","st_area_sh":104.14900825,"st_length_":48.8186483155}},
{"type":"Feature","geometry":{"type":"Polygon","coordinates":[[[30.04294,-1.90837],[30.04266,-1.90828],[30.04261,-1.9084],[30.04288,-1.90855],[30.04294,-1.90837]]]},"properties":{"objectid":40635241,"parcel_num":2690,"village":"Nyagasozi","province":"Kigali City","district":"Gasabo","sector":"Gatsata","cell":"Karuruma","cell_code":"1020201","upi":"1/02/02/01/2690","change_id":"DP","start_date":"2022-12-30T00:00:00.000Z","end_date":"1899-11-30T00:00:00.000Z","status":"Actual","transactio":"","accuracy":"C","area_in_we":0,"x":504759.41621473,"y":4788999.9002374,"village_co":"102020108","globalid":"{BCC4EAB6-5029-402F-8128-588C98553FDA}","st_area_sh":624.457639985,"st_length_":103.720850391}},
{"type":"Feature","geometry":{"type":"Polygon","coordinates":[[[30.04295,-1.90824],[30.04291,-1.90828],[30.04269,-1.90821],[30.04266,-1.90828],[30.04294,-1.90837],[30.04295,-1.90824]]]},"properties":{"objectid":40635242,"parcel_num":2691,"village":"Nyagasozi","province":"Kigali City","district":"Gasabo","sector":"Gatsata","cell":"Karuruma","cell_code":"1020201","upi":"1/02/02/01/2691","change_id":"DP","start_date":"2022-12-30T00:00:00.000Z","end_date":"1899-11-30T00:00:00.000Z","status":"Actual","transactio":"","accuracy":"C","area_in_we":0,"x":504760.53601721,"y":4789003.51771299,"village_co":"102020108","globalid":"{65185B56-C4A1-45B6-9AB4-66FA3B7254FD}","st_area_sh":249.57825446,"st_length_":88.2628373946}},
{"type":"Feature","geometry":{"type":"Polygon","coordinates":[[[30.04135,-1.90804],[30.04125,-1.90794],[30.04115,-1.90802],[30.04119,-1.90811],[30.04119,-1.90813],[30.04131,-1.90807],[30.04139,-1.90832],[30.04144,-1.90831],[30.04138,-1.90821],[30.04145,-1.90814],[30.04135,-1.90804]]]},"properties":{"objectid":40635243,"parcel_num":2692,"village":"Nyagasozi","province":"Kigali City","district":"Gasabo","sector":"Gatsata","cell":"Karuruma","cell_code":"1020201","upi":"1/02/02/01/2692","change_id":"DP","start_date":"2023-01-08T00:00:00.000Z","end_date":"1899-11-30T00:00:00.000Z","status":"Actual","transactio":"","accuracy":"C","area_in_we":0,"x":504594.6931343,"y":4789034.89537438,"village_co":"102020108","globalid":"{1E51B1BD-CF6F-4B55-8C69-5E2C735D094F}","st_area_sh":456.41324536,"st_length_":133.005467661}},
{"type":"Feature","geometry":{"type":"Polygon","coordinates":[[[30.04139,-1.90832],[30.04131,-1.90807],[30.04119,-1.90813],[30.04124,-1.90834],[30.04139,-1.90832]]]},"properties":{"objectid":40635244,"parcel_num":2693,"village":"Nyagasozi","province":"Kigali City","district":"Gasabo","sector":"Gatsata","cell":"Karuruma","cell_code":"1020201","upi":"1/02/02/01/2693","change_id":"DP","start_date":"2023-01-08T00:00:00.000Z","end_date":"1899-11-30T00:00:00.000Z","status":"Actual","transactio":"","accuracy":"C","area_in_we":0,"x":504594.36875,"y":4789027.1405852,"village_co":"102020108","globalid":"{89CFC364-62B5-43DA-973C-C8887B3C711C}","st_area_sh":423.86913084,"st_length_":84.7091321499}},
{"type":"Feature","geometry":{"type":"Polygon","coordinates":[[[30.0441,-1.90554],[30.0441,-1.9054],[30.04392,-1.9054],[30.04392,-1.90555],[30.0441,-1.90554]]]},"properties":{"objectid":40635245,"parcel_num":2694,"village":"Nyagasozi","province":"Kigali City","district":"Gasabo","sector":"Gatsata","cell":"Karuruma","cell_code":"1020201","upi":"1/02/02/01/2694","change_id":"BC","start_date":"2023-04-16T00:00:00.000Z","end_date":"1899-11-30T00:00:00.000Z","status":"Actual","transactio":"","accuracy":"C","area_in_we":0,"x":504896.31055393,"y":4789324.02673518,"village_co":"102020108","globalid":"{FE6D8606-ADA1-4C1D-BBEF-FE12CE506978}","st_area_sh":316.726635575,"st_length_":71.1366013361}},
{"type":"Feature","geometry":{"type":"Polygon","coordinates":[[[30.04375,-1.90536],[30.04358,-1.90536],[30.04356,-1.90555],[30.04367,-1.90555],[30.04374,-1.90555],[30.04375,-1.90541],[30.04375,-1.90538],[30.04375,-1.90536]]]},"properties":{"objectid":40635246,"parcel_num":2695,"village":"Nyagasozi","province":"Kigali City","district":"Gasabo","sector":"Gatsata","cell":"Karuruma","cell_code":"1020201","upi":"1/02/02/01/2695","change_id":"BC","start_date":"2024-04-15T00:00:00.000Z","end_date":"1899-11-30T00:00:00.000Z","status":"Actual","transactio":"","accuracy":"C","area_in_we":0,"x":504856.93678272,"y":4789325.74403051,"village_co":"102020108","globalid":"{FA1287BE-E402-4D2D-BCBF-B48B0668E619}","st_area_sh":389.41390279,"st_length_":80.3720426486}},
{"type":"Feature","geometry":{"type":"Polygon","coordinates":[[[30.04392,-1.90555],[30.04392,-1.9054],[30.04375,-1.90541],[30.04374,-1.90555],[30.04382,-1.90555],[30.0439,-1.90555],[30.04392,-1.90555]]]},"properties":{"objectid":40635247,"parcel_num":2696,"village":"Nyagasozi","province":"Kigali City","district":"Gasabo","sector":"Gatsata","cell":"Karuruma","cell_code":"1020201","upi":"1/02/02/01/2696","change_id":"BC","start_date":"2023-08-29T00:00:00.000Z","end_date":"1899-11-30T00:00:00.000Z","status":"Actual","transactio":"","accuracy":"C","area_in_we":0,"x":504876.41613709,"y":4789323.54977246,"village_co":"102020108","globalid":"{BCB56D63-0A4B-4C87-9391-7B9E27F07EA5}","st_area_sh":310.425151915,"st_length_":71.0754785412}},
{"type":"Feature","geometry":{"type":"Polygon","coordinates":[[[30.04169,-1.90866],[30.04158,-1.90851],[30.04155,-1.90836],[30.04146,-1.90837],[30.04148,-1.90842],[30.0414,-1.90844],[30.0415,-1.90875],[30.04169,-1.90866]]]},"properties":{"objectid":40635270,"parcel_num":2719,"village":"Nyagasozi","province":"Kigali City","district":"Gasabo","sector":"Gatsata","cell":"Karuruma","cell_code":"1020201","upi":"1/02/02/01/2719","change_id":"DP","start_date":"2023-04-13T00:00:00.000Z","end_date":"1899-11-30T00:00:00.000Z","status":"Actual","transactio":"","accuracy":"C","area_in_we":0,"x":504619.81629167,"y":4788982.69453263,"village_co":"102020108","globalid":"{071DE211-D038-476A-9AC0-9D95A5A0891C}","st_area_sh":713.00866195,"st_length_":122.769093381}},
{"type":"Feature","geometry":{"type":"Polygon","coordinates":[[[30.04187,-1.90851],[30.04184,-1.90844],[30.04162,-1.9085],[30.04173,-1.90865],[30.0419,-1.9086],[30.04187,-1.90851]]]},"properties":{"objectid":40635272,"parcel_num":2720,"village":"Nyagasozi","province":"Kigali City","district":"Gasabo","sector":"Gatsata","cell":"Karuruma","cell_code":"1020201","upi":"1/02/02/01/2720","change_id":"DP","start_date":"2023-04-13T00:00:00.000Z","end_date":"1899-11-30T00:00:00.000Z","status":"Actual","transactio":"","accuracy":"C","area_in_we":0,"x":504646.80402619,"y":4788984.00880213,"village_co":"102020108","globalid":"{71DEF338-F3F7-4C78-BFFC-E8CDCB40469A}","st_area_sh":421.214141875,"st_length_":85.7139226154}},
{"type":"Feature","geometry":{"type":"Polygon","coordinates":[[[30.04393,-1.90537],[30.04395,-1.90519],[30.04379,-1.9052],[30.04376,-1.9052],[30.04375,-1.90536],[30.04375,-1.90538],[30.04393,-1.90537]]]},"properties":{"objectid":40635273,"parcel_num":2721,"village":"Nyagasozi","province":"Kigali City","district":"Gasabo","sector":"Gatsata","cell":"Karuruma","cell_code":"1020201","upi":"1/02/02/01/2721","change_id":"DP","start_date":"2023-04-13T00:00:00.000Z","end_date":"1899-11-30T00:00:00.000Z","status":"Actual","transactio":"","accuracy":"C","area_in_we":0,"x":504877.75816353,"y":4789344.69819085,"village_co":"102020108","globalid":"{B091FD2A-3E7F-475E-BE7F-38B2C7B49393}","st_area_sh":395.73021331,"st_length_":80.3084023312}},
{"type":"Feature","geometry":{"type":"Polygon","coordinates":[[[30.04412,-1.90519],[30.04401,-1.90518],[30.04395,-1.90519],[30.04393,-1.90537],[30.04411,-1.90537],[30.04412,-1.90519]]]},"properties":{"objectid":40635274,"parcel_num":2722,"village":"Nyagasozi","province":"Kigali City","district":"Gasabo","sector":"Gatsata","cell":"Karuruma","cell_code":"1020201","upi":"1/02/02/01/2722","change_id":"DP","start_date":"2023-04-13T00:00:00.000Z","end_date":"1899-11-30T00:00:00.000Z","status":"Actual","transactio":"","accuracy":"C","area_in_we":0,"x":504878.41706359,"y":4789344.7915698,"village_co":"102020108","globalid":"{B46277DD-0944-4BA5-9823-C8710C020F1A}","st_area_sh":401.32509778,"st_length_":79.8781267389}},
{"type":"Feature","geometry":{"type":"Polygon","coordinates":[[[30.04375,-1.90536],[30.04376,-1.9052],[30.04358,-1.90521],[30.04358,-1.90536],[30.04375,-1.90536]]]},"properties":{"objectid":40635275,"parcel_num":2723,"village":"Nyagasozi","province":"Kigali City","district":"Gasabo","sector":"Gatsata","cell":"Karuruma","cell_code":"1020201","upi":"1/02/02/01/2723","change_id":"BC","start_date":"2024-04-15T00:00:00.000Z","end_date":"1899-11-30T00:00:00.000Z","status":"Actual","transactio":"","accuracy":"C","area_in_we":0,"x":504858.08621682,"y":4789344.86769727,"village_co":"102020108","globalid":"{83EA1602-C09A-4BCD-8BD1-97C4D3304E04}","st_area_sh":323.08347613,"st_length_":72.198911664}},
{"type":"Feature","geometry":{"type":"Polygon","coordinates":[[[30.03893,-1.9094],[30.03871,-1.90937],[30.03861,-1.90951],[30.03863,-1.90961],[30.03865,-1.90964],[30.0388,-1.90958],[30.03891,-1.90945],[30.03893,-1.9094]]]},"properties":{"objectid":40635276,"parcel_num":2724,"village":"Nyagasozi","province":"Kigali City","district":"Gasabo","sector":"Gatsata","cell":"Karuruma","cell_code":"1020201","upi":"1/02/02/01/2724","change_id":"DP","start_date":"2023-04-13T00:00:00.000Z","end_date":"1899-11-30T00:00:00.000Z","status":"Actual","transactio":"","accuracy":"C","area_in_we":0,"x":504311.17117561,"y":4788880.24020282,"village_co":"102020108","globalid":"{E8247657-CF1E-4BEC-8A29-477FE629D894}","st_area_sh":593.974061815,"st_length_":106.593799145}},
{"type":"Feature","geometry":{"type":"Polygon","coordinates":[[[30.03871,-1.90937],[30.03849,-1.90935],[30.03846,-1.90945],[30.03861,-1.90951],[30.03871,-1.90937]]]},"properties":{"objectid":40635277,"parcel_num":2725,"village":"Nyagasozi","province":"Kigali City","district":"Gasabo","sector":"Gatsata","cell":"Karuruma","cell_code":"1020201","upi":"1/02/02/01/2725","change_id":"DP","start_date":"2023-05-27T00:00:00.000Z","end_date":"1899-11-30T00:00:00.000Z","status":"Actual","transactio":"","accuracy":"C","area_in_we":0,"x":504291.08530116,"y":4788887.11154111,"village_co":"102020108","globalid":"{80262C76-FFAD-4D3B-BA8D-BBFBB6766DAD}","st_area_sh":338.785505025,"st_length_":76.3797673888}},
{"type":"Feature","geometry":{"type":"Polygon","coordinates":[[[30.04247,-1.90907],[30.04245,-1.90897],[30.04243,-1.90897],[30.04244,-1.90904],[30.04245,-1.90912],[30.04239,-1.90914],[30.04258,-1.9093],[30.04265,-1.90924],[30.04264,-1.90916],[30.04251,-1.90919],[30.04247,-1.90907]]]},"properties":{"objectid":40635278,"parcel_num":2726,"village":"Nyagasozi","province":"Kigali City","district":"Gasabo","sector":"Gatsata","cell":"Karuruma","cell_code":"1020201","upi":"1/02/02/01/2726","change_id":"DP","start_date":"2023-04-18T00:00:00.000Z","end_date":"1899-11-30T00:00:00.000Z","status":"Actual","transactio":"","accuracy":"C","area_in_we":0,"x":504730.77071894,"y":4788913.56477829,"village_co":"102020108","globalid":"{C73C0194-B720-4706-9A3E-F9E36BDD2763}","st_area_sh":316.970998635,"st_length_":113.023810162}},
{"type":"Feature","geometry":{"type":"Polygon","coordinates":[[[30.04251,-1.90883],[30.04242,-1.90884],[30.04243,-1.9089],[30.04243,-1.90897],[30.04245,-1.90897],[30.04258,-1.90895],[30.04259,-1.90884],[30.04251,-1.90883]]]},"properties":{"objectid":40635279,"parcel_num":2727,"village":"Nyagasozi","province":"Kigali City","district":"Gasabo","sector":"Gatsata","cell":"Karuruma","cell_code":"1020201","upi":"1/02/02/01/2727","change_id":"DP","start_date":"2023-04-18T00:00:00.000Z","end_date":"1899-11-30T00:00:00.000Z","status":"Actual","transactio":"","accuracy":"C","area_in_we":0,"x":504730.0473,"y":4788928.03720914,"village_co":"102020108","globalid":"{437E85D9-64FF-451A-B696-80FFC120C77A}","st_area_sh":234.724970235,"st_length_":61.2064197885}},
{"type":"Feature","geometry":{"type":"Polygon","coordinates":[[[30.04263,-1.909],[30.04258,-1.90895],[30.04245,-1.90897],[30.04247,-1.90907],[30.04263,-1.90903],[30.04263,-1.909]]]},"properties":{"objectid":40635280,"parcel_num":2728,"village":"Nyagasozi","province":"Kigali City","district":"Gasabo","sector":"Gatsata","cell":"Karuruma","cell_code":"1020201","upi":"1/02/02/01/2728","change_id":"DP","start_date":"2023-04-18T00:00:00.000Z","end_date":"1899-11-30T00:00:00.000Z","status":"Actual","transactio":"","accuracy":"C","area_in_we":0,"x":504732.20835829,"y":4788921.08290651,"village_co":"102020108","globalid":"{8286FE29-4DD9-4F68-A4CE-DEAFC4975798}","st_area_sh":183.09423486,"st_length_":59.0623201464}},
{"type":"Feature","geometry":{"type":"Polygon","coordinates":[[[30.04264,-1.90916],[30.04263,-1.90903],[30.04247,-1.90907],[30.04251,-1.90919],[30.04264,-1.90916]]]},"properties":{"objectid":40635281,"parcel_num":2729,"village":"Nyagasozi","province":"Kigali City","district":"Gasabo","sector":"Gatsata","cell":"Karuruma","cell_code":"1020201","upi":"1/02/02/01/2729","change_id":"DP","start_date":"2023-04-18T00:00:00.000Z","end_date":"1899-11-30T00:00:00.000Z","status":"Actual","transactio":"","accuracy":"C","area_in_we":0,"x":504732.43191429,"y":4788917.0340445,"village_co":"102020108","globalid":"{6C27B667-C2F4-4DEC-AB05-A4CB8ACE5D1F}","st_area_sh":226.837540185,"st_length_":60.3674842298}},
{"type":"Feature","geometry":{"type":"Polygon","coordinates":[[[30.04172,-1.91011],[30.04148,-1.91011],[30.04139,-1.91041],[30.04178,-1.91042],[30.04177,-1.91037],[30.04172,-1.91011]]]},"properties":{"objectid":40635287,"parcel_num":2738,"village":"Nyagasozi","province":"Kigali City","district":"Gasabo","sector":"Gatsata","cell":"Karuruma","cell_code":"1020201","upi":"1/02/02/01/2738","change_id":"DP","start_date":"2023-05-13T00:00:00.000Z","end_date":"1899-11-30T00:00:00.000Z","status":"Actual","transactio":"","accuracy":"C","area_in_we":0,"x":504626.7505687,"y":4788792.14754809,"village_co":"102020108","globalid":"{CDDF9C90-9B2E-46D7-87B5-D5F72B723C68}","st_area_sh":1204.83477883,"st_length_":141.042755047}},
{"type":"Feature","geometry":{"type":"Polygon","coordinates":[[[30.04216,-1.9104],[30.04177,-1.91037],[30.04178,-1.91042],[30.04179,-1.91057],[30.04181,-1.91058],[30.04201,-1.91057],[30.04223,-1.91058],[30.04223,-1.91051],[30.04216,-1.9104]]]},"properties":{"objectid":40635290,"parcel_num":2740,"village":"Nyagasozi","province":"Kigali City","district":"Gasabo","sector":"Gatsata","cell":"Karuruma","cell_code":"1020201","upi":"1/02/02/01/2740","change_id":"DP","start_date":"2023-05-13T00:00:00.000Z","end_date":"1899-11-30T00:00:00.000Z","status":"Actual","transactio":"","accuracy":"C","area_in_we":0,"x":504644.39802565,"y":4788780.40233476,"village_co":"102020108","globalid":"{F44647DE-B69C-4131-8549-F6C85B7B09D3}","st_area_sh":992.578693055,"st_length_":140.052860675}},
{"type":"Feature","geometry":{"type":"Polygon","coordinates":[[[30.04178,-1.91042],[30.04139,-1.91041],[30.04138,-1.91046],[30.04179,-1.91057],[30.04178,-1.91042]]]},"properties":{"objectid":40635291,"parcel_num":2741,"village":"Nyagasozi","province":"Kigali City","district":"Gasabo","sector":"Gatsata","cell":"Karuruma","cell_code":"1020201","upi":"1/02/02/01/2741","change_id":"DP","start_date":"2023-05-13T00:00:00.000Z","end_date":"1899-11-30T00:00:00.000Z","status":"Actual","transactio":"","accuracy":"C","area_in_we":0,"x":504627.81421731,"y":4788786.34092022,"village_co":"102020108","globalid":"{121C7C1B-9DC0-443D-A5CA-766341CA1AC3}","st_area_sh":445.79978119,"st_length_":112.899022524}},
{"type":"Feature","geometry":{"type":"Polygon","coordinates":[[[30.03671,-1.90999],[30.03664,-1.90998],[30.03644,-1.91009],[30.03637,-1.91018],[30.03645,-1.91019],[30.03659,-1.91021],[30.03661,-1.9102],[30.03671,-1.90999]]]},"properties":{"objectid":40635292,"parcel_num":2742,"village":"Nyagasozi","province":"Kigali City","district":"Gasabo","sector":"Gatsata","cell":"Karuruma","cell_code":"1020201","upi":"1/02/02/01/2742","change_id":"DP","start_date":"2023-05-13T00:00:00.000Z","end_date":"1899-11-30T00:00:00.000Z","status":"Actual","transactio":"","accuracy":"C","area_in_we":0,"x":504066.905319,"y":4788811.87534015,"village_co":"102020108","globalid":"{44EE127E-DACC-43EE-87E9-623FCE96148E}","st_area_sh":499.962193555,"st_length_":99.0731498229}},
{"type":"Feature","geometry":{"type":"Polygon","coordinates":[[[30.03689,-1.91],[30.03698,-1.90988],[30.03688,-1.90988],[30.03671,-1.90999],[30.03661,-1.9102],[30.03663,-1.91019],[30.03689,-1.91]]]},"properties":{"objectid":40635293,"parcel_num":2743,"village":"Nyagasozi","province":"Kigali City","district":"Gasabo","sector":"Gatsata","cell":"Karuruma","cell_code":"1020201","upi":"1/02/02/01/2743","change_id":"DP","start_date":"2023-05-13T00:00:00.000Z","end_date":"1899-11-30T00:00:00.000Z","status":"Actual","transactio":"","accuracy":"C","area_in_we":0,"x":504079.73444019,"y":4788816.57294335,"village_co":"102020108","globalid":"{D0E335B1-C04C-45B3-9F06-512E07B2A359}","st_area_sh":487.50687634,"st_length_":114.926684348}},
{"type":"Feature","geometry":{"type":"Polygon","coordinates":[[[30.03928,-1.90836],[30.03918,-1.9082],[30.03898,-1.90828],[30.03904,-1.90838],[30.03919,-1.9083],[30.03924,-1.90838],[30.03928,-1.90836]]]},"properties":{"objectid":40635294,"parcel_num":2744,"village":"Nyagasozi","province":"Kigali City","district":"Gasabo","sector":"Gatsata","cell":"Karuruma","cell_code":"1020201","upi":"1/02/02/01/2744","change_id":"DP","start_date":"2023-05-20T00:00:00.000Z","end_date":"1899-11-30T00:00:00.000Z","status":"Actual","transactio":"","accuracy":"C","area_in_we":0,"x":504352.59399222,"y":4789012.08877307,"village_co":"102020108","globalid":"{855674D6-CE92-4339-8BE3-8B7DE7153542}","st_area_sh":338.98669256,"st_length_":91.24910397}},
{"type":"Feature","geometry":{"type":"Polygon","coordinates":[[[30.03904,-1.90838],[30.03898,-1.90828],[30.03882,-1.90837],[30.03904,-1.90858],[30.0391,-1.90849],[30.03904,-1.90838]]]},"properties":{"objectid":40635295,"parcel_num":2745,"village":"Nyagasozi","province":"Kigali City","district":"Gasabo","sector":"Gatsata","cell":"Karuruma","cell_code":"1020201","upi":"1/02/02/01/2745","change_id":"DP","start_date":"2023-05-20T00:00:00.000Z","end_date":"1899-11-30T00:00:00.000Z","status":"Actual","transactio":"","accuracy":"C","area_in_we":0,"x":504341.08408524,"y":4789001.2323,"village_co":"102020108","globalid":"{3DEE27F0-2CDD-4FCF-873D-AC43B8368B1F}","st_area_sh":490.167229955,"st_length_":92.6842743296}},
{"type":"Feature","geometry":{"type":"Polygon","coordinates":[[[30.03924,-1.90838],[30.03919,-1.9083],[30.03904,-1.90838],[30.0391,-1.90849],[30.03924,-1.90838]]]},"properties":{"objectid":40635296,"parcel_num":2746,"village":"Nyagasozi","province":"Kigali City","district":"Gasabo","sector":"Gatsata","cell":"Karuruma","cell_code":"1020201","upi":"1/02/02/01/2746","change_id":"DP","start_date":"2023-05-20T00:00:00.000Z","end_date":"1899-11-30T00:00:00.000Z","status":"Actual","transactio":"","accuracy":"C","area_in_we":0,"x":504352.97632625,"y":4789008.22115075,"village_co":"102020108","globalid":"{CA45820F-0197-4529-931D-6520F2A71769}","st_area_sh":202.66357422,"st_length_":61.5419996779}},
{"type":"Feature","geometry":{"type":"Polygon","coordinates":[[[30.03846,-1.90945],[30.03843,-1.90944],[30.03836,-1.90959],[30.03845,-1.9097],[30.03863,-1.90961],[30.03861,-1.90951],[30.03846,-1.90945]]]},"properties":{"objectid":40635297,"parcel_num":2747,"village":"Nyagasozi","province":"Kigali City","district":"Gasabo","sector":"Gatsata","cell":"Karuruma","cell_code":"1020201","upi":"1/02/02/01/2747","change_id":"BC","start_date":"2025-05-15T00:00:00.000Z","end_date":"1899-11-30T00:00:00.000Z","status":"Actual","transactio":"","accuracy":"C","area_in_we":0,"x":504282.55278142,"y":4788870.53099921,"village_co":"102020108","globalid":"{8ED67E55-42C2-4004-ABAB-19497A0396A3}","st_area_sh":495.35382532,"st_length_":93.1881459626}},
{"type":"Feature","geometry":{"type":"Polygon","coordinates":[[[30.03843,-1.90944],[30.03845,-1.90935],[30.03827,-1.90939],[30.03826,-1.90956],[30.03836,-1.90959],[30.03843,-1.90944]]]},"properties":{"objectid":40635298,"parcel_num":2748,"village":"Nyagasozi","province":"Kigali City","district":"Gasabo","sector":"Gatsata","cell":"Karuruma","cell_code":"1020201","upi":"1/02/02/01/2748","change_id":"BC","start_date":"2025-08-18T00:00:00.000Z","end_date":"1899-11-30T00:00:00.000Z","status":"Actual","transactio":"","accuracy":"C","area_in_we":0,"x":504266.03784171,"y":4788883.10160861,"village_co":"102020108","globalid":"{5CA2F382-536A-4EFE-B1D4-A6E3FFE6258E}","st_area_sh":403.29845044,"st_length_":80.5451636636}},
{"type":"Feature","geometry":{"type":"Polygon","coordinates":[[[30.03932,-1.90875],[30.03908,-1.90857],[30.03904,-1.90872],[30.03912,-1.90877],[30.03932,-1.90875]]]},"properties":{"objectid":40635302,"parcel_num":2753,"village":"Nyagasozi","province":"Kigali City","district":"Gasabo","sector":"Gatsata","cell":"Karuruma","cell_code":"1020201","upi":"1/02/02/01/2753","change_id":"DP","start_date":"2023-06-04T00:00:00.000Z","end_date":"1899-11-30T00:00:00.000Z","status":"Actual","transactio":"","accuracy":"C","area_in_we":0,"x":504388.14138007,"y":4788983.83855,"village_co":"102020108","globalid":"{327EA583-D1C3-4E4E-9AF6-6B36CC402563}","st_area_sh":368.01698495,"st_length_":83.169255048}},
{"type":"Feature","geometry":{"type":"Polygon","coordinates":[[[30.043,-1.90688],[30.04299,-1.90687],[30.04288,-1.90694],[30.04271,-1.90691],[30.04286,-1.90702],[30.04283,-1.90706],[30.04288,-1.90709],[30.04294,-1.90707],[30.04305,-1.90699],[30.04308,-1.90697],[30.043,-1.90688]]]},"properties":{"objectid":40635304,"parcel_num":2756,"village":"Nyagasozi","province":"Kigali City","district":"Gasabo","sector":"Gatsata","cell":"Karuruma","cell_code":"1020201","upi":"1/02/02/01/2756","change_id":"DP","start_date":"2023-06-16T00:00:00.000Z","end_date":"1899-11-30T00:00:00.000Z","status":"Actual","transactio":"","accuracy":"C","area_in_we":0,"x":504774.63492993,"y":4789157.82086511,"village_co":"102020108","globalid":"{9C5041C8-8FA1-440F-AD52-95DE5183D40E}","st_area_sh":439.78884147,"st_length_":108.328176611}},
{"type":"Feature","geometry":{"type":"Polygon","coordinates":[[[30.04276,-1.907],[30.04264,-1.9069],[30.04251,-1.90713],[30.04264,-1.90718],[30.04276,-1.907]]]},"properties":{"objectid":40635305,"parcel_num":2757,"village":"Nyagasozi","province":"Kigali City","district":"Gasabo","sector":"Gatsata","cell":"Karuruma","cell_code":"1020201","upi":"1/02/02/01/2757","change_id":"DP","start_date":"2023-06-16T00:00:00.000Z","end_date":"1899-11-30T00:00:00.000Z","status":"Actual","transactio":"","accuracy":"C","area_in_we":0,"x":504755.7505045,"y":4789148.9461,"village_co":"102020108","globalid":"{792A5C32-1451-427B-8652-D0A44080069E}","st_area_sh":423.494119835,"st_length_":84.5820750812}},
{"type":"Feature","geometry":{"type":"Polygon","coordinates":[[[30.04283,-1.90706],[30.04276,-1.907],[30.04264,-1.90718],[30.04284,-1.90725],[30.04285,-1.90715],[30.04288,-1.90709],[30.04283,-1.90706]]]},"properties":{"objectid":40635306,"parcel_num":2758,"village":"Nyagasozi","province":"Kigali City","district":"Gasabo","sector":"Gatsata","cell":"Karuruma","cell_code":"1020201","upi":"1/02/02/01/2758","change_id":"DP","start_date":"2023-06-16T00:00:00.000Z","end_date":"1899-11-30T00:00:00.000Z","status":"Actual","transactio":"","accuracy":"C","area_in_we":0,"x":504765.07389328,"y":4789150.78422099,"village_co":"102020108","globalid":"{3482FC2A-CF3A-4075-9731-BF35FA112FCC}","st_area_sh":406.72427668,"st_length_":83.5316926138}},
{"type":"Feature","geometry":{"type":"Polygon","coordinates":[[[30.03641,-1.90977],[30.03639,-1.90963],[30.03622,-1.90966],[30.03625,-1.90976],[30.03641,-1.90977]]]},"properties":{"objectid":40635309,"parcel_num":2760,"village":"Nyagasozi","province":"Kigali City","district":"Gasabo","sector":"Gatsata","cell":"Karuruma","cell_code":"1020201","upi":"1/02/02/01/2760","change_id":"DP","start_date":"2023-06-22T00:00:00.000Z","end_date":"1899-11-30T00:00:00.000Z","status":"Actual","transactio":"","accuracy":"C","area_in_we":0,"x":504040.75855575,"y":4788855.93632887,"village_co":"102020108","globalid":"{D3453ED4-642B-4A35-B045-0E6940EF038E}","st_area_sh":253.52556223,"st_length_":63.9991348359}},
{"type":"Feature","geometry":{"type":"Polygon","coordinates":[[[30.03639,-1.90963],[30.03637,-1.9095],[30.03619,-1.90955],[30.03622,-1.90966],[30.03639,-1.90963]]]},"properties":{"objectid":40635310,"parcel_num":2761,"village":"Nyagasozi","province":"Kigali City","district":"Gasabo","sector":"Gatsata","cell":"Karuruma","cell_code":"1020201","upi":"1/02/02/01/2761","change_id":"DP","start_date":"2023-06-22T00:00:00.000Z","end_date":"1899-11-30T00:00:00.000Z","status":"Actual","transactio":"","accuracy":"C","area_in_we":0,"x":504048.77604191,"y":4788864.19685779,"village_co":"102020108","globalid":"{CD292A9B-7604-41E0-9681-5C5BD721043C}","st_area_sh":262.573731155,"st_length_":66.1897869977}},
{"type":"Feature","geometry":{"type":"Polygon","coordinates":[[[30.03659,-1.90972],[30.03652,-1.90947],[30.03642,-1.90949],[30.03637,-1.9095],[30.03639,-1.90963],[30.03653,-1.90961],[30.03656,-1.90973],[30.03659,-1.90972]]]},"properties":{"objectid":40635311,"parcel_num":2762,"village":"Nyagasozi","province":"Kigali City","district":"Gasabo","sector":"Gatsata","cell":"Karuruma","cell_code":"1020201","upi":"1/02/02/01/2762","change_id":"DP","start_date":"2023-06-22T00:00:00.000Z","end_date":"1899-11-30T00:00:00.000Z","status":"Actual","transactio":"","accuracy":"C","area_in_we":0,"x":504052.31051157,"y":4788862.50778321,"village_co":"102020108","globalid":"{470B3EF1-19F3-4BB0-B673-5CA2CBD63C80}","st_area_sh":310.41739556,"st_length_":92.5503673563}},
{"type":"Feature","geometry":{"type":"Polygon","coordinates":[[[30.03656,-1.90973],[30.03653,-1.90961],[30.03639,-1.90963],[30.03641,-1.90977],[30.03656,-1.90973]]]},"properties":{"objectid":40635312,"parcel_num":2763,"village":"Nyagasozi","province":"Kigali City","district":"Gasabo","sector":"Gatsata","cell":"Karuruma","cell_code":"1020201","upi":"1/02/02/01/2763","change_id":"DP","start_date":"2023-06-22T00:00:00.000Z","end_date":"1899-11-30T00:00:00.000Z","status":"Actual","transactio":"","accuracy":"C","area_in_we":0,"x":504048.83298881,"y":4788857.00320749,"village_co":"102020108","globalid":"{80683B3C-89E6-4FCC-B423-0B4E2573B735}","st_area_sh":235.95564499,"st_length_":61.7365992316}},
{"type":"Feature","geometry":{"type":"Polygon","coordinates":[[[30.04114,-1.90845],[30.04114,-1.90839],[30.04097,-1.90841],[30.04097,-1.90869],[30.04115,-1.90872],[30.04118,-1.90869],[30.04112,-1.90856],[30.04114,-1.90845]]]},"properties":{"objectid":40635313,"parcel_num":2764,"village":"Nyagasozi","province":"Kigali City","district":"Gasabo","sector":"Gatsata","cell":"Karuruma","cell_code":"1020201","upi":"1/02/02/01/2764","change_id":"DP","start_date":"2023-06-27T00:00:00.000Z","end_date":"1899-11-30T00:00:00.000Z","status":"Actual","transactio":"","accuracy":"C","area_in_we":0,"x":504568.35882039,"y":4788983.37222796,"village_co":"102020108","globalid":"{299B1705-6164-467B-8036-DC85A8A2DE06}","st_area_sh":582.981618135,"st_length_":111.900012308}},
{"type":"Feature","geometry":{"type":"Polygon","coordinates":[[[30.04115,-1.90872],[30.04097,-1.90869],[30.04096,-1.90869],[30.04103,-1.90881],[30.04115,-1.90872]]]},"properties":{"objectid":40635314,"parcel_num":2765,"village":"Nyagasozi","province":"Kigali City","district":"Gasabo","sector":"Gatsata","cell":"Karuruma","cell_code":"1020201","upi":"1/02/02/01/2765","change_id":"DP","start_date":"2023-06-27T00:00:00.000Z","end_date":"1899-11-30T00:00:00.000Z","status":"Actual","transactio":"","accuracy":"C","area_in_we":0,"x":504569.23775,"y":4788980.47331462,"village_co":"102020108","globalid":"{F2A073CC-179C-4BD1-8834-C61EC8D63AC6}","st_area_sh":125.5491146,"st_length_":51.682350164}},
{"type":"Feature","geometry":{"type":"Polygon","coordinates":[[[30.0396,-1.90858],[30.03957,-1.90855],[30.03945,-1.90877],[30.03954,-1.90878],[30.03964,-1.9086],[30.0396,-1.90858]]]},"properties":{"objectid":40635317,"parcel_num":2769,"village":"Nyagasozi","province":"Kigali City","district":"Gasabo","sector":"Gatsata","cell":"Karuruma","cell_code":"1020201","upi":"1/02/02/01/2769","change_id":"DP","start_date":"2023-07-22T00:00:00.000Z","end_date":"1899-11-30T00:00:00.000Z","status":"Actual","transactio":"","accuracy":"C","area_in_we":0,"x":504391.44011337,"y":4788983.91927983,"village_co":"102020108","globalid":"{3A83BF24-1731-44C5-A83E-BDA6349BEDA7}","st_area_sh":256.281977255,"st_length_":68.0394304241}},
{"type":"Feature","geometry":{"type":"Polygon","coordinates":[[[30.03857,-1.90832],[30.0385,-1.90818],[30.03846,-1.90818],[30.03845,-1.9084],[30.03857,-1.90832]]]},"properties":{"objectid":40635332,"parcel_num":2783,"village":"Nyagasozi","province":"Kigali City","district":"Gasabo","sector":"Gatsata","cell":"Karuruma","cell_code":"1020201","upi":"1/02/02/01/2783","change_id":"DP","start_date":"2023-08-17T00:00:00.000Z","end_date":"1899-11-30T00:00:00.000Z","status":"Actual","transactio":"","accuracy":"C","area_in_we":0,"x":504282.7411047,"y":4789012.440216,"village_co":"102020108","globalid":"{7800BAD8-E5D5-4CC5-AF55-8311DC9497C2}","st_area_sh":198.038801875,"st_length_":63.2481539146}},
{"type":"Feature","geometry":{"type":"Polygon","coordinates":[[[30.03838,-1.90836],[30.03838,-1.90819],[30.03833,-1.90819],[30.03828,-1.90819],[30.03829,-1.90822],[30.03837,-1.90835],[30.03838,-1.90836]]]},"properties":{"objectid":40635333,"parcel_num":2784,"village":"Nyagasozi","province":"Kigali City","district":"Gasabo","sector":"Gatsata","cell":"Karuruma","cell_code":"1020201","upi":"1/02/02/01/2784","change_id":"DP","start_date":"2023-08-17T00:00:00.000Z","end_date":"1899-11-30T00:00:00.000Z","status":"Actual","transactio":"","accuracy":"C","area_in_we":0,"x":504275.55914238,"y":4789013.45692258,"village_co":"102020108","globalid":"{012CE0D0-FA7A-4B9A-A694-3289D15259DC}","st_area_sh":115.922326075,"st_length_":52.6054668285}},
{"type":"Feature","geometry":{"type":"Polygon","coordinates":[[[30.04348,-1.90699],[30.04344,-1.9069],[30.0433,-1.907],[30.04334,-1.90704],[30.04333,-1.90705],[30.04339,-1.90714],[30.04348,-1.90707],[30.04348,-1.90699]]]},"properties":{"objectid":40635334,"parcel_num":2785,"village":"Nyagasozi","province":"Kigali City","district":"Gasabo","sector":"Gatsata","cell":"Karuruma","cell_code":"1020201","upi":"1/02/02/01/2785","change_id":"BC","start_date":"2025-04-17T00:00:00.000Z","end_date":"1899-11-30T00:00:00.000Z","status":"Actual","transactio":"","accuracy":"C","area_in_we":0,"x":504828.68112255,"y":4789153.20976462,"village_co":"102020108","globalid":"{7D056BA9-5B76-490B-B850-F543485F9BC1}","st_area_sh":322.050606405,"st_length_":73.9770704308}},
{"type":"Feature","geometry":{"type":"Polygon","coordinates":[[[30.04333,-1.90705],[30.04322,-1.90711],[30.04333,-1.90721],[30.04339,-1.90714],[30.04333,-1.90705]]]},"properties":{"objectid":40635335,"parcel_num":2786,"village":"Nyagasozi","province":"Kigali City","district":"Gasabo","sector":"Gatsata","cell":"Karuruma","cell_code":"1020201","upi":"1/02/02/01/2786","change_id":"DP","start_date":"2023-08-17T00:00:00.000Z","end_date":"1899-11-30T00:00:00.000Z","status":"Actual","transactio":"","accuracy":"C","area_in_we":0,"x":504825.37815897,"y":4789149.19907375,"village_co":"102020108","globalid":"{153D2F42-544B-4F06-8B81-C6D562347FA6}","st_area_sh":154.81930743,"st_length_":51.1046416449}},
{"type":"Feature","geometry":{"type":"Polygon","coordinates":[[[30.0398,-1.90858],[30.03976,-1.90848],[30.03964,-1.90854],[30.0396,-1.90858],[30.03964,-1.9086],[30.03954,-1.90878],[30.03959,-1.90879],[30.03961,-1.90878],[30.03963,-1.90865],[30.03976,-1.90868],[30.0398,-1.90858]]]},"properties":{"objectid":40635336,"parcel_num":2788,"village":"Nyagasozi","province":"Kigali City","district":"Gasabo","sector":"Gatsata","cell":"Karuruma","cell_code":"1020201","upi":"1/02/02/01/2788","change_id":"DP","start_date":"2023-08-22T00:00:00.000Z","end_date":"1899-11-30T00:00:00.000Z","status":"Actual","transactio":"","accuracy":"C","area_in_we":0,"x":504390.54066106,"y":4788985.42917913,"village_co":"102020108","globalid":"{7D5800A4-67CD-49D0-86E6-7988ED01FED9}","st_area_sh":365.212691145,"st_length_":112.243925354}},
{"type":"Feature","geometry":{"type":"Polygon","coordinates":[[[30.03921,-1.90605],[30.03908,-1.90606],[30.0391,-1.90626],[30.03902,-1.90627],[30.03902,-1.90631],[30.0392,-1.90629],[30.03925,-1.90627],[30.03921,-1.90605]]]},"properties":{"objectid":40635338,"parcel_num":2790,"village":"Nyagasozi","province":"Kigali City","district":"Gasabo","sector":"Gatsata","cell":"Karuruma","cell_code":"1020201","upi":"1/02/02/01/2790","change_id":"DP","start_date":"2023-08-22T00:00:00.000Z","end_date":"1899-11-30T00:00:00.000Z","status":"Actual","transactio":"","accuracy":"C","area_in_we":0,"x":504356.14199795,"y":4789245.41682944,"village_co":"102020108","globalid":"{E3355841-8B94-42B1-A8B6-6D4C2CD02B18}","st_area_sh":483.000914195,"st_length_":104.091641161}},
{"type":"Feature","geometry":{"type":"Polygon","coordinates":[[[30.03902,-1.90627],[30.0391,-1.90626],[30.03908,-1.90606],[30.03895,-1.90609],[30.03896,-1.90628],[30.03902,-1.90627]]]},"properties":{"objectid":40635339,"parcel_num":2791,"village":"Nyagasozi","province":"Kigali City","district":"Gasabo","sector":"Gatsata","cell":"Karuruma","cell_code":"1020201","upi":"1/02/02/01/2791","change_id":"DP","start_date":"2023-08-22T00:00:00.000Z","end_date":"1899-11-30T00:00:00.000Z","status":"Actual","transactio":"","accuracy":"C","area_in_we":0,"x":504350.10393315,"y":4789245.85673432,"village_co":"102020108","globalid":"{3006FC74-5857-4040-AF5A-DD01C14ACF11}","st_area_sh":333.735238095,"st_length_":74.6475195369}},
{"type":"Feature","geometry":{"type":"Polygon","coordinates":[[[30.04581,-1.90714],[30.0457,-1.90711],[30.04566,-1.9072],[30.04577,-1.90726],[30.04581,-1.90714]]]},"properties":{"objectid":40635340,"parcel_num":2793,"village":"Nyagasozi","province":"Kigali City","district":"Gasabo","sector":"Gatsata","cell":"Karuruma","cell_code":"1020201","upi":"1/02/02/01/2793","change_id":"DP","start_date":"2023-09-08T00:00:00.000Z","end_date":"1899-11-30T00:00:00.000Z","status":"Actual","transactio":"","accuracy":"C","area_in_we":0,"x":505074.52554214,"y":4789129.12711912,"village_co":"102020108","globalid":"{478D2132-AC4A-4DC5-BD07-3FB2DB79C1EB}","st_area_sh":181.772340955,"st_length_":54.1865804712}},
{"type":"Feature","geometry":{"type":"Polygon","coordinates":[[[30.0456,-1.90729],[30.04548,-1.90721],[30.04543,-1.90731],[30.04542,-1.90734],[30.04562,-1.9075],[30.0457,-1.90737],[30.0456,-1.90729]]]},"properties":{"objectid":40635341,"parcel_num":2794,"village":"Nyagasozi","province":"Kigali City","district":"Gasabo","sector":"Gatsata","cell":"Karuruma","cell_code":"1020201","upi":"1/02/02/01/2794","change_id":"DP","start_date":"2023-09-08T00:00:00.000Z","end_date":"1899-11-30T00:00:00.000Z","status":"Actual","transactio":"","accuracy":"C","area_in_we":0,"x":505072.45960535,"y":4789128.23795993,"village_co":"102020108","globalid":"{B3216385-DC21-4301-B2A0-21619216ACF5}","st_area_sh":493.70150417,"st_length_":92.1380885655}},
{"type":"Feature","geometry":{"type":"Polygon","coordinates":[[[30.04456,-1.90441],[30.04455,-1.90431],[30.04427,-1.90417],[30.04429,-1.9043],[30.04431,-1.90442],[30.04456,-1.90441]]]},"properties":{"objectid":40635342,"parcel_num":2795,"village":"Nyagasozi","province":"Kigali City","district":"Gasabo","sector":"Gatsata","cell":"Karuruma","cell_code":"1020201","upi":"1/02/02/01/2795","change_id":"DP","start_date":"2023-09-08T00:00:00.000Z","end_date":"1899-11-30T00:00:00.000Z","status":"Actual","transactio":"","accuracy":"C","area_in_we":0,"x":504939.7325902,"y":4789451.31591149,"village_co":"102020108","globalid":"{57126785-1B07-41F7-A767-06F2005DDE4C}","st_area_sh":556.626126205,"st_length_":101.863464218}},
{"type":"Feature","geometry":{"type":"Polygon","coordinates":[[[30.04435,-1.90473],[30.04434,-1.90466],[30.04429,-1.90466],[30.04432,-1.90491],[30.04436,-1.9049],[30.04435,-1.90473]]]},"properties":{"objectid":40635343,"parcel_num":2796,"village":"Nyagasozi","province":"Kigali City","district":"Gasabo","sector":"Gatsata","cell":"Karuruma","cell_code":"1020201","upi":"1/02/02/01/2796","change_id":"BC","start_date":"2023-12-15T00:00:00.000Z","end_date":"1899-11-30T00:00:00.000Z","status":"Actual","transactio":"","accuracy":"C","area_in_we":0,"x":504931.58256433,"y":4789400.71062892,"village_co":"102020108","globalid":"{EFFB7FE4-4F59-422B-91FF-0C717263E747}","st_area_sh":142.452117435,"st_length_":65.24200903}},
{"type":"Feature","geometry":{"type":"Polygon","coordinates":[[[30.04433,-1.90457],[30.04431,-1.90446],[30.04409,-1.90447],[30.04414,-1.90467],[30.04429,-1.90466],[30.04434,-1.90466],[30.04433,-1.90457]]]},"properties":{"objectid":40635344,"parcel_num":2797,"village":"Nyagasozi","province":"Kigali City","district":"Gasabo","sector":"Gatsata","cell":"Karuruma","cell_code":"1020201","upi":"1/02/02/01/2797","change_id":"BC","start_date":"2023-12-15T00:00:00.000Z","end_date":"1899-11-30T00:00:00.000Z","status":"Actual","transactio":"","accuracy":"C","area_in_we":0,"x":504918.8748675,"y":4789424.47311096,"village_co":"102020108","globalid":"{B3C81AF8-69AF-42D5-9ED7-E3459F6F7C31}","st_area_sh":545.907093335,"st_length_":93.9165551927}},
{"type":"Feature","geometry":{"type":"Polygon","coordinates":[[[30.04461,-1.90472],[30.04435,-1.90473],[30.04436,-1.9049],[30.04448,-1.9049],[30.0446,-1.90485],[30.04461,-1.90472]]]},"properties":{"objectid":40635345,"parcel_num":2798,"village":"Nyagasozi","province":"Kigali City","district":"Gasabo","sector":"Gatsata","cell":"Karuruma","cell_code":"1020201","upi":"1/02/02/01/2798","change_id":"DP","start_date":"2023-09-08T00:00:00.000Z","end_date":"1899-11-30T00:00:00.000Z","status":"Actual","transactio":"","accuracy":"C","area_in_we":0,"x":504934.36405978,"y":4789434.79089596,"village_co":"102020108","globalid":"{CA61BD21-9FED-4478-AB42-C0958EA22674}","st_area_sh":483.666065045,"st_length_":89.2286178536}},
{"type":"Feature","geometry":{"type":"Polygon","coordinates":[[[30.04459,-1.90457],[30.04433,-1.90457],[30.04434,-1.90466],[30.04435,-1.90473],[30.04461,-1.90472],[30.04459,-1.90457]]]},"properties":{"objectid":40635346,"parcel_num":2799,"village":"Nyagasozi","province":"Kigali City","district":"Gasabo","sector":"Gatsata","cell":"Karuruma","cell_code":"1020201","upi":"1/02/02/01/2799","change_id":"DP","start_date":"2023-09-08T00:00:00.000Z","end_date":"1899-11-30T00:00:00.000Z","status":"Actual","transactio":"","accuracy":"C","area_in_we":0,"x":504931.81722289,"y":4789441.86943601,"village_co":"102020108","globalid":"{53C2CC59-825E-4E5C-8DA6-55FC8F4B5967}","st_area_sh":496.931902955,"st_length_":92.0137138468}},
{"type":"Feature","geometry":{"type":"Polygon","coordinates":[[[30.04427,-1.90417],[30.04404,-1.90407],[30.04406,-1.9043],[30.04429,-1.9043],[30.04427,-1.90417]]]},"properties":{"objectid":40635349,"parcel_num":2800,"village":"Nyagasozi","province":"Kigali City","district":"Gasabo","sector":"Gatsata","cell":"Karuruma","cell_code":"1020201","upi":"1/02/02/01/2800","change_id":"DP","start_date":"2023-09-08T00:00:00.000Z","end_date":"1899-11-30T00:00:00.000Z","status":"Actual","transactio":"","accuracy":"C","area_in_we":0,"x":504928.1078733,"y":4789448.39580476,"village_co":"102020108","globalid":"{86AC797C-CA4D-4EB1-9339-21D006B8367B}","st_area_sh":515.72036114,"st_length_":93.9414894786}},
{"type":"Feature","geometry":{"type":"Polygon","coordinates":[[[30.04431,-1.90442],[30.04429,-1.9043],[30.04406,-1.9043],[30.04409,-1.90447],[30.04431,-1.90446],[30.04431,-1.90442]]]},"properties":{"objectid":40635350,"parcel_num":2801,"village":"Nyagasozi","province":"Kigali City","district":"Gasabo","sector":"Gatsata","cell":"Karuruma","cell_code":"1020201","upi":"1/02/02/01/2801","change_id":"DP","start_date":"2023-09-08T00:00:00.000Z","end_date":"1899-11-30T00:00:00.000Z","status":"Actual","transactio":"","accuracy":"C","area_in_we":0,"x":504933.85595328,"y":4789443.08209208,"village_co":"102020108","globalid":"{8448D225-B845-40F3-A497-F833B3FC8CC3}","st_area_sh":468.795755995,"st_length_":87.8369551712}},
{"type":"Feature","geometry":{"type":"Polygon","coordinates":[[[30.04459,-1.90457],[30.04456,-1.90441],[30.04431,-1.90442],[30.04431,-1.90446],[30.04433,-1.90457],[30.04459,-1.90457]]]},"properties":{"objectid":40635351,"parcel_num":2802,"village":"Nyagasozi","province":"Kigali City","district":"Gasabo","sector":"Gatsata","cell":"Karuruma","cell_code":"1020201","upi":"1/02/02/01/2802","change_id":"DP","start_date":"2023-09-08T00:00:00.000Z","end_date":"1899-11-30T00:00:00.000Z","status":"Actual","transactio":"","accuracy":"C","area_in_we":0,"x":504941.9875785,"y":4789442.46091832,"village_co":"102020108","globalid":"{10E75415-11E0-4180-912F-04CE233A75D9}","st_area_sh":497.97070509,"st_length_":92.3829544726}},
{"type":"Feature","geometry":{"type":"Polygon","coordinates":[[[30.04299,-1.90733],[30.04281,-1.90732],[30.0428,-1.90735],[30.04277,-1.90746],[30.04299,-1.90746],[30.04299,-1.90733]]]},"properties":{"objectid":40635352,"parcel_num":2803,"village":"Nyagasozi","province":"Kigali City","district":"Gasabo","sector":"Gatsata","cell":"Karuruma","cell_code":"1020201","upi":"1/02/02/01/2803","change_id":"BC","start_date":"2025-07-14T00:00:00.000Z","end_date":"1899-11-30T00:00:00.000Z","status":"Actual","transactio":"","accuracy":"C","area_in_we":0,"x":504770.88377531,"y":4789111.47452038,"village_co":"102020108","globalid":"{4DCD28C5-3BA4-4B38-B58D-13A9D58237A0}","st_area_sh":358.546997885,"st_length_":76.6024679233}},
{"type":"Feature","geometry":{"type":"Polygon","coordinates":[[[30.04316,-1.90719],[30.0431,-1.90713],[30.04308,-1.90716],[30.04303,-1.90733],[30.04309,-1.90734],[30.04324,-1.90736],[30.04328,-1.90731],[30.0432,-1.90723],[30.04316,-1.90719]]]},"properties":{"objectid":40635353,"parcel_num":2804,"village":"Nyagasozi","province":"Kigali City","district":"Gasabo","sector":"Gatsata","cell":"Karuruma","cell_code":"1020201","upi":"1/02/02/01/2804","change_id":"DP","start_date":"2023-09-28T00:00:00.000Z","end_date":"1899-11-30T00:00:00.000Z","status":"Actual","transactio":"","accuracy":"C","area_in_we":0,"x":504786.98000532,"y":4789125.6224,"village_co":"102020108","globalid":"{38C2E5CB-48F7-4262-87B6-9AD44F0C25E8}","st_area_sh":384.413761895,"st_length_":82.1490464615}},
{"type":"Feature","geometry":{"type":"Polygon","coordinates":[[[30.03701,-1.90857],[30.03698,-1.90855],[30.03689,-1.90855],[30.03689,-1.90861],[30.03687,-1.90877],[30.03699,-1.90875],[30.03701,-1.90857]]]},"properties":{"objectid":40635354,"parcel_num":2806,"village":"Nyagasozi","province":"Kigali City","district":"Gasabo","sector":"Gatsata","cell":"Karuruma","cell_code":"1020201","upi":"1/02/02/01/2806","change_id":"DP","start_date":"2023-09-28T00:00:00.000Z","end_date":"1899-11-30T00:00:00.000Z","status":"Actual","transactio":"","accuracy":"C","area_in_we":0,"x":504109.57656548,"y":4788971.96259364,"village_co":"102020108","globalid":"{95CBF7A9-C167-483A-90CF-80D2D5D6EA61}","st_area_sh":291.40634944,"st_length_":73.0337249588}},
{"type":"Feature","geometry":{"type":"Polygon","coordinates":[[[30.03723,-1.90861],[30.03715,-1.90857],[30.03712,-1.9086],[30.03716,-1.90863],[30.03714,-1.90874],[30.03717,-1.90865],[30.03727,-1.90867],[30.03736,-1.90868],[30.03741,-1.90865],[30.03741,-1.90864],[30.03723,-1.90861]]]},"properties":{"objectid":40635355,"parcel_num":2807,"village":"Nyagasozi","province":"Kigali City","district":"Gasabo","sector":"Gatsata","cell":"Karuruma","cell_code":"1020201","upi":"1/02/02/01/2807","change_id":"DP","start_date":"2023-09-28T00:00:00.000Z","end_date":"1899-11-30T00:00:00.000Z","status":"Actual","transactio":"","accuracy":"C","area_in_we":0,"x":504117.5679645,"y":4788969.2114071,"village_co":"102020108","globalid":"{05F2F07A-021A-4EB9-A713-44D233EB13AF}","st_area_sh":231.901765705,"st_length_":96.5478735681}},
{"type":"Feature","geometry":{"type":"Polygon","coordinates":[[[30.03702,-1.90858],[30.03701,-1.90857],[30.03699,-1.90875],[30.03701,-1.90879],[30.03701,-1.90873],[30.03714,-1.90874],[30.03716,-1.90863],[30.03712,-1.9086],[30.03702,-1.90858]]]},"properties":{"objectid":40635356,"parcel_num":2808,"village":"Nyagasozi","province":"Kigali City","district":"Gasabo","sector":"Gatsata","cell":"Karuruma","cell_code":"1020201","upi":"1/02/02/01/2808","change_id":"DP","start_date":"2023-09-28T00:00:00.000Z","end_date":"1899-11-30T00:00:00.000Z","status":"Actual","transactio":"","accuracy":"C","area_in_we":0,"x":504112.69998197,"y":4788968.35846376,"village_co":"102020108","globalid":"{D3790690-9FAA-4E51-B37E-BF61CAD987DB}","st_area_sh":260.015725095,"st_length_":77.4950911955}},
{"type":"Feature","geometry":{"type":"Polygon","coordinates":[[[30.03712,-1.90903],[30.03704,-1.90895],[30.03695,-1.90895],[30.03695,-1.90896],[30.03702,-1.90906],[30.03712,-1.90903]]]},"properties":{"objectid":40635357,"parcel_num":2809,"village":"Nyagasozi","province":"Kigali City","district":"Gasabo","sector":"Gatsata","cell":"Karuruma","cell_code":"1020201","upi":"1/02/02/01/2809","change_id":"DP","start_date":"2023-09-28T00:00:00.000Z","end_date":"1899-11-30T00:00:00.000Z","status":"Actual","transactio":"","accuracy":"C","area_in_we":0,"x":504109.83280205,"y":4788967.69388462,"village_co":"102020108","globalid":"{AF9DC052-ACDF-4099-9788-BB6FFB8126C4}","st_area_sh":127.990603195,"st_length_":48.5389339331}},
{"type":"Feature","geometry":{"type":"Polygon","coordinates":[[[30.03701,-1.90879],[30.03699,-1.90875],[30.03687,-1.90877],[30.03695,-1.90895],[30.03704,-1.90895],[30.03702,-1.90891],[30.03701,-1.90879]]]},"properties":{"objectid":40635358,"parcel_num":2810,"village":"Nyagasozi","province":"Kigali City","district":"Gasabo","sector":"Gatsata","cell":"Karuruma","cell_code":"1020201","upi":"1/02/02/01/2810","change_id":"DP","start_date":"2023-09-28T00:00:00.000Z","end_date":"1899-11-30T00:00:00.000Z","status":"Actual","transactio":"","accuracy":"C","area_in_we":0,"x":504108.3936198,"y":4788972.78776513,"village_co":"102020108","globalid":"{AA53B4EC-41EC-4C04-B198-1CCDFD78EBA5}","st_area_sh":255.090604005,"st_length_":70.1186556152}},
{"type":"Feature","geometry":{"type":"Polygon","coordinates":[[[30.03701,-1.90844],[30.03684,-1.90838],[30.0368,-1.90852],[30.03689,-1.90855],[30.03698,-1.90855],[30.03701,-1.90844]]]},"properties":{"objectid":40635359,"parcel_num":2811,"village":"Nyagasozi","province":"Kigali City","district":"Gasabo","sector":"Gatsata","cell":"Karuruma","cell_code":"1020201","upi":"1/02/02/01/2811","change_id":"DP","start_date":"2023-09-28T00:00:00.000Z","end_date":"1899-11-30T00:00:00.000Z","status":"Actual","transactio":"","accuracy":"C","area_in_we":0,"x":504107.25695407,"y":4788981.93485655,"village_co":"102020108","globalid":"{4FCA342D-CFF9-43C9-8AEF-DB899E7C5E6B}","st_area_sh":288.853339305,"st_length_":69.323064713}},
{"type":"Feature","geometry":{"type":"Polygon","coordinates":[[[30.04035,-1.91287],[30.04031,-1.91281],[30.0403,-1.91281],[30.04035,-1.91287]]]},"properties":{"objectid":40635364,"parcel_num":2817,"village":"Tetero","province":"Kigali City","district":"Gasabo","sector":"Gatsata","cell":"Karuruma","cell_code":"1020201","upi":"1/02/02/01/2817","change_id":"DP","start_date":"2023-10-05T00:00:00.000Z","end_date":"1899-11-30T00:00:00.000Z","status":"Actual","transactio":"","accuracy":"C","area_in_we":0,"x":504420.29290224,"y":4788480.24906881,"village_co":"102020111","globalid":"{8899B763-8707-45F4-A75C-663C822D23F4}","st_area_sh":489.528702825,"st_length_":115.283204968}},
{"type":"Feature","geometry":{"type":"Polygon","coordinates":[[[30.04384,-1.90703],[30.04395,-1.90687],[30.0439,-1.90679],[30.04385,-1.90683],[30.04363,-1.90685],[30.04365,-1.90699],[30.04383,-1.90698],[30.04384,-1.90703]]]},"properties":{"objectid":40635382,"parcel_num":2834,"village":"Nyagasozi","province":"Kigali City","district":"Gasabo","sector":"Gatsata","cell":"Karuruma","cell_code":"1020201","upi":"1/02/02/01/2834","change_id":"DP","start_date":"2023-10-18T00:00:00.000Z","end_date":"1899-11-30T00:00:00.000Z","status":"Actual","transactio":"","accuracy":"C","area_in_we":0,"x":504870.912208,"y":4789165.56777836,"village_co":"102020108","globalid":"{81399738-FEC4-4F2D-8976-0ECDF6BE4308}","st_area_sh":501.45047118,"st_length_":103.74273179}},
{"type":"Feature","geometry":{"type":"Polygon","coordinates":[[[30.04363,-1.90685],[30.04358,-1.90686],[30.04359,-1.90682],[30.04344,-1.9069],[30.04348,-1.90699],[30.04365,-1.90699],[30.04363,-1.90685]]]},"properties":{"objectid":40635383,"parcel_num":2835,"village":"Nyagasozi","province":"Kigali City","district":"Gasabo","sector":"Gatsata","cell":"Karuruma","cell_code":"1020201","upi":"1/02/02/01/2835","change_id":"DP","start_date":"2023-10-18T00:00:00.000Z","end_date":"1899-11-30T00:00:00.000Z","status":"Actual","transactio":"","accuracy":"C","area_in_we":0,"x":504844.85279097,"y":4789164.03810689,"village_co":"102020108","globalid":"{41B25140-FB5C-44F7-BF94-5C95807F7F51}","st_area_sh":300.675570155,"st_length_":72.8033333247}},
{"type":"Feature","geometry":{"type":"Polygon","coordinates":[[[30.04026,-1.90973],[30.04024,-1.90973],[30.04025,-1.9098],[30.04008,-1.90983],[30.04007,-1.9099],[30.04007,-1.90995],[30.04027,-1.90994],[30.04026,-1.90973]]]},"properties":{"objectid":40635384,"parcel_num":2836,"village":"Nyagasozi","province":"Kigali City","district":"Gasabo","sector":"Gatsata","cell":"Karuruma","cell_code":"1020201","upi":"1/02/02/01/2836","change_id":"DP","start_date":"2023-11-06T00:00:00.000Z","end_date":"1899-11-30T00:00:00.000Z","status":"Actual","transactio":"","accuracy":"C","area_in_we":0,"x":504469.7083608,"y":4788837.37803267,"village_co":"102020108","globalid":"{948DEB88-16F0-49E8-9762-5FAD72654AF4}","st_area_sh":325.239923585,"st_length_":89.3517391884}},
{"type":"Feature","geometry":{"type":"Polygon","coordinates":[[[30.04024,-1.90973],[30.04009,-1.90967],[30.04005,-1.90982],[30.04008,-1.90983],[30.04025,-1.9098],[30.04024,-1.90973]]]},"properties":{"objectid":40635385,"parcel_num":2837,"village":"Nyagasozi","province":"Kigali City","district":"Gasabo","sector":"Gatsata","cell":"Karuruma","cell_code":"1020201","upi":"1/02/02/01/2837","change_id":"DP","start_date":"2023-11-06T00:00:00.000Z","end_date":"1899-11-30T00:00:00.000Z","status":"Actual","transactio":"","accuracy":"C","area_in_we":0,"x":504467.6419,"y":4788842.98359117,"village_co":"102020108","globalid":"{8B124BAD-9D70-4194-80F9-1DAC70F2397E}","st_area_sh":271.086771515,"st_length_":67.773501599}},
{"type":"Feature","geometry":{"type":"Polygon","coordinates":[[[30.03881,-1.90729],[30.03854,-1.90716],[30.03849,-1.90727],[30.03848,-1.90732],[30.03854,-1.90735],[30.03861,-1.90738],[30.03863,-1.90738],[30.03866,-1.90728],[30.03881,-1.9073],[30.03881,-1.90729]]]},"properties":{"objectid":40635386,"parcel_num":2838,"village":"Nyagasozi","province":"Kigali City","district":"Gasabo","sector":"Gatsata","cell":"Karuruma","cell_code":"1020201","upi":"1/02/02/01/2838","change_id":"DP","start_date":"2023-11-17T00:00:00.000Z","end_date":"1899-11-30T00:00:00.000Z","status":"Actual","transactio":"","accuracy":"C","area_in_we":0,"x":504293.68368447,"y":4789125.11411559,"village_co":"102020108","globalid":"{7D518CBF-8357-4DDD-B972-4D99E752BB87}","st_area_sh":371.66363608,"st_length_":105.079839564}},
{"type":"Feature","geometry":{"type":"Polygon","coordinates":[[[30.03873,-1.90711],[30.0387,-1.90718],[30.03856,-1.9071],[30.03854,-1.90716],[30.03881,-1.90729],[30.03884,-1.90715],[30.03873,-1.90711]]]},"properties":{"objectid":40635387,"parcel_num":2839,"village":"Nyagasozi","province":"Kigali City","district":"Gasabo","sector":"Gatsata","cell":"Karuruma","cell_code":"1020201","upi":"1/02/02/01/2839","change_id":"DP","start_date":"2024-08-24T00:00:00.000Z","end_date":"1899-11-30T00:00:00.000Z","status":"Actual","transactio":"","accuracy":"C","area_in_we":0,"x":504308.68377073,"y":4789133.54433069,"village_co":"102020108","globalid":"{D49E8E0E-478B-4FCE-8F4F-3FF75F69CEA2}","st_area_sh":309.53004844,"st_length_":101.43948801}},
{"type":"Feature","geometry":{"type":"Polygon","coordinates":[[[30.04004,-1.90798],[30.03988,-1.90807],[30.03999,-1.90826],[30.0401,-1.90819],[30.04018,-1.90813],[30.04004,-1.90798]]]},"properties":{"objectid":40635401,"parcel_num":2854,"village":"Nyagasozi","province":"Kigali City","district":"Gasabo","sector":"Gatsata","cell":"Karuruma","cell_code":"1020201","upi":"1/02/02/01/2854","change_id":"DP","start_date":"2024-12-27T00:00:00.000Z","end_date":"1899-11-30T00:00:00.000Z","status":"Actual","transactio":"","accuracy":"C","area_in_we":0,"x":504452.69082713,"y":4789032.17022065,"village_co":"102020108","globalid":"{DF8B8BA3-03C0-4C09-BBCE-CBEB3D75B649}","st_area_sh":531.073311635,"st_length_":94.1512322962}},
{"type":"Feature","geometry":{"type":"Polygon","coordinates":[[[30.04032,-1.90828],[30.04048,-1.90823],[30.04036,-1.9081],[30.04034,-1.90811],[30.04022,-1.90817],[30.04032,-1.90828]]]},"properties":{"objectid":40635402,"parcel_num":2855,"village":"Nyagasozi","province":"Kigali City","district":"Gasabo","sector":"Gatsata","cell":"Karuruma","cell_code":"1020201","upi":"1/02/02/01/2855","change_id":"BC","start_date":"2024-08-07T00:00:00.000Z","end_date":"1899-11-30T00:00:00.000Z","status":"Actual","transactio":"","accuracy":"C","area_in_we":0,"x":504488.43202088,"y":4789023.41945782,"village_co":"102020108","globalid":"{4290B713-28B3-402B-9EC9-FA1AEFAEEED0}","st_area_sh":308.53404342,"st_length_":73.6125846832}},
{"type":"Feature","geometry":null,"properties":{"objectid":40635403,"parcel_num":2856,"village":"Rugoro","province":"Kigali City","district":"Gasabo","sector":"Gatsata","cell":"Karuruma","cell_code":"1020201","upi":"1/02/02/01/2856","change_id":"DP","start_date":"2023-12-27T00:00:00.000Z","end_date":"1899-11-30T00:00:00.000Z","status":"Actual","transactio":"","accuracy":"C","area_in_we":0,"x":504729.07801679,"y":4788616.0703913,"village_co":"102020109","globalid":"{1F6CD776-BFA6-46AB-B702-69F54BB7B92E}","st_area_sh":3804.36764452,"st_length_":552.739493535}},
{"type":"Feature","geometry":{"type":"Polygon","coordinates":[[[30.03744,-1.90809],[30.03722,-1.90796],[30.03714,-1.90805],[30.03708,-1.90814],[30.03713,-1.90817],[30.03725,-1.90823],[30.03738,-1.90834],[30.03739,-1.9083],[30.03744,-1.90809]]]},"properties":{"objectid":40635406,"parcel_num":2859,"village":"Nyagasozi","province":"Kigali City","district":"Gasabo","sector":"Gatsata","cell":"Karuruma","cell_code":"1020201","upi":"1/02/02/01/2859","change_id":"DP","start_date":"2023-12-28T00:00:00.000Z","end_date":"1899-11-30T00:00:00.000Z","status":"Actual","transactio":"","accuracy":"C","area_in_we":0,"x":504147.42336084,"y":4789029.87091751,"village_co":"102020108","globalid":"{4E3ED2FE-6AAC-4C9A-B4FF-1A123D4D944B}","st_area_sh":838.297413795,"st_length_":123.067880715}},
{"type":"Feature","geometry":{"type":"Polygon","coordinates":[[[30.03761,-1.90821],[30.0375,-1.90813],[30.03743,-1.90833],[30.03761,-1.90839],[30.0376,-1.90835],[30.03761,-1.90821]]]},"properties":{"objectid":40635408,"parcel_num":2860,"village":"Nyagasozi","province":"Kigali City","district":"Gasabo","sector":"Gatsata","cell":"Karuruma","cell_code":"1020201","upi":"1/02/02/01/2860","change_id":"DP","start_date":"2023-12-28T00:00:00.000Z","end_date":"1899-11-30T00:00:00.000Z","status":"Actual","transactio":"","accuracy":"C","area_in_we":0,"x":504175.41736575,"y":4789014.77458606,"village_co":"102020108","globalid":"{2F917CDD-DB25-4428-9BC8-A33CB0E4B072}","st_area_sh":347.21502896,"st_length_":78.7454094855}},
{"type":"Feature","geometry":{"type":"Polygon","coordinates":[[[30.03761,-1.90839],[30.03743,-1.90833],[30.03742,-1.90842],[30.03762,-1.90842],[30.03761,-1.90839]]]},"properties":{"objectid":40635409,"parcel_num":2861,"village":"Nyagasozi","province":"Kigali City","district":"Gasabo","sector":"Gatsata","cell":"Karuruma","cell_code":"1020201","upi":"1/02/02/01/2861","change_id":"DP","start_date":"2023-12-28T00:00:00.000Z","end_date":"1899-11-30T00:00:00.000Z","status":"Actual","transactio":"","accuracy":"C","area_in_we":0,"x":504158.40968644,"y":4789022.32037714,"village_co":"102020108","globalid":"{BE7C0823-A34F-44A3-9AE1-2633621BA878}","st_area_sh":145.40190156,"st_length_":56.7170427847}},
{"type":"Feature","geometry":{"type":"Polygon","coordinates":[[[30.0398,-1.90729],[30.03959,-1.90728],[30.0396,-1.9075],[30.03978,-1.90749],[30.0398,-1.90734],[30.0398,-1.90729]]]},"properties":{"objectid":40635415,"parcel_num":2872,"village":"Nyagasozi","province":"Kigali City","district":"Gasabo","sector":"Gatsata","cell":"Karuruma","cell_code":"1020201","upi":"1/02/02/01/2872","change_id":"DP","start_date":"2024-02-09T00:00:00.000Z","end_date":"1899-11-30T00:00:00.000Z","status":"Actual","transactio":"","accuracy":"C","area_in_we":0,"x":504394.18828157,"y":4789115.28146635,"village_co":"102020108","globalid":"{5C6B4521-E42B-43E3-A8B5-F6E0D79A177C}","st_area_sh":479.84159413,"st_length_":89.7175681688}},
{"type":"Feature","geometry":{"type":"Polygon","coordinates":[[[30.03953,-1.90719],[30.03928,-1.90712],[30.03926,-1.90726],[30.03935,-1.9073],[30.03953,-1.90731],[30.03953,-1.90719]]]},"properties":{"objectid":40635416,"parcel_num":2873,"village":"Nyagasozi","province":"Kigali City","district":"Gasabo","sector":"Gatsata","cell":"Karuruma","cell_code":"1020201","upi":"1/02/02/01/2873","change_id":"DP","start_date":"2024-02-09T00:00:00.000Z","end_date":"1899-11-30T00:00:00.000Z","status":"Actual","transactio":"","accuracy":"C","area_in_we":0,"x":504384.89054609,"y":4789115.29185993,"village_co":"102020108","globalid":"{C92AFE8B-21EA-4D74-9802-3CC4374CE3F0}","st_area_sh":443.0068215,"st_length_":88.4802404593}},
{"type":"Feature","geometry":{"type":"Polygon","coordinates":[[[30.0457,-1.90711],[30.04574,-1.90702],[30.04559,-1.90697],[30.04548,-1.90721],[30.0456,-1.90729],[30.04561,-1.90727],[30.04566,-1.9072],[30.0457,-1.90711]]]},"properties":{"objectid":40635431,"parcel_num":2889,"village":"Nyagasozi","province":"Kigali City","district":"Gasabo","sector":"Gatsata","cell":"Karuruma","cell_code":"1020201","upi":"1/02/02/01/2889","change_id":"DP","start_date":"2024-02-24T00:00:00.000Z","end_date":"1899-11-30T00:00:00.000Z","status":"Actual","transactio":"","accuracy":"C","area_in_we":0,"x":505073.33213809,"y":4789141.20938507,"village_co":"102020108","globalid":"{68D8B8DD-B5BE-4E2C-BDED-0DCAAE695F3E}","st_area_sh":535.887519125,"st_length_":95.7426468397}},
{"type":"Feature","geometry":{"type":"Polygon","coordinates":[[[30.04577,-1.90726],[30.04566,-1.9072],[30.04561,-1.90727],[30.04571,-1.90735],[30.04577,-1.90726]]]},"properties":{"objectid":40635433,"parcel_num":2890,"village":"Nyagasozi","province":"Kigali City","district":"Gasabo","sector":"Gatsata","cell":"Karuruma","cell_code":"1020201","upi":"1/02/02/01/2890","change_id":"DP","start_date":"2024-02-24T00:00:00.000Z","end_date":"1899-11-30T00:00:00.000Z","status":"Actual","transactio":"","accuracy":"C","area_in_we":0,"x":505075.40004325,"y":4789137.58133593,"village_co":"102020108","globalid":"{E33A726B-E826-4563-B76D-01FE9049822B}","st_area_sh":153.56987382,"st_length_":50.2020960756}},
{"type":"Feature","geometry":{"type":"Polygon","coordinates":[[[30.04096,-1.90681],[30.04096,-1.90669],[30.04084,-1.90668],[30.0406,-1.90693],[30.04073,-1.90696],[30.04087,-1.90697],[30.04088,-1.90687],[30.04093,-1.90687],[30.04096,-1.90681]]]},"properties":{"objectid":40635439,"parcel_num":2896,"village":"Nyagasozi","province":"Kigali City","district":"Gasabo","sector":"Gatsata","cell":"Karuruma","cell_code":"1020201","upi":"1/02/02/01/2896","change_id":"DP","start_date":"2024-02-23T00:00:00.000Z","end_date":"1899-11-30T00:00:00.000Z","status":"Actual","transactio":"","accuracy":"C","area_in_we":0,"x":504540.10771417,"y":4789173.21991786,"village_co":"102020108","globalid":"{55D4E546-06F3-4940-8BFA-86210FB88001}","st_area_sh":771.804151355,"st_length_":122.008182934}},
{"type":"Feature","geometry":{"type":"Polygon","coordinates":[[[30.04093,-1.90687],[30.04088,-1.90687],[30.04087,-1.90697],[30.04093,-1.90687]]]},"properties":{"objectid":40635440,"parcel_num":2897,"village":"Nyagasozi","province":"Kigali City","district":"Gasabo","sector":"Gatsata","cell":"Karuruma","cell_code":"1020201","upi":"1/02/02/01/2897","change_id":"DP","start_date":"2024-02-23T00:00:00.000Z","end_date":"1899-11-30T00:00:00.000Z","status":"Actual","transactio":"","accuracy":"C","area_in_we":0,"x":504541.55125727,"y":4789174.2041,"village_co":"102020108","globalid":"{CDFE5F7A-F4C0-4511-8F18-6CE10EF3A06C}","st_area_sh":46.440351615,"st_length_":31.0822139359}},
{"type":"Feature","geometry":{"type":"Polygon","coordinates":[[[30.0435,-1.90521],[30.04354,-1.90498],[30.04344,-1.90499],[30.04344,-1.90506],[30.04336,-1.90506],[30.04333,-1.90505],[30.04332,-1.90518],[30.0435,-1.90521]]]},"properties":{"objectid":40635452,"parcel_num":2912,"village":"Nyagasozi","province":"Kigali City","district":"Gasabo","sector":"Gatsata","cell":"Karuruma","cell_code":"1020201","upi":"1/02/02/01/2912","change_id":"DP","start_date":"2024-03-22T00:00:00.000Z","end_date":"1899-11-30T00:00:00.000Z","status":"Actual","transactio":"","accuracy":"C","area_in_we":0,"x":504833.13986041,"y":4789364.4676309,"village_co":"102020108","globalid":"{E0C62ED9-4D31-4C52-B764-B45DA8C7EA1D}","st_area_sh":456.380747435,"st_length_":95.1276302839}},
{"type":"Feature","geometry":{"type":"Polygon","coordinates":[[[30.04354,-1.90498],[30.0435,-1.90467],[30.04341,-1.90469],[30.04344,-1.90488],[30.04344,-1.90499],[30.04354,-1.90498]]]},"properties":{"objectid":40635453,"parcel_num":2913,"village":"Nyagasozi","province":"Kigali City","district":"Gasabo","sector":"Gatsata","cell":"Karuruma","cell_code":"1020201","upi":"1/02/02/01/2913","change_id":"DP","start_date":"2024-03-22T00:00:00.000Z","end_date":"1899-11-30T00:00:00.000Z","status":"Actual","transactio":"","accuracy":"C","area_in_we":0,"x":504831.5269,"y":4789402.31957207,"village_co":"102020108","globalid":"{EC75F80A-AD29-47C1-8CCA-EFA49408C95C}","st_area_sh":379.45731663,"st_length_":89.3144886995}},
{"type":"Feature","geometry":{"type":"Polygon","coordinates":[[[30.03731,-1.90719],[30.03714,-1.90714],[30.03709,-1.90721],[30.03725,-1.90729],[30.03722,-1.90736],[30.03735,-1.90742],[30.03739,-1.90728],[30.0373,-1.90726],[30.03731,-1.90719]]]},"properties":{"objectid":40635454,"parcel_num":2920,"village":"Nyagasozi","province":"Kigali City","district":"Gasabo","sector":"Gatsata","cell":"Karuruma","cell_code":"1020201","upi":"1/02/02/01/2920","change_id":"DP","start_date":"2024-03-30T00:00:00.000Z","end_date":"1899-11-30T00:00:00.000Z","status":"Actual","transactio":"","accuracy":"C","area_in_we":0,"x":504144.57022957,"y":4789125.35807874,"village_co":"102020108","globalid":"{FB0E1923-584C-447D-AA49-32EAD63A413F}","st_area_sh":427.296818625,"st_length_":108.009447307}},
{"type":"Feature","geometry":{"type":"Polygon","coordinates":[[[30.03735,-1.90742],[30.03722,-1.90736],[30.03715,-1.90752],[30.03723,-1.90758],[30.03735,-1.90742]]]},"properties":{"objectid":40635455,"parcel_num":2921,"village":"Nyagasozi","province":"Kigali City","district":"Gasabo","sector":"Gatsata","cell":"Karuruma","cell_code":"1020201","upi":"1/02/02/01/2921","change_id":"DP","start_date":"2024-03-30T00:00:00.000Z","end_date":"1899-11-30T00:00:00.000Z","status":"Actual","transactio":"","accuracy":"C","area_in_we":0,"x":504142.8438,"y":4789106.16110873,"village_co":"102020108","globalid":"{68FADA00-6662-4421-99B0-25ACD0534B8B}","st_area_sh":325.510380445,"st_length_":70.833979032}},
{"type":"Feature","geometry":{"type":"Polygon","coordinates":[[[30.04268,-1.9064],[30.04243,-1.90624],[30.04238,-1.90631],[30.04231,-1.90649],[30.04239,-1.90657],[30.0424,-1.90658],[30.04255,-1.9065],[30.04257,-1.90649],[30.04244,-1.9064],[30.04246,-1.90636],[30.04243,-1.90631],[30.04262,-1.90645],[30.04266,-1.90643],[30.04268,-1.9064]]]},"properties":{"objectid":40635481,"parcel_num":2949,"village":"Nyagasozi","province":"Kigali City","district":"Gasabo","sector":"Gatsata","cell":"Karuruma","cell_code":"1020201","upi":"1/02/02/01/2949","change_id":"DP","start_date":"2024-05-22T00:00:00.000Z","end_date":"1899-11-30T00:00:00.000Z","status":"Actual","transactio":"","accuracy":"C","area_in_we":0,"x":504723.42233448,"y":4789219.26698726,"village_co":"102020108","globalid":"{6FD05B10-3A18-40F2-8741-B8903DE37C2D}","st_area_sh":680.91663445,"st_length_":169.588196057}},
{"type":"Feature","geometry":{"type":"Polygon","coordinates":[[[30.04262,-1.90645],[30.04243,-1.90631],[30.04246,-1.90636],[30.04244,-1.9064],[30.04257,-1.90649],[30.04262,-1.90645]]]},"properties":{"objectid":40635483,"parcel_num":2950,"village":"Nyagasozi","province":"Kigali City","district":"Gasabo","sector":"Gatsata","cell":"Karuruma","cell_code":"1020201","upi":"1/02/02/01/2950","change_id":"DP","start_date":"2024-05-22T00:00:00.000Z","end_date":"1899-11-30T00:00:00.000Z","status":"Actual","transactio":"","accuracy":"C","area_in_we":0,"x":504728.47422198,"y":4789220.24435,"village_co":"102020108","globalid":"{B55F8C09-D846-4BC1-8BF4-833F05B66AD0}","st_area_sh":168.779153175,"st_length_":67.1851212529}},
{"type":"Feature","geometry":{"type":"Polygon","coordinates":[[[30.03649,-1.90917],[30.03646,-1.90912],[30.03639,-1.90913],[30.03638,-1.90905],[30.03615,-1.90908],[30.03618,-1.90929],[30.03637,-1.90926],[30.03649,-1.90917]]]},"properties":{"objectid":40635495,"parcel_num":2961,"village":"Nyagasozi","province":"Kigali City","district":"Gasabo","sector":"Gatsata","cell":"Karuruma","cell_code":"1020201","upi":"1/02/02/01/2961","change_id":"BC","start_date":"2025-06-06T00:00:00.000Z","end_date":"1899-11-30T00:00:00.000Z","status":"Actual","transactio":"","accuracy":"C","area_in_we":0,"x":504038.47098046,"y":4788915.19490055,"village_co":"102020108","globalid":"{DB20276F-2EC6-4EA9-8113-65778D474F6C}","st_area_sh":677.827310995,"st_length_":111.883880173}},
{"type":"Feature","geometry":{"type":"Polygon","coordinates":[[[30.03612,-1.90935],[30.03609,-1.90908],[30.03606,-1.90908],[30.03606,-1.90919],[30.03591,-1.90919],[30.03592,-1.90945],[30.03595,-1.90944],[30.03611,-1.90936],[30.03612,-1.90935]]]},"properties":{"objectid":40635496,"parcel_num":2962,"village":"Nyagasozi","province":"Kigali City","district":"Gasabo","sector":"Gatsata","cell":"Karuruma","cell_code":"1020201","upi":"1/02/02/01/2962","change_id":"DP","start_date":"2024-05-22T00:00:00.000Z","end_date":"1899-11-30T00:00:00.000Z","status":"Actual","transactio":"","accuracy":"C","area_in_we":0,"x":504024.49505238,"y":4788906.27615,"village_co":"102020108","globalid":"{03E3A693-7A1C-44DA-BB9B-5EAE06627646}","st_area_sh":572.43278473,"st_length_":116.263840993}},
{"type":"Feature","geometry":{"type":"Polygon","coordinates":[[[30.03957,-1.90855],[30.03946,-1.9084],[30.03935,-1.90836],[30.03908,-1.90857],[30.03932,-1.90875],[30.03941,-1.90876],[30.03945,-1.90877],[30.03957,-1.90855]],[[30.03945,-1.90847],[30.03947,-1.9085],[30.0394,-1.90854],[30.03927,-1.90841],[30.0394,-1.90839],[30.03945,-1.90847]]]},"properties":{"objectid":40635497,"parcel_num":2963,"village":"Nyagasozi","province":"Kigali City","district":"Gasabo","sector":"Gatsata","cell":"Karuruma","cell_code":"1020201","upi":"1/02/02/01/2963","change_id":"DP","start_date":"2024-05-25T00:00:00.000Z","end_date":"1899-11-30T00:00:00.000Z","status":"Actual","transactio":"","accuracy":"C","area_in_we":0,"x":504376.94349571,"y":4788980.86704791,"village_co":"102020108","globalid":"{56DA2155-073A-4053-928C-8981206514A1}","st_area_sh":1217.51322541,"st_length_":208.451421679}},
{"type":"Feature","geometry":{"type":"Polygon","coordinates":[[[30.03945,-1.90847],[30.0394,-1.90839],[30.03927,-1.90841],[30.0394,-1.90854],[30.03947,-1.9085],[30.03945,-1.90847]]]},"properties":{"objectid":40635498,"parcel_num":2964,"village":"Nyagasozi","province":"Kigali City","district":"Gasabo","sector":"Gatsata","cell":"Karuruma","cell_code":"1020201","upi":"1/02/02/01/2964","change_id":"DP","start_date":"2024-05-25T00:00:00.000Z","end_date":"1899-11-30T00:00:00.000Z","status":"Actual","transactio":"","accuracy":"C","area_in_we":0,"x":504377.39458556,"y":4788982.82043238,"village_co":"102020108","globalid":"{DD9763DD-9B43-4FE7-BAC5-A2B13396FF38}","st_area_sh":195.835547135,"st_length_":60.2694913283}},
{"type":"Feature","geometry":{"type":"Polygon","coordinates":[[[30.03976,-1.90848],[30.03971,-1.90834],[30.03957,-1.90843],[30.03964,-1.90854],[30.03976,-1.90848]]]},"properties":{"objectid":40635504,"parcel_num":2971,"village":"Nyagasozi","province":"Kigali City","district":"Gasabo","sector":"Gatsata","cell":"Karuruma","cell_code":"1020201","upi":"1/02/02/01/2971","change_id":"DP","start_date":"2024-06-10T00:00:00.000Z","end_date":"1899-11-30T00:00:00.000Z","status":"Actual","transactio":"","accuracy":"C","area_in_we":0,"x":504413.30626167,"y":4788995.55507879,"village_co":"102020108","globalid":"{9A0555C2-B0D4-4A06-9B72-D395C3AE5466}","st_area_sh":271.877112055,"st_length_":64.8692851011}},
{"type":"Feature","geometry":{"type":"Polygon","coordinates":[[[30.03957,-1.90843],[30.03953,-1.90837],[30.03939,-1.90834],[30.03935,-1.90836],[30.03946,-1.9084],[30.03957,-1.90855],[30.0396,-1.90858],[30.03964,-1.90854],[30.03957,-1.90843]]]},"properties":{"objectid":40635505,"parcel_num":2972,"village":"Nyagasozi","province":"Kigali City","district":"Gasabo","sector":"Gatsata","cell":"Karuruma","cell_code":"1020201","upi":"1/02/02/01/2972","change_id":"DP","start_date":"2024-06-10T00:00:00.000Z","end_date":"1899-11-30T00:00:00.000Z","status":"Actual","transactio":"","accuracy":"C","area_in_we":0,"x":504385.85313074,"y":4788986.83816667,"village_co":"102020108","globalid":"{75A1EFB4-A183-44FB-8C5C-F6A8BC629523}","st_area_sh":226.53255434,"st_length_":87.6257393422}},
{"type":"Feature","geometry":{"type":"Polygon","coordinates":[[[30.03771,-1.90836],[30.0376,-1.90835],[30.03761,-1.90839],[30.03762,-1.90842],[30.03761,-1.90853],[30.03742,-1.90854],[30.03751,-1.90864],[30.03758,-1.90863],[30.03766,-1.90864],[30.03768,-1.90849],[30.03771,-1.9085],[30.03771,-1.90836]]]},"properties":{"objectid":40635506,"parcel_num":2974,"village":"Nyagasozi","province":"Kigali City","district":"Gasabo","sector":"Gatsata","cell":"Karuruma","cell_code":"1020201","upi":"1/02/02/01/2974","change_id":"DP","start_date":"2024-07-25T00:00:00.000Z","end_date":"1899-11-30T00:00:00.000Z","status":"Actual","transactio":"","accuracy":"C","area_in_we":0,"x":504183.42381136,"y":4788987.20384547,"village_co":"102020108","globalid":"{0FEEE3D8-CDB4-42A9-9083-3E9AFDB9D814}","st_area_sh":453.90252843,"st_length_":122.636611256}},
{"type":"Feature","geometry":{"type":"Polygon","coordinates":[[[30.03771,-1.9085],[30.03768,-1.90849],[30.03766,-1.90864],[30.03779,-1.90867],[30.03783,-1.90868],[30.03782,-1.90852],[30.03772,-1.90853],[30.03771,-1.9085]]]},"properties":{"objectid":40635507,"parcel_num":2975,"village":"Nyagasozi","province":"Kigali City","district":"Gasabo","sector":"Gatsata","cell":"Karuruma","cell_code":"1020201","upi":"1/02/02/01/2975","change_id":"DP","start_date":"2024-07-25T00:00:00.000Z","end_date":"1899-11-30T00:00:00.000Z","status":"Actual","transactio":"","accuracy":"C","area_in_we":0,"x":504185.52195,"y":4788981.45792086,"village_co":"102020108","globalid":"{F5D85B06-498C-48BF-8AEB-69EA48F4DB71}","st_area_sh":244.413278885,"st_length_":72.170688036}},
{"type":"Feature","geometry":{"type":"Polygon","coordinates":[[[30.03696,-1.90978],[30.03688,-1.90973],[30.0369,-1.90967],[30.03685,-1.90969],[30.03671,-1.90999],[30.03688,-1.90988],[30.03698,-1.90988],[30.03702,-1.90982],[30.037,-1.9098],[30.03696,-1.90978]]]},"properties":{"objectid":40635508,"parcel_num":2976,"village":"Nyagasozi","province":"Kigali City","district":"Gasabo","sector":"Gatsata","cell":"Karuruma","cell_code":"1020201","upi":"1/02/02/01/2976","change_id":"MP","start_date":"2024-07-09T00:00:00.000Z","end_date":"1899-11-30T00:00:00.000Z","status":"Actual","transactio":"","accuracy":"C","area_in_we":0,"x":504101.41168057,"y":4788842.06737292,"village_co":"102020108","globalid":"{BCAF3207-D080-4AE2-A6EE-A6AC656AC8B2}","st_area_sh":443.320625025,"st_length_":109.654147553}},
{"type":"Feature","geometry":{"type":"Polygon","coordinates":[[[30.04309,-1.90613],[30.04297,-1.90608],[30.04291,-1.90622],[30.04298,-1.9063],[30.04309,-1.90613]]]},"properties":{"objectid":40635509,"parcel_num":2977,"village":"Nyagasozi","province":"Kigali City","district":"Gasabo","sector":"Gatsata","cell":"Karuruma","cell_code":"1020201","upi":"1/02/02/01/2977","change_id":"DP","start_date":"2024-07-25T00:00:00.000Z","end_date":"1899-11-30T00:00:00.000Z","status":"Actual","transactio":"","accuracy":"C","area_in_we":0,"x":504782.6236475,"y":4789245.84339002,"village_co":"102020108","globalid":"{5755C2B9-8C65-4D2E-9F28-E7819A72996C}","st_area_sh":240.436395925,"st_length_":64.4462422029}},
{"type":"Feature","geometry":{"type":"Polygon","coordinates":[[[30.04297,-1.90608],[30.0429,-1.90604],[30.0428,-1.90619],[30.04291,-1.90622],[30.04297,-1.90608]]]},"properties":{"objectid":40635510,"parcel_num":2978,"village":"Nyagasozi","province":"Kigali City","district":"Gasabo","sector":"Gatsata","cell":"Karuruma","cell_code":"1020201","upi":"1/02/02/01/2978","change_id":"DP","start_date":"2024-07-25T00:00:00.000Z","end_date":"1899-11-30T00:00:00.000Z","status":"Actual","transactio":"","accuracy":"C","area_in_we":0,"x":504777.08483846,"y":4789247.28225,"village_co":"102020108","globalid":"{E6C84B6F-EFB4-4AEC-B295-510B60E7BE2C}","st_area_sh":194.99240461,"st_length_":58.5473448507}},
{"type":"Feature","geometry":{"type":"Polygon","coordinates":[[[30.04041,-1.90786],[30.04027,-1.90775],[30.04004,-1.90798],[30.04018,-1.90813],[30.04022,-1.90817],[30.04034,-1.90811],[30.04025,-1.908],[30.04043,-1.90789],[30.04041,-1.90786]]]},"properties":{"objectid":40635515,"parcel_num":2982,"village":"Nyagasozi","province":"Kigali City","district":"Gasabo","sector":"Gatsata","cell":"Karuruma","cell_code":"1020201","upi":"1/02/02/01/2982","change_id":"DP","start_date":"2024-07-30T00:00:00.000Z","end_date":"1899-11-30T00:00:00.000Z","status":"Actual","transactio":"","accuracy":"C","area_in_we":0,"x":504475.51536728,"y":4789049.27909929,"village_co":"102020108","globalid":"{6CCF07B1-54AF-405A-A04F-F630768C1DD7}","st_area_sh":938.262876375,"st_length_":142.300929922}},
{"type":"Feature","geometry":{"type":"Polygon","coordinates":[[[30.04052,-1.90799],[30.04043,-1.90789],[30.04025,-1.908],[30.04034,-1.90811],[30.04036,-1.9081],[30.0404,-1.90808],[30.04053,-1.908],[30.04052,-1.90799]]]},"properties":{"objectid":40635516,"parcel_num":2983,"village":"Nyagasozi","province":"Kigali City","district":"Gasabo","sector":"Gatsata","cell":"Karuruma","cell_code":"1020201","upi":"1/02/02/01/2983","change_id":"DP","start_date":"2024-07-30T00:00:00.000Z","end_date":"1899-11-30T00:00:00.000Z","status":"Actual","transactio":"","accuracy":"C","area_in_we":0,"x":504480.54126359,"y":4789047.9410173,"village_co":"102020108","globalid":"{C398EB22-76CF-4B51-8587-934DFB09B22F}","st_area_sh":374.473501415,"st_length_":79.1481897257}},
{"type":"Feature","geometry":{"type":"Polygon","coordinates":[[[30.03852,-1.90775],[30.03851,-1.90778],[30.03845,-1.90776],[30.03852,-1.90753],[30.03847,-1.90751],[30.03831,-1.90764],[30.03842,-1.90793],[30.03847,-1.90787],[30.03853,-1.9078],[30.03857,-1.90777],[30.03852,-1.90775]]]},"properties":{"objectid":40635517,"parcel_num":2984,"village":"Nyagasozi","province":"Kigali City","district":"Gasabo","sector":"Gatsata","cell":"Karuruma","cell_code":"1020201","upi":"1/02/02/01/2984","change_id":"DP","start_date":"2024-08-24T00:00:00.000Z","end_date":"1899-11-30T00:00:00.000Z","status":"Actual","transactio":"","accuracy":"C","area_in_we":0,"x":504275.40920233,"y":4789077.00107175,"village_co":"102020108","globalid":"{2E883A4C-CA54-4F70-8FA7-4D4691ED6B89}","st_area_sh":614.28937591,"st_length_":132.593660994}},
{"type":"Feature","geometry":{"type":"Polygon","coordinates":[[[30.0388,-1.90756],[30.03859,-1.90756],[30.03856,-1.90765],[30.03878,-1.9077],[30.03882,-1.90766],[30.03882,-1.90756],[30.0388,-1.90756]]]},"properties":{"objectid":40635518,"parcel_num":2985,"village":"Nyagasozi","province":"Kigali City","district":"Gasabo","sector":"Gatsata","cell":"Karuruma","cell_code":"1020201","upi":"1/02/02/01/2985","change_id":"DP","start_date":"2024-08-24T00:00:00.000Z","end_date":"1899-11-30T00:00:00.000Z","status":"Actual","transactio":"","accuracy":"C","area_in_we":0,"x":504305.84723378,"y":4789086.00896922,"village_co":"102020108","globalid":"{2C05606B-7523-47A7-8337-8075D6CCDE78}","st_area_sh":337.72290983,"st_length_":81.5854168046}},
{"type":"Feature","geometry":{"type":"Polygon","coordinates":[[[30.03878,-1.9077],[30.03856,-1.90765],[30.03852,-1.90775],[30.03857,-1.90777],[30.03866,-1.90782],[30.03876,-1.90772],[30.03878,-1.9077]]]},"properties":{"objectid":40635519,"parcel_num":2986,"village":"Nyagasozi","province":"Kigali City","district":"Gasabo","sector":"Gatsata","cell":"Karuruma","cell_code":"1020201","upi":"1/02/02/01/2986","change_id":"DP","start_date":"2024-08-24T00:00:00.000Z","end_date":"1899-11-30T00:00:00.000Z","status":"Actual","transactio":"","accuracy":"C","area_in_we":0,"x":504298.23764757,"y":4789074.55039591,"village_co":"102020108","globalid":"{8404DB31-37C8-4E1D-BB0A-1C7572AFEE45}","st_area_sh":306.90285606,"st_length_":76.2691527422}},
{"type":"Feature","geometry":{"type":"Polygon","coordinates":[[[30.03874,-1.90707],[30.03856,-1.90697],[30.03856,-1.9071],[30.0387,-1.90718],[30.03873,-1.90711],[30.03874,-1.90707]]]},"properties":{"objectid":40635520,"parcel_num":2987,"village":"Nyagasozi","province":"Kigali City","district":"Gasabo","sector":"Gatsata","cell":"Karuruma","cell_code":"1020201","upi":"1/02/02/01/2987","change_id":"DP","start_date":"2024-08-24T00:00:00.000Z","end_date":"1899-11-30T00:00:00.000Z","status":"Actual","transactio":"","accuracy":"C","area_in_we":0,"x":504298.36465247,"y":4789145.92142512,"village_co":"102020108","globalid":"{535E0E73-CE1B-40C8-BE26-64F25671D388}","st_area_sh":298.517824705,"st_length_":70.7370435312}},
{"type":"Feature","geometry":{"type":"Polygon","coordinates":[[[30.03902,-1.90699],[30.03891,-1.90698],[30.03886,-1.90715],[30.03894,-1.90717],[30.03902,-1.90717],[30.03902,-1.90699]]]},"properties":{"objectid":40635521,"parcel_num":2988,"village":"Nyagasozi","province":"Kigali City","district":"Gasabo","sector":"Gatsata","cell":"Karuruma","cell_code":"1020201","upi":"1/02/02/01/2988","change_id":"DP","start_date":"2024-08-24T00:00:00.000Z","end_date":"1899-11-30T00:00:00.000Z","status":"Actual","transactio":"","accuracy":"C","area_in_we":0,"x":504312.63803919,"y":4789150.57805158,"village_co":"102020108","globalid":"{1A8C8C7D-DA8B-418C-834A-FB0269F06CE7}","st_area_sh":320.626073055,"st_length_":73.9904618694}},
{"type":"Feature","geometry":{"type":"Polygon","coordinates":[[[30.03891,-1.90698],[30.03875,-1.90695],[30.03874,-1.90707],[30.03873,-1.90711],[30.03884,-1.90715],[30.03886,-1.90715],[30.03891,-1.90698]]]},"properties":{"objectid":40635522,"parcel_num":2989,"village":"Nyagasozi","province":"Kigali City","district":"Gasabo","sector":"Gatsata","cell":"Karuruma","cell_code":"1020201","upi":"1/02/02/01/2989","change_id":"DP","start_date":"2024-08-24T00:00:00.000Z","end_date":"1899-11-30T00:00:00.000Z","status":"Actual","transactio":"","accuracy":"C","area_in_we":0,"x":504305.2542715,"y":4789152.14062539,"village_co":"102020108","globalid":"{7CCD5280-9C6D-49E6-A471-FEE6894CFE30}","st_area_sh":297.64902398,"st_length_":72.1687221313}},
{"type":"Feature","geometry":{"type":"Polygon","coordinates":[[[30.03875,-1.90695],[30.03857,-1.90684],[30.03856,-1.90689],[30.03856,-1.90697],[30.03874,-1.90707],[30.03875,-1.90695]]]},"properties":{"objectid":40635524,"parcel_num":2990,"village":"Nyagasozi","province":"Kigali City","district":"Gasabo","sector":"Gatsata","cell":"Karuruma","cell_code":"1020201","upi":"1/02/02/01/2990","change_id":"DP","start_date":"2024-08-24T00:00:00.000Z","end_date":"1899-11-30T00:00:00.000Z","status":"Actual","transactio":"","accuracy":"C","area_in_we":0,"x":504298.9240819,"y":4789153.24230039,"village_co":"102020108","globalid":"{7314E183-F381-4420-9DB2-ECC70D1FDC4B}","st_area_sh":296.43344121,"st_length_":73.9739694146}},
{"type":"Feature","geometry":{"type":"Polygon","coordinates":[[[30.04244,-1.91082],[30.04242,-1.91095],[30.0424,-1.91112],[30.04244,-1.91082]]]},"properties":{"objectid":40635525,"parcel_num":2995,"village":"Rugoro","province":"Kigali City","district":"Gasabo","sector":"Gatsata","cell":"Karuruma","cell_code":"1020201","upi":"1/02/02/01/2995","change_id":"DP","start_date":"2024-09-10T00:00:00.000Z","end_date":"1899-11-30T00:00:00.000Z","status":"Actual","transactio":"","accuracy":"C","area_in_we":0,"x":504763.8910675,"y":4788721.51170403,"village_co":"102020109","globalid":"{23D9766B-0546-4C6A-BAA1-AD9EF70B2757}","st_area_sh":2742.93573354,"st_length_":369.675340497}},
{"type":"Feature","geometry":null,"properties":{"objectid":40635527,"parcel_num":2997,"village":"Rugoro","province":"Kigali City","district":"Gasabo","sector":"Gatsata","cell":"Karuruma","cell_code":"1020201","upi":"1/02/02/01/2997","change_id":"DP","start_date":"2024-09-10T00:00:00.000Z","end_date":"1899-11-30T00:00:00.000Z","status":"Actual","transactio":"","accuracy":"C","area_in_we":0,"x":504759.46055891,"y":4788720.74695,"village_co":"102020109","globalid":"{01E25871-538B-49BA-89A1-AD6C386FC452}","st_area_sh":269.36757972,"st_length_":66.3163281294}},
{"type":"Feature","geometry":{"type":"Polygon","coordinates":[[[30.04139,-1.90659],[30.04122,-1.90641],[30.04111,-1.90649],[30.04129,-1.90663],[30.04128,-1.90666],[30.04133,-1.90669],[30.04139,-1.90659]]]},"properties":{"objectid":40635528,"parcel_num":2998,"village":"Nyagasozi","province":"Kigali City","district":"Gasabo","sector":"Gatsata","cell":"Karuruma","cell_code":"1020201","upi":"1/02/02/01/2998","change_id":"DP","start_date":"2024-09-14T00:00:00.000Z","end_date":"1899-11-30T00:00:00.000Z","status":"Actual","transactio":"","accuracy":"C","area_in_we":0,"x":504590.41173203,"y":4789205.26229072,"village_co":"102020108","globalid":"{5A05384B-0C67-4E72-A532-68BB7305063A}","st_area_sh":359.13113426,"st_length_":90.7349007636}},
{"type":"Feature","geometry":{"type":"Polygon","coordinates":[[[30.04147,-1.90647],[30.04129,-1.90637],[30.04122,-1.90641],[30.04139,-1.90659],[30.04147,-1.90647]]]},"properties":{"objectid":40635529,"parcel_num":2999,"village":"Nyagasozi","province":"Kigali City","district":"Gasabo","sector":"Gatsata","cell":"Karuruma","cell_code":"1020201","upi":"1/02/02/01/2999","change_id":"DP","start_date":"2024-09-14T00:00:00.000Z","end_date":"1899-11-30T00:00:00.000Z","status":"Actual","transactio":"","accuracy":"C","area_in_we":0,"x":504594.45470367,"y":4789207.25995,"village_co":"102020108","globalid":"{E76DA524-6FFE-4C61-A00E-FB0C2C7BACC8}","st_area_sh":324.57051724,"st_length_":74.7711194328}},
{"type":"Feature","geometry":{"type":"Polygon","coordinates":[[[30.04214,-1.90869],[30.0421,-1.90854],[30.0419,-1.9086],[30.04193,-1.90874],[30.04214,-1.90869]]]},"properties":{"objectid":40635533,"parcel_num":3000,"village":"Nyagasozi","province":"Kigali City","district":"Gasabo","sector":"Gatsata","cell":"Karuruma","cell_code":"1020201","upi":"1/02/02/01/3000","change_id":"DP","start_date":"2024-10-01T00:00:00.000Z","end_date":"1899-11-30T00:00:00.000Z","status":"Actual","transactio":"","accuracy":"C","area_in_we":0,"x":504672.97955,"y":4788985.71089516,"village_co":"102020108","globalid":"{911079C4-BFCB-4C7D-8D3A-5E69D4158B12}","st_area_sh":373.470379875,"st_length_":79.7315798392}},
{"type":"Feature","geometry":{"type":"Polygon","coordinates":[[[30.0421,-1.90854],[30.04207,-1.90845],[30.04187,-1.90851],[30.0419,-1.9086],[30.0421,-1.90854]]]},"properties":{"objectid":40635534,"parcel_num":3001,"village":"Nyagasozi","province":"Kigali City","district":"Gasabo","sector":"Gatsata","cell":"Karuruma","cell_code":"1020201","upi":"1/02/02/01/3001","change_id":"DP","start_date":"2024-10-01T00:00:00.000Z","end_date":"1899-11-30T00:00:00.000Z","status":"Actual","transactio":"","accuracy":"C","area_in_we":0,"x":504671.82685159,"y":4788992.24186531,"village_co":"102020108","globalid":"{3B6C6FCF-69D3-4DE6-835E-0C595820E8B7}","st_area_sh":245.19386452,"st_length_":67.2254004672}},
{"type":"Feature","geometry":{"type":"Polygon","coordinates":[[[30.04207,-1.90845],[30.04201,-1.90836],[30.04184,-1.90843],[30.04184,-1.90844],[30.04187,-1.90851],[30.04207,-1.90845]]]},"properties":{"objectid":40635535,"parcel_num":3002,"village":"Nyagasozi","province":"Kigali City","district":"Gasabo","sector":"Gatsata","cell":"Karuruma","cell_code":"1020201","upi":"1/02/02/01/3002","change_id":"DP","start_date":"2024-10-01T00:00:00.000Z","end_date":"1899-11-30T00:00:00.000Z","status":"Actual","transactio":"","accuracy":"C","area_in_we":0,"x":504672.42551717,"y":4788994.80475731,"village_co":"102020108","globalid":"{A2AA2DB2-FE4B-462C-A574-5A56B4C9F481}","st_area_sh":247.938738865,"st_length_":66.4771094314}},
{"type":"Feature","geometry":{"type":"Polygon","coordinates":[[[30.04201,-1.90836],[30.04201,-1.90834],[30.04183,-1.90835],[30.04184,-1.90843],[30.04201,-1.90836]]]},"properties":{"objectid":40635536,"parcel_num":3003,"village":"Nyagasozi","province":"Kigali City","district":"Gasabo","sector":"Gatsata","cell":"Karuruma","cell_code":"1020201","upi":"1/02/02/01/3003","change_id":"DP","start_date":"2024-10-01T00:00:00.000Z","end_date":"1899-11-30T00:00:00.000Z","status":"Actual","transactio":"","accuracy":"C","area_in_we":0,"x":504676.51695441,"y":4788993.6108671,"village_co":"102020108","globalid":"{6E104E81-3A7A-4139-BB74-EF5463EAD727}","st_area_sh":108.04047496,"st_length_":50.726928643}},
{"type":"Feature","geometry":{"type":"Polygon","coordinates":[[[30.0435,-1.90795],[30.04347,-1.90772],[30.04342,-1.90772],[30.04342,-1.90773],[30.04339,-1.90785],[30.0435,-1.90795]]]},"properties":{"objectid":40635558,"parcel_num":3024,"village":"Rugoro","province":"Kigali City","district":"Gasabo","sector":"Gatsata","cell":"Karuruma","cell_code":"1020201","upi":"1/02/02/01/3024","change_id":"DP","start_date":"2024-11-04T00:00:00.000Z","end_date":"1899-11-30T00:00:00.000Z","status":"Actual","transactio":"","accuracy":"C","area_in_we":0,"x":504833.48588057,"y":4789063.66694362,"village_co":"102020109","globalid":"{486FC9AF-41DA-4FD3-974E-D70F9220D37D}","st_area_sh":179.533447255,"st_length_":62.502414742}},
{"type":"Feature","geometry":null,"properties":{"objectid":40635559,"parcel_num":3025,"village":"Rugoro","province":"Kigali City","district":"Gasabo","sector":"Gatsata","cell":"Karuruma","cell_code":"1020201","upi":"1/02/02/01/3025","change_id":"DP","start_date":"2024-11-04T00:00:00.000Z","end_date":"1899-11-30T00:00:00.000Z","status":"Actual","transactio":"","accuracy":"C","area_in_we":0,"x":504842.00808385,"y":4789064.18946021,"village_co":"102020109","globalid":"{783F904E-CE53-45F1-9938-723C56AEAF94}","st_area_sh":292.072724105,"st_length_":76.5030418793}},
{"type":"Feature","geometry":{"type":"Polygon","coordinates":[[[30.03941,-1.90761],[30.03928,-1.90761],[30.03926,-1.90766],[30.03915,-1.90787],[30.03923,-1.90794],[30.03938,-1.90777],[30.03934,-1.90773],[30.03942,-1.90762],[30.03941,-1.90761]]]},"properties":{"objectid":40635560,"parcel_num":3026,"village":"Nyagasozi","province":"Kigali City","district":"Gasabo","sector":"Gatsata","cell":"Karuruma","cell_code":"1020201","upi":"1/02/02/01/3026","change_id":"DP","start_date":"2024-11-06T00:00:00.000Z","end_date":"1899-11-30T00:00:00.000Z","status":"Actual","transactio":"","accuracy":"C","area_in_we":0,"x":504369.78980482,"y":4789071.06338395,"village_co":"102020108","globalid":"{09B23CC5-56A2-4CD1-959F-BF4F33ADD5A3}","st_area_sh":531.305270525,"st_length_":108.555152961}},
{"type":"Feature","geometry":{"type":"Polygon","coordinates":[[[30.03925,-1.90766],[30.03912,-1.90766],[30.03905,-1.90782],[30.03915,-1.90787],[30.03926,-1.90766],[30.03925,-1.90766]]]},"properties":{"objectid":40635561,"parcel_num":3027,"village":"Nyagasozi","province":"Kigali City","district":"Gasabo","sector":"Gatsata","cell":"Karuruma","cell_code":"1020201","upi":"1/02/02/01/3027","change_id":"DP","start_date":"2024-11-06T00:00:00.000Z","end_date":"1899-11-30T00:00:00.000Z","status":"Actual","transactio":"","accuracy":"C","area_in_we":0,"x":504367.95050916,"y":4789066.81262819,"village_co":"102020108","globalid":"{74C11D5E-CE50-4F77-8148-E0A9226804A3}","st_area_sh":328.203535925,"st_length_":76.9330984288}},
{"type":"Feature","geometry":{"type":"Polygon","coordinates":[[[30.03946,-1.90784],[30.03938,-1.90777],[30.03923,-1.90794],[30.03937,-1.90805],[30.03936,-1.90792],[30.03944,-1.90792],[30.03946,-1.90784]]]},"properties":{"objectid":40635562,"parcel_num":3028,"village":"Nyagasozi","province":"Kigali City","district":"Gasabo","sector":"Gatsata","cell":"Karuruma","cell_code":"1020201","upi":"1/02/02/01/3028","change_id":"DP","start_date":"2024-11-06T00:00:00.000Z","end_date":"1899-11-30T00:00:00.000Z","status":"Actual","transactio":"","accuracy":"C","area_in_we":0,"x":504372.91803671,"y":4789064.75013931,"village_co":"102020108","globalid":"{A7A8EBC4-F462-4238-AD59-2379626F36E1}","st_area_sh":352.42192848,"st_length_":88.9296721199}},
{"type":"Feature","geometry":{"type":"Polygon","coordinates":[[[30.04444,-1.90566],[30.04443,-1.90551],[30.0442,-1.90554],[30.0442,-1.90577],[30.04444,-1.90566]]]},"properties":{"objectid":40635569,"parcel_num":3046,"village":"Nyagasozi","province":"Kigali City","district":"Gasabo","sector":"Gatsata","cell":"Karuruma","cell_code":"1020201","upi":"1/02/02/01/3046","change_id":"DP","start_date":"2024-11-24T00:00:00.000Z","end_date":"1899-11-30T00:00:00.000Z","status":"Actual","transactio":"","accuracy":"C","area_in_we":0,"x":504929.39532779,"y":4789307.51897584,"village_co":"102020108","globalid":"{71F27932-4A19-4132-9FC3-D0C3E27B9C56}","st_area_sh":540.457521555,"st_length_":96.63125452}},
{"type":"Feature","geometry":{"type":"Polygon","coordinates":[[[30.04443,-1.90551],[30.04443,-1.90541],[30.0444,-1.90542],[30.0442,-1.90546],[30.0442,-1.90554],[30.04443,-1.90551]]]},"properties":{"objectid":40635570,"parcel_num":3047,"village":"Nyagasozi","province":"Kigali City","district":"Gasabo","sector":"Gatsata","cell":"Karuruma","cell_code":"1020201","upi":"1/02/02/01/3047","change_id":"DP","start_date":"2024-11-24T00:00:00.000Z","end_date":"1899-11-30T00:00:00.000Z","status":"Actual","transactio":"","accuracy":"C","area_in_we":0,"x":504930.3915,"y":4789312.26799528,"village_co":"102020108","globalid":"{5BB0359B-2426-45E1-A81C-B9063CAA6F7D}","st_area_sh":234.28490636,"st_length_":70.4054349714}},
{"type":"Feature","geometry":{"type":"Polygon","coordinates":[[[30.04022,-1.90817],[30.04018,-1.90813],[30.0401,-1.90819],[30.04021,-1.90833],[30.04032,-1.90828],[30.04022,-1.90817]]]},"properties":{"objectid":40635574,"parcel_num":3052,"village":"Nyagasozi","province":"Kigali City","district":"Gasabo","sector":"Gatsata","cell":"Karuruma","cell_code":"1020201","upi":"1/02/02/01/3052","change_id":"DP","start_date":"2024-12-27T00:00:00.000Z","end_date":"1899-11-30T00:00:00.000Z","status":"Actual","transactio":"","accuracy":"C","area_in_we":0,"x":504473.52009277,"y":4789018.33453394,"village_co":"102020108","globalid":"{2F853FED-0510-4D95-8B48-84B521A2EB7A}","st_area_sh":264.12207974,"st_length_":69.4255862316}},
{"type":"Feature","geometry":{"type":"Polygon","coordinates":[[[30.04021,-1.90833],[30.0401,-1.90819],[30.03999,-1.90826],[30.04,-1.90827],[30.04006,-1.90836],[30.04021,-1.90833]]]},"properties":{"objectid":40635575,"parcel_num":3053,"village":"Nyagasozi","province":"Kigali City","district":"Gasabo","sector":"Gatsata","cell":"Karuruma","cell_code":"1020201","upi":"1/02/02/01/3053","change_id":"DP","start_date":"2024-12-27T00:00:00.000Z","end_date":"1899-11-30T00:00:00.000Z","status":"Actual","transactio":"","accuracy":"C","area_in_we":0,"x":504467.0496018,"y":4789015.82703606,"village_co":"102020108","globalid":"{46386DEA-EA90-4144-B7B9-DC775F85710A}","st_area_sh":259.57465893,"st_length_":65.3059788684}},
{"type":"Feature","geometry":{"type":"Polygon","coordinates":[[[30.03611,-1.90996],[30.03608,-1.90983],[30.03606,-1.90984],[30.03607,-1.91],[30.03588,-1.90999],[30.03587,-1.91009],[30.03613,-1.91012],[30.03611,-1.90996]]]},"properties":{"objectid":40635576,"parcel_num":3058,"village":"Nyagasozi","province":"Kigali City","district":"Gasabo","sector":"Gatsata","cell":"Karuruma","cell_code":"1020201","upi":"1/02/02/01/3058","change_id":"DP","start_date":"2025-07-21T00:00:00.000Z","end_date":"1899-11-30T00:00:00.000Z","status":"Actual","transactio":"","accuracy":"C","area_in_we":0,"x":504006.48414776,"y":4788820.18852602,"village_co":"102020108","globalid":"{71ADA3CA-2F8B-42E0-8AE4-AF8B6CF28424}","st_area_sh":399.885295185,"st_length_":114.46280375}},
{"type":"Feature","geometry":{"type":"Polygon","coordinates":[[[30.03606,-1.90984],[30.03586,-1.90985],[30.03588,-1.90999],[30.03607,-1.91],[30.03606,-1.90984]]]},"properties":{"objectid":40635577,"parcel_num":3059,"village":"Nyagasozi","province":"Kigali City","district":"Gasabo","sector":"Gatsata","cell":"Karuruma","cell_code":"1020201","upi":"1/02/02/01/3059","change_id":"DP","start_date":"2025-07-21T00:00:00.000Z","end_date":"1899-11-30T00:00:00.000Z","status":"Actual","transactio":"","accuracy":"C","area_in_we":0,"x":504004.28061553,"y":4788825.80556061,"village_co":"102020108","globalid":"{A622A434-59C3-4B0C-AEA5-7BC169FA5FC0}","st_area_sh":347.26336291,"st_length_":77.0514382187}},
{"type":"Feature","geometry":{"type":"Polygon","coordinates":[[[30.04411,-1.90563],[30.04391,-1.90564],[30.0439,-1.90555],[30.04382,-1.90555],[30.04385,-1.90588],[30.04409,-1.90583],[30.04411,-1.90563]]]},"properties":{"objectid":40635581,"parcel_num":3062,"village":"Nyagasozi","province":"Kigali City","district":"Gasabo","sector":"Gatsata","cell":"Karuruma","cell_code":"1020201","upi":"1/02/02/01/3062","change_id":"DP","start_date":"2025-01-03T00:00:00.000Z","end_date":"1899-11-30T00:00:00.000Z","status":"Actual","transactio":"","accuracy":"C","area_in_we":0,"x":504889.8201063,"y":4789296.13626639,"village_co":"102020108","globalid":"{4CCE975E-8C41-425C-A8F2-A2106FC43509}","st_area_sh":773.064789065,"st_length_":125.85423357}},
{"type":"Feature","geometry":{"type":"Polygon","coordinates":[[[30.04411,-1.90563],[30.0441,-1.90554],[30.04392,-1.90555],[30.0439,-1.90555],[30.04391,-1.90564],[30.04411,-1.90563]]]},"properties":{"objectid":40635582,"parcel_num":3063,"village":"Nyagasozi","province":"Kigali City","district":"Gasabo","sector":"Gatsata","cell":"Karuruma","cell_code":"1020201","upi":"1/02/02/01/3063","change_id":"DP","start_date":"2025-01-03T00:00:00.000Z","end_date":"1899-11-30T00:00:00.000Z","status":"Actual","transactio":"","accuracy":"C","area_in_we":0,"x":504891.419,"y":4789299.02254231,"village_co":"102020108","globalid":"{C8B99D1B-33D1-4E58-80CA-6B0EAD43D4CD}","st_area_sh":225.92000991,"st_length_":65.7821599718}},
{"type":"Feature","geometry":{"type":"Polygon","coordinates":[[[30.04208,-1.90935],[30.0419,-1.90916],[30.04177,-1.90885],[30.04155,-1.90893],[30.04168,-1.90912],[30.04162,-1.90925],[30.04164,-1.9094],[30.04168,-1.90946],[30.04187,-1.90955],[30.04196,-1.90943],[30.04201,-1.90944],[30.04208,-1.90935]]]},"properties":{"objectid":40635583,"parcel_num":3064,"village":"Nyagasozi","province":"Kigali City","district":"Gasabo","sector":"Gatsata","cell":"Karuruma","cell_code":"1020201","upi":"1/02/02/01/3064","change_id":"DP","start_date":"2024-12-30T00:00:00.000Z","end_date":"1899-11-30T00:00:00.000Z","status":"Actual","transactio":"","accuracy":"C","area_in_we":0,"x":504648.77598722,"y":4788909.17706804,"village_co":"102020108","globalid":"{6D81C27E-178B-478C-8DC7-54AC11AE2ECB}","st_area_sh":2251.34387164,"st_length_":217.412798506}},
{"type":"Feature","geometry":{"type":"Polygon","coordinates":[[[30.04177,-1.90885],[30.04171,-1.90866],[30.04169,-1.90866],[30.0415,-1.90875],[30.04155,-1.90893],[30.04177,-1.90885]]]},"properties":{"objectid":40635584,"parcel_num":3065,"village":"Nyagasozi","province":"Kigali City","district":"Gasabo","sector":"Gatsata","cell":"Karuruma","cell_code":"1020201","upi":"1/02/02/01/3065","change_id":"DP","start_date":"2024-12-30T00:00:00.000Z","end_date":"1899-11-30T00:00:00.000Z","status":"Actual","transactio":"","accuracy":"C","area_in_we":0,"x":504645.40351044,"y":4788918.64810959,"village_co":"102020108","globalid":"{4100E9DB-3293-4F59-A8A0-412431EBA2B4}","st_area_sh":554.868724585,"st_length_":94.7477436481}},
{"type":"Feature","geometry":{"type":"Polygon","coordinates":[[[30.03747,-1.90709],[30.03735,-1.90707],[30.03731,-1.90719],[30.0373,-1.90726],[30.03739,-1.90728],[30.03757,-1.90733],[30.03758,-1.9073],[30.03744,-1.90727],[30.03747,-1.90709]]]},"properties":{"objectid":40635585,"parcel_num":3066,"village":"Nyagasozi","province":"Kigali City","district":"Gasabo","sector":"Gatsata","cell":"Karuruma","cell_code":"1020201","upi":"1/02/02/01/3066","change_id":"DP","start_date":"2025-01-03T00:00:00.000Z","end_date":"1899-11-30T00:00:00.000Z","status":"Actual","transactio":"","accuracy":"C","area_in_we":0,"x":504160.79958582,"y":4789133.28542783,"village_co":"102020108","globalid":"{7589B067-9217-4784-8E68-4B137B979790}","st_area_sh":391.598888915,"st_length_":107.041318604}},
{"type":"Feature","geometry":{"type":"Polygon","coordinates":[[[30.0376,-1.9071],[30.03747,-1.90709],[30.03744,-1.90727],[30.03758,-1.9073],[30.0376,-1.9071]]]},"properties":{"objectid":40635586,"parcel_num":3067,"village":"Nyagasozi","province":"Kigali City","district":"Gasabo","sector":"Gatsata","cell":"Karuruma","cell_code":"1020201","upi":"1/02/02/01/3067","change_id":"DP","start_date":"2025-01-03T00:00:00.000Z","end_date":"1899-11-30T00:00:00.000Z","status":"Actual","transactio":"","accuracy":"C","area_in_we":0,"x":504166.85362413,"y":4789133.66808478,"village_co":"102020108","globalid":"{FC2DCCD7-E89C-4E4B-A647-D94A73734DE6}","st_area_sh":329.02590093,"st_length_":73.4105868311}},
{"type":"Feature","geometry":{"type":"Polygon","coordinates":[[[30.04074,-1.90978],[30.04082,-1.90975],[30.04075,-1.90948],[30.04054,-1.90958],[30.04057,-1.90977],[30.04072,-1.90982],[30.04074,-1.90978]]]},"properties":{"objectid":40635587,"parcel_num":3068,"village":"Nyagasozi","province":"Kigali City","district":"Gasabo","sector":"Gatsata","cell":"Karuruma","cell_code":"1020201","upi":"1/02/02/01/3068","change_id":"DP","start_date":"2025-01-08T00:00:00.000Z","end_date":"1899-11-30T00:00:00.000Z","status":"Actual","transactio":"","accuracy":"C","area_in_we":0,"x":504525.67228353,"y":4788861.73230654,"village_co":"102020108","globalid":"{07706870-06F7-4F7C-8041-33EB813CDCEA}","st_area_sh":765.053538555,"st_length_":116.173514128}},
{"type":"Feature","geometry":{"type":"Polygon","coordinates":[[[30.04079,-1.90946],[30.04069,-1.90933],[30.04048,-1.90944],[30.04054,-1.90958],[30.04075,-1.90948],[30.04079,-1.90946]]]},"properties":{"objectid":40635588,"parcel_num":3069,"village":"Nyagasozi","province":"Kigali City","district":"Gasabo","sector":"Gatsata","cell":"Karuruma","cell_code":"1020201","upi":"1/02/02/01/3069","change_id":"DP","start_date":"2025-01-08T00:00:00.000Z","end_date":"1899-11-30T00:00:00.000Z","status":"Actual","transactio":"","accuracy":"C","area_in_we":0,"x":504541.56633361,"y":4788860.7149,"village_co":"102020108","globalid":"{EE1797CA-A1DC-4D98-ABBA-64C5B42256D2}","st_area_sh":510.304823485,"st_length_":93.377187698}},
{"type":"Feature","geometry":{"type":"Polygon","coordinates":[[[30.04111,-1.90969],[30.04102,-1.90954],[30.04089,-1.90961],[30.04081,-1.90959],[30.04086,-1.90975],[30.04101,-1.90972],[30.04107,-1.90996],[30.0412,-1.91],[30.04111,-1.90969]]]},"properties":{"objectid":40635590,"parcel_num":3070,"village":"Nyagasozi","province":"Kigali City","district":"Gasabo","sector":"Gatsata","cell":"Karuruma","cell_code":"1020201","upi":"1/02/02/01/3070","change_id":"DP","start_date":"2025-01-08T00:00:00.000Z","end_date":"1899-11-30T00:00:00.000Z","status":"Actual","transactio":"","accuracy":"C","area_in_we":0,"x":504546.20641191,"y":4788860.31025694,"village_co":"102020108","globalid":"{4AE260E9-C3A6-4F58-A148-7B0F48DD9CEE}","st_area_sh":847.028985625,"st_length_":160.79773361}},
{"type":"Feature","geometry":{"type":"Polygon","coordinates":[[[30.04102,-1.90954],[30.0409,-1.90939],[30.04079,-1.90946],[30.04075,-1.90948],[30.04082,-1.90975],[30.04074,-1.90978],[30.04086,-1.90975],[30.04081,-1.90959],[30.04089,-1.90961],[30.04102,-1.90954]]]},"properties":{"objectid":40635591,"parcel_num":3071,"village":"Nyagasozi","province":"Kigali City","district":"Gasabo","sector":"Gatsata","cell":"Karuruma","cell_code":"1020201","upi":"1/02/02/01/3071","change_id":"DP","start_date":"2025-01-08T00:00:00.000Z","end_date":"1899-11-30T00:00:00.000Z","status":"Actual","transactio":"","accuracy":"C","area_in_we":0,"x":504533.74517205,"y":4788866.24699033,"village_co":"102020108","globalid":"{40355699-84C8-484F-B9E9-26F9278C18D0}","st_area_sh":489.314397715,"st_length_":142.900088714}},
{"type":"Feature","geometry":null,"properties":{"objectid":40635599,"parcel_num":3081,"village":"Tetero","province":"Kigali City","district":"Gasabo","sector":"Gatsata","cell":"Karuruma","cell_code":"1020201","upi":"1/02/02/01/3081","change_id":"DP","start_date":"2025-04-29T00:00:00.000Z","end_date":"1899-11-30T00:00:00.000Z","status":"Actual","transactio":"","accuracy":"C","area_in_we":0,"x":504058.41957819,"y":4788401.45355031,"village_co":"102020111","globalid":"{6F9F053A-08F0-496F-9D6C-BEB79CD2E5AD}","st_area_sh":5263.93177138,"st_length_":533.4397175}},
{"type":"Feature","geometry":{"type":"Polygon","coordinates":[[[30.04347,-1.90624],[30.04336,-1.90606],[30.04326,-1.90622],[30.04339,-1.90632],[30.04347,-1.90624]]]},"properties":{"objectid":40635603,"parcel_num":3087,"village":"Nyagasozi","province":"Kigali City","district":"Gasabo","sector":"Gatsata","cell":"Karuruma","cell_code":"1020201","upi":"1/02/02/01/3087","change_id":"DP","start_date":"2025-01-25T00:00:00.000Z","end_date":"1899-11-30T00:00:00.000Z","status":"Actual","transactio":"","accuracy":"C","area_in_we":0,"x":504824.51813885,"y":4789243.64391184,"village_co":"102020108","globalid":"{B37F13CA-9874-4DB9-BBAA-BA216ACB7177}","st_area_sh":353.88497292,"st_length_":76.3006552822}},
{"type":"Feature","geometry":{"type":"Polygon","coordinates":[[[30.04339,-1.90632],[30.04326,-1.90622],[30.04318,-1.90633],[30.04329,-1.90643],[30.04339,-1.90632]]]},"properties":{"objectid":40635604,"parcel_num":3088,"village":"Nyagasozi","province":"Kigali City","district":"Gasabo","sector":"Gatsata","cell":"Karuruma","cell_code":"1020201","upi":"1/02/02/01/3088","change_id":"DP","start_date":"2025-01-25T00:00:00.000Z","end_date":"1899-11-30T00:00:00.000Z","status":"Actual","transactio":"","accuracy":"C","area_in_we":0,"x":504819.31395,"y":4789236.9298031,"village_co":"102020108","globalid":"{5FE7DCC5-186D-41F5-BC78-1FC948650376}","st_area_sh":290.28572205,"st_length_":68.244067031}},
{"type":"Feature","geometry":{"type":"Polygon","coordinates":[[[30.03822,-1.90726],[30.03819,-1.90707],[30.03808,-1.9071],[30.03807,-1.90723],[30.03792,-1.90724],[30.03791,-1.90745],[30.03822,-1.90726]]]},"properties":{"objectid":40635615,"parcel_num":3110,"village":"Nyagasozi","province":"Kigali City","district":"Gasabo","sector":"Gatsata","cell":"Karuruma","cell_code":"1020201","upi":"1/02/02/01/3110","change_id":"DP","start_date":"2025-02-11T00:00:00.000Z","end_date":"1899-11-30T00:00:00.000Z","status":"Actual","transactio":"","accuracy":"C","area_in_we":0,"x":504234.14389513,"y":4789127.45947539,"village_co":"102020108","globalid":"{14DD78BD-7BA2-485F-A8AF-9FC11C048D41}","st_area_sh":696.8666546,"st_length_":129.539283669}},
{"type":"Feature","geometry":{"type":"Polygon","coordinates":[[[30.03791,-1.90745],[30.03792,-1.90724],[30.03781,-1.90725],[30.03779,-1.90733],[30.03773,-1.90744],[30.03783,-1.9075],[30.03791,-1.90745]]]},"properties":{"objectid":40635616,"parcel_num":3111,"village":"Nyagasozi","province":"Kigali City","district":"Gasabo","sector":"Gatsata","cell":"Karuruma","cell_code":"1020201","upi":"1/02/02/01/3111","change_id":"DP","start_date":"2025-02-11T00:00:00.000Z","end_date":"1899-11-30T00:00:00.000Z","status":"Actual","transactio":"","accuracy":"C","area_in_we":0,"x":504225.87155776,"y":4789122.72924165,"village_co":"102020108","globalid":"{863336E7-1AD3-43B6-8255-F83DC00D999A}","st_area_sh":343.408929055,"st_length_":83.2268773171}},
{"type":"Feature","geometry":{"type":"Polygon","coordinates":[[[30.04279,-1.90809],[30.04269,-1.90806],[30.0427,-1.90796],[30.04261,-1.90795],[30.04261,-1.90796],[30.04255,-1.90812],[30.04266,-1.90815],[30.04269,-1.90821],[30.04291,-1.90828],[30.04295,-1.90824],[30.04296,-1.90816],[30.04279,-1.90813],[30.04279,-1.90809]]]},"properties":{"objectid":40635664,"parcel_num":3157,"village":"Nyagasozi","province":"Kigali City","district":"Gasabo","sector":"Gatsata","cell":"Karuruma","cell_code":"1020201","upi":"1/02/02/01/3157","change_id":"DP","start_date":"2025-02-25T00:00:00.000Z","end_date":"1899-11-30T00:00:00.000Z","status":"Actual","transactio":"","accuracy":"C","area_in_we":0,"x":504754.9705892,"y":4789029.7021484,"village_co":"102020108","globalid":"{AACE3CE8-BADC-49D8-AFB7-959D6815508D}","st_area_sh":714.802962965,"st_length_":138.597784046}},
{"type":"Feature","geometry":{"type":"Polygon","coordinates":[[[30.043,-1.90779],[30.04282,-1.90784],[30.04279,-1.90777],[30.0427,-1.90778],[30.04263,-1.90788],[30.04299,-1.90788],[30.043,-1.90779]]]},"properties":{"objectid":40635665,"parcel_num":3158,"village":"Nyagasozi","province":"Kigali City","district":"Gasabo","sector":"Gatsata","cell":"Karuruma","cell_code":"1020201","upi":"1/02/02/01/3158","change_id":"DP","start_date":"2025-02-25T00:00:00.000Z","end_date":"1899-11-30T00:00:00.000Z","status":"Actual","transactio":"","accuracy":"C","area_in_we":0,"x":504757.57752895,"y":4789043.20731625,"village_co":"102020108","globalid":"{75494BE2-16B3-46EE-82ED-E8AFFB36CDAC}","st_area_sh":393.415704745,"st_length_":103.0832063}},
{"type":"Feature","geometry":{"type":"Polygon","coordinates":[[[30.04298,-1.90791],[30.04299,-1.90788],[30.04263,-1.90788],[30.04261,-1.90795],[30.0427,-1.90796],[30.04269,-1.90806],[30.04279,-1.90809],[30.04282,-1.90793],[30.04298,-1.90791]]]},"properties":{"objectid":40635666,"parcel_num":3159,"village":"Nyagasozi","province":"Kigali City","district":"Gasabo","sector":"Gatsata","cell":"Karuruma","cell_code":"1020201","upi":"1/02/02/01/3159","change_id":"DP","start_date":"2025-02-25T00:00:00.000Z","end_date":"1899-11-30T00:00:00.000Z","status":"Actual","transactio":"","accuracy":"C","area_in_we":0,"x":504755.85615649,"y":4789036.55007823,"village_co":"102020108","globalid":"{387031F7-7ACC-40EC-BDF7-4A234D5400CB}","st_area_sh":392.600698485,"st_length_":120.874306008}},
{"type":"Feature","geometry":{"type":"Polygon","coordinates":[[[30.04405,-1.90467],[30.0439,-1.90468],[30.04388,-1.90452],[30.04371,-1.90453],[30.04372,-1.90461],[30.04374,-1.90474],[30.04379,-1.90474],[30.04379,-1.90481],[30.04383,-1.90481],[30.04384,-1.90475],[30.04406,-1.90477],[30.04405,-1.90467]]]},"properties":{"objectid":40635672,"parcel_num":3164,"village":"Nyagasozi","province":"Kigali City","district":"Gasabo","sector":"Gatsata","cell":"Karuruma","cell_code":"1020201","upi":"1/02/02/01/3164","change_id":"DP","start_date":"2025-02-19T00:00:00.000Z","end_date":"1899-11-30T00:00:00.000Z","status":"Actual","transactio":"","accuracy":"C","area_in_we":0,"x":504878.54369658,"y":4789413.56653354,"village_co":"102020108","globalid":"{7D042212-DEF6-4752-9F23-E1E24201AC53}","st_area_sh":677.346947955,"st_length_":139.123354051}},
{"type":"Feature","geometry":{"type":"Polygon","coordinates":[[[30.04404,-1.90452],[30.04391,-1.90452],[30.04388,-1.90452],[30.0439,-1.90468],[30.04405,-1.90467],[30.04404,-1.90452]]]},"properties":{"objectid":40635673,"parcel_num":3165,"village":"Nyagasozi","province":"Kigali City","district":"Gasabo","sector":"Gatsata","cell":"Karuruma","cell_code":"1020201","upi":"1/02/02/01/3165","change_id":"DP","start_date":"2025-02-19T00:00:00.000Z","end_date":"1899-11-30T00:00:00.000Z","status":"Actual","transactio":"","accuracy":"C","area_in_we":0,"x":504882.46752139,"y":4789415.83457135,"village_co":"102020108","globalid":"{ACB3761C-04E3-42B1-AD86-5AE2FFC08FCD}","st_area_sh":301.71823267,"st_length_":72.1109116205}},
{"type":"Feature","geometry":{"type":"Polygon","coordinates":[[[30.03783,-1.90966],[30.03773,-1.90946],[30.03762,-1.90949],[30.03756,-1.90951],[30.03753,-1.90954],[30.03775,-1.90971],[30.03783,-1.90966]]]},"properties":{"objectid":40635681,"parcel_num":3172,"village":"Nyagasozi","province":"Kigali City","district":"Gasabo","sector":"Gatsata","cell":"Karuruma","cell_code":"1020201","upi":"1/02/02/01/3172","change_id":"DP","start_date":"2025-03-23T00:00:00.000Z","end_date":"1899-11-30T00:00:00.000Z","status":"Actual","transactio":"","accuracy":"C","area_in_we":0,"x":504193.73585747,"y":4788870.05594817,"village_co":"102020108","globalid":"{06C002A4-A677-4510-B197-C3EEDAE75A47}","st_area_sh":434.006928895,"st_length_":91.854097101}},
{"type":"Feature","geometry":{"type":"Polygon","coordinates":[[[30.03803,-1.90942],[30.03796,-1.90938],[30.03796,-1.90939],[30.03795,-1.90939],[30.03786,-1.90942],[30.03796,-1.90964],[30.03811,-1.90962],[30.03803,-1.90942]]]},"properties":{"objectid":40635682,"parcel_num":3173,"village":"Nyagasozi","province":"Kigali City","district":"Gasabo","sector":"Gatsata","cell":"Karuruma","cell_code":"1020201","upi":"1/02/02/01/3173","change_id":"DP","start_date":"2025-03-23T00:00:00.000Z","end_date":"1899-11-30T00:00:00.000Z","status":"Actual","transactio":"","accuracy":"C","area_in_we":0,"x":504209.86441812,"y":4788873.48113528,"village_co":"102020108","globalid":"{2AB1FFA5-0740-48B2-AF8B-AE79A96790D2}","st_area_sh":441.505649225,"st_length_":90.1304496133}},
{"type":"Feature","geometry":{"type":"Polygon","coordinates":[[[30.03811,-1.90962],[30.03796,-1.90964],[30.03786,-1.90942],[30.03778,-1.90945],[30.03773,-1.90946],[30.03783,-1.90966],[30.03811,-1.90962]]]},"properties":{"objectid":40635683,"parcel_num":3174,"village":"Nyagasozi","province":"Kigali City","district":"Gasabo","sector":"Gatsata","cell":"Karuruma","cell_code":"1020201","upi":"1/02/02/01/3174","change_id":"DP","start_date":"2025-03-23T00:00:00.000Z","end_date":"1899-11-30T00:00:00.000Z","status":"Actual","transactio":"","accuracy":"C","area_in_we":0,"x":504201.17255415,"y":4788871.81158531,"village_co":"102020108","globalid":"{7D70FC76-A93B-4BD6-828D-304071F1248B}","st_area_sh":365.861208365,"st_length_":116.19468977}},
{"type":"Feature","geometry":{"type":"Polygon","coordinates":[[[30.04303,-1.90717],[30.04285,-1.90715],[30.04284,-1.90725],[30.04281,-1.90732],[30.04299,-1.90733],[30.04303,-1.90717]]]},"properties":{"objectid":40635687,"parcel_num":3178,"village":"Nyagasozi","province":"Kigali City","district":"Gasabo","sector":"Gatsata","cell":"Karuruma","cell_code":"1020201","upi":"1/02/02/01/3178","change_id":"BC","start_date":"2025-07-14T00:00:00.000Z","end_date":"1899-11-30T00:00:00.000Z","status":"Actual","transactio":"","accuracy":"C","area_in_we":0,"x":504774.83622685,"y":4789128.25969611,"village_co":"102020108","globalid":"{F4364067-B3FA-4DD3-B23E-A4F9C9FC2B87}","st_area_sh":325.641309325,"st_length_":77.092774989}},
{"type":"Feature","geometry":{"type":"Polygon","coordinates":[[[30.04303,-1.90717],[30.04294,-1.90707],[30.04288,-1.90709],[30.04285,-1.90715],[30.04303,-1.90717]]]},"properties":{"objectid":40635688,"parcel_num":3179,"village":"Nyagasozi","province":"Kigali City","district":"Gasabo","sector":"Gatsata","cell":"Karuruma","cell_code":"1020201","upi":"1/02/02/01/3179","change_id":"DP","start_date":"2025-04-28T00:00:00.000Z","end_date":"1899-11-30T00:00:00.000Z","status":"Actual","transactio":"","accuracy":"C","area_in_we":0,"x":504773.22043446,"y":4789122.92999973,"village_co":"102020108","globalid":"{5F01C4C3-4E0F-42DF-A635-82ACF33DC3E2}","st_area_sh":130.754778595,"st_length_":51.1095058044}},
{"type":"Feature","geometry":{"type":"Polygon","coordinates":[[[30.04245,-1.91047],[30.04237,-1.91037],[30.04238,-1.91056],[30.04233,-1.91056],[30.04234,-1.91071],[30.04249,-1.91067],[30.04245,-1.91047]]]},"properties":{"objectid":40635691,"parcel_num":3181,"village":"Nyagasozi","province":"Kigali City","district":"Gasabo","sector":"Gatsata","cell":"Karuruma","cell_code":"1020201","upi":"1/02/02/01/3181","change_id":"DP","start_date":"2025-04-29T00:00:00.000Z","end_date":"1899-11-30T00:00:00.000Z","status":"Actual","transactio":"","accuracy":"C","area_in_we":0,"x":504727.74649477,"y":4788757.9568,"village_co":"102020108","globalid":"{B1077A68-F322-4E96-B423-F510AA4648CE}","st_area_sh":382.675115165,"st_length_":99.9517486726}},
{"type":"Feature","geometry":{"type":"Polygon","coordinates":[[[30.03654,-1.90844],[30.03644,-1.90839],[30.03641,-1.90847],[30.0366,-1.90854],[30.03665,-1.90849],[30.03671,-1.90851],[30.03664,-1.90873],[30.03664,-1.90893],[30.03664,-1.90907],[30.03688,-1.90903],[30.03687,-1.90898],[30.03675,-1.90852],[30.03668,-1.9085],[30.03654,-1.90844]]]},"properties":{"objectid":40635692,"parcel_num":3182,"village":"Nyagasozi","province":"Kigali City","district":"Gasabo","sector":"Gatsata","cell":"Karuruma","cell_code":"1020201","upi":"1/02/02/01/3182","change_id":"DP","start_date":"2025-05-02T00:00:00.000Z","end_date":"1899-11-30T00:00:00.000Z","status":"Actual","transactio":"","accuracy":"C","area_in_we":0,"x":504082.08648062,"y":4788958.63356301,"village_co":"102020108","globalid":"{BE76ACBB-62DD-4774-8067-9977422DC673}","st_area_sh":1235.70315521,"st_length_":234.342486791}},
{"type":"Feature","geometry":{"type":"Polygon","coordinates":[[[30.03639,-1.9083],[30.03619,-1.90817],[30.03593,-1.90848],[30.03596,-1.90849],[30.03614,-1.90861],[30.03618,-1.90863],[30.0364,-1.90874],[30.03643,-1.90869],[30.0363,-1.90863],[30.03641,-1.90847],[30.03644,-1.90839],[30.03635,-1.90836],[30.03639,-1.9083]]]},"properties":{"objectid":40635693,"parcel_num":3183,"village":"Nyagasozi","province":"Kigali City","district":"Gasabo","sector":"Gatsata","cell":"Karuruma","cell_code":"1020201","upi":"1/02/02/01/3183","change_id":"DP","start_date":"2025-05-02T00:00:00.000Z","end_date":"1899-11-30T00:00:00.000Z","status":"Actual","transactio":"","accuracy":"C","area_in_we":0,"x":504086.44971491,"y":4788975.5655,"village_co":"102020108","globalid":"{DCD25248-BCBA-4A36-B71D-82BC74B3138A}","st_area_sh":1792.12927334,"st_length_":201.781740394}},
{"type":"Feature","geometry":{"type":"Polygon","coordinates":[[[30.03664,-1.90873],[30.03671,-1.90851],[30.03665,-1.90849],[30.0366,-1.90854],[30.03654,-1.90872],[30.03664,-1.90873]]]},"properties":{"objectid":40635694,"parcel_num":3184,"village":"Nyagasozi","province":"Kigali City","district":"Gasabo","sector":"Gatsata","cell":"Karuruma","cell_code":"1020201","upi":"1/02/02/01/3184","change_id":"DP","start_date":"2025-05-02T00:00:00.000Z","end_date":"1899-11-30T00:00:00.000Z","status":"Actual","transactio":"","accuracy":"C","area_in_we":0,"x":504085.54454881,"y":4788962.13877994,"village_co":"102020108","globalid":"{D50D6F8E-CC1D-4FBA-BA10-9794E9A991DA}","st_area_sh":257.02488705,"st_length_":73.4325439115}},
{"type":"Feature","geometry":{"type":"Polygon","coordinates":[[[30.03679,-1.90854],[30.03675,-1.90852],[30.03687,-1.90898],[30.03695,-1.90896],[30.03695,-1.90895],[30.03687,-1.90877],[30.03689,-1.90861],[30.03689,-1.90855],[30.03679,-1.90854]]]},"properties":{"objectid":40635695,"parcel_num":3185,"village":"Nyagasozi","province":"Kigali City","district":"Gasabo","sector":"Gatsata","cell":"Karuruma","cell_code":"1020201","upi":"1/02/02/01/3185","change_id":"DP","start_date":"2025-05-02T00:00:00.000Z","end_date":"1899-11-30T00:00:00.000Z","status":"Actual","transactio":"","accuracy":"C","area_in_we":0,"x":504087.18622362,"y":4788960.08351837,"village_co":"102020108","globalid":"{2E460841-072A-4E45-9E71-021F4E921E86}","st_area_sh":548.27118941,"st_length_":125.746910558}},
{"type":"Feature","geometry":{"type":"Polygon","coordinates":[[[30.03971,-1.90834],[30.03963,-1.90823],[30.03939,-1.90834],[30.03953,-1.90837],[30.03957,-1.90843],[30.03971,-1.90834]]]},"properties":{"objectid":40635696,"parcel_num":3186,"village":"Nyagasozi","province":"Kigali City","district":"Gasabo","sector":"Gatsata","cell":"Karuruma","cell_code":"1020201","upi":"1/02/02/01/3186","change_id":"MP","start_date":"2025-05-09T00:00:00.000Z","end_date":"1899-11-30T00:00:00.000Z","status":"Actual","transactio":"","accuracy":"C","area_in_we":0,"x":504402.09835122,"y":4789008.21565682,"village_co":"102020108","globalid":"{9DFB3D49-BF71-4B98-BFB1-09ED36135F8E}","st_area_sh":350.83893004,"st_length_":85.0048586162}},
{"type":"Feature","geometry":{"type":"Polygon","coordinates":[[[30.03791,-1.90792],[30.03784,-1.90784],[30.03774,-1.90795],[30.03764,-1.90805],[30.03772,-1.90811],[30.03784,-1.90799],[30.03791,-1.90792]]]},"properties":{"objectid":40635697,"parcel_num":3187,"village":"Nyagasozi","province":"Kigali City","district":"Gasabo","sector":"Gatsata","cell":"Karuruma","cell_code":"1020201","upi":"1/02/02/01/3187","change_id":"DP","start_date":"2025-05-10T00:00:00.000Z","end_date":"1899-11-30T00:00:00.000Z","status":"Actual","transactio":"","accuracy":"C","area_in_we":0,"x":504202.48760712,"y":4789046.70254077,"village_co":"102020108","globalid":"{99BFB4CC-1F73-4196-BDC1-98CECF826270}","st_area_sh":352.487874335,"st_length_":85.4786938852}},
{"type":"Feature","geometry":{"type":"Polygon","coordinates":[[[30.03755,-1.90763],[30.03753,-1.90762],[30.03746,-1.90767],[30.03756,-1.90776],[30.03755,-1.90763]]]},"properties":{"objectid":40635698,"parcel_num":3188,"village":"Nyagasozi","province":"Kigali City","district":"Gasabo","sector":"Gatsata","cell":"Karuruma","cell_code":"1020201","upi":"1/02/02/01/3188","change_id":"DP","start_date":"2025-05-10T00:00:00.000Z","end_date":"1899-11-30T00:00:00.000Z","status":"Actual","transactio":"","accuracy":"C","area_in_we":0,"x":504192.1944,"y":4789055.79169241,"village_co":"102020108","globalid":"{6724477F-1CF0-4FFE-924A-031A53812190}","st_area_sh":90.099238925,"st_length_":41.5825843591}},
{"type":"Feature","geometry":{"type":"Polygon","coordinates":[[[30.03767,-1.90772],[30.03755,-1.90763],[30.03756,-1.90776],[30.03759,-1.90779],[30.03756,-1.90782],[30.03774,-1.90795],[30.03784,-1.90784],[30.0378,-1.9078],[30.03767,-1.90772]]]},"properties":{"objectid":40635699,"parcel_num":3189,"village":"Nyagasozi","province":"Kigali City","district":"Gasabo","sector":"Gatsata","cell":"Karuruma","cell_code":"1020201","upi":"1/02/02/01/3189","change_id":"DP","start_date":"2025-05-10T00:00:00.000Z","end_date":"1899-11-30T00:00:00.000Z","status":"Actual","transactio":"","accuracy":"C","area_in_we":0,"x":504192.62629683,"y":4789056.63676156,"village_co":"102020108","globalid":"{62FD5F44-5AB5-41BA-BAB7-9D576A756FFC}","st_area_sh":531.54307956,"st_length_":104.879793413}},
{"type":"Feature","geometry":{"type":"Polygon","coordinates":[[[30.03774,-1.90795],[30.03756,-1.90782],[30.03748,-1.90792],[30.03764,-1.90805],[30.03774,-1.90795]]]},"properties":{"objectid":40635701,"parcel_num":3190,"village":"Nyagasozi","province":"Kigali City","district":"Gasabo","sector":"Gatsata","cell":"Karuruma","cell_code":"1020201","upi":"1/02/02/01/3190","change_id":"DP","start_date":"2025-05-10T00:00:00.000Z","end_date":"1899-11-30T00:00:00.000Z","status":"Actual","transactio":"","accuracy":"C","area_in_we":0,"x":504193.06783593,"y":4789049.28143289,"village_co":"102020108","globalid":"{A0736395-0D33-4749-9633-C3281ADEA0EE}","st_area_sh":347.48876763,"st_length_":76.509157722}},
{"type":"Feature","geometry":{"type":"Polygon","coordinates":[[[30.03807,-1.90784],[30.03792,-1.9077],[30.0378,-1.9078],[30.03784,-1.90784],[30.03791,-1.90792],[30.03801,-1.90789],[30.03807,-1.90784]]]},"properties":{"objectid":40635702,"parcel_num":3191,"village":"Nyagasozi","province":"Kigali City","district":"Gasabo","sector":"Gatsata","cell":"Karuruma","cell_code":"1020201","upi":"1/02/02/01/3191","change_id":"DP","start_date":"2025-05-10T00:00:00.000Z","end_date":"1899-11-30T00:00:00.000Z","status":"Actual","transactio":"","accuracy":"C","area_in_we":0,"x":504220.19860209,"y":4789064.80037122,"village_co":"102020108","globalid":"{AD66C844-EF34-487B-93B0-55BD126C31A4}","st_area_sh":391.08718759,"st_length_":79.3427960824}},
{"type":"Feature","geometry":{"type":"Polygon","coordinates":[[[30.03819,-1.90775],[30.038,-1.90763],[30.03792,-1.9077],[30.03807,-1.90784],[30.03819,-1.90775]]]},"properties":{"objectid":40635703,"parcel_num":3192,"village":"Nyagasozi","province":"Kigali City","district":"Gasabo","sector":"Gatsata","cell":"Karuruma","cell_code":"1020201","upi":"1/02/02/01/3192","change_id":"DP","start_date":"2025-05-10T00:00:00.000Z","end_date":"1899-11-30T00:00:00.000Z","status":"Actual","transactio":"","accuracy":"C","area_in_we":0,"x":504233.43023963,"y":4789073.7895571,"village_co":"102020108","globalid":"{ECDE8A18-E0F1-423A-8BD3-AC362EC1B4B4}","st_area_sh":323.226732765,"st_length_":76.3739951799}},
{"type":"Feature","geometry":{"type":"Polygon","coordinates":[[[30.03792,-1.9077],[30.03779,-1.90757],[30.03767,-1.90772],[30.0378,-1.9078],[30.03792,-1.9077]]]},"properties":{"objectid":40635704,"parcel_num":3193,"village":"Nyagasozi","province":"Kigali City","district":"Gasabo","sector":"Gatsata","cell":"Karuruma","cell_code":"1020201","upi":"1/02/02/01/3193","change_id":"DP","start_date":"2025-05-10T00:00:00.000Z","end_date":"1899-11-30T00:00:00.000Z","status":"Actual","transactio":"","accuracy":"C","area_in_we":0,"x":504212.91322607,"y":4789071.50958468,"village_co":"102020108","globalid":"{92FACBDE-F917-4C5A-9DA7-BC8E97C7CD51}","st_area_sh":358.225319725,"st_length_":78.3070309172}},
{"type":"Feature","geometry":{"type":"Polygon","coordinates":[[[30.038,-1.90763],[30.03783,-1.90751],[30.03779,-1.90757],[30.03792,-1.9077],[30.038,-1.90763]]]},"properties":{"objectid":40635705,"parcel_num":3194,"village":"Nyagasozi","province":"Kigali City","district":"Gasabo","sector":"Gatsata","cell":"Karuruma","cell_code":"1020201","upi":"1/02/02/01/3194","change_id":"DP","start_date":"2025-05-10T00:00:00.000Z","end_date":"1899-11-30T00:00:00.000Z","status":"Actual","transactio":"","accuracy":"C","area_in_we":0,"x":504216.2113123,"y":4789076.0416,"village_co":"102020108","globalid":"{49C0AF29-1923-461F-A7D5-CC18B58E36AD}","st_area_sh":213.329683285,"st_length_":63.5831090438}},
{"type":"Feature","geometry":{"type":"Polygon","coordinates":[[[30.03909,-1.90941],[30.03908,-1.90941],[30.03909,-1.90947],[30.03909,-1.90955],[30.03882,-1.90961],[30.03886,-1.90973],[30.03906,-1.90967],[30.03914,-1.90963],[30.03909,-1.90941]]]},"properties":{"objectid":40635714,"parcel_num":3203,"village":"Nyagasozi","province":"Kigali City","district":"Gasabo","sector":"Gatsata","cell":"Karuruma","cell_code":"1020201","upi":"1/02/02/01/3203","change_id":"DP","start_date":"2025-06-04T00:00:00.000Z","end_date":"1899-11-30T00:00:00.000Z","status":"Actual","transactio":"","accuracy":"C","area_in_we":0,"x":504336.72411848,"y":4788864.76810973,"village_co":"102020108","globalid":"{C589C35D-EB22-4D2C-B4DE-ACB9C346E32F}","st_area_sh":444.105263735,"st_length_":121.34240975}},
{"type":"Feature","geometry":{"type":"Polygon","coordinates":[[[30.03925,-1.90967],[30.03923,-1.9096],[30.03914,-1.90963],[30.03906,-1.90967],[30.03908,-1.90977],[30.03926,-1.90976],[30.03925,-1.90967]]]},"properties":{"objectid":40635715,"parcel_num":3204,"village":"Nyagasozi","province":"Kigali City","district":"Gasabo","sector":"Gatsata","cell":"Karuruma","cell_code":"1020201","upi":"1/02/02/01/3204","change_id":"DP","start_date":"2025-06-04T00:00:00.000Z","end_date":"1899-11-30T00:00:00.000Z","status":"Actual","transactio":"","accuracy":"C","area_in_we":0,"x":504346.54188462,"y":4788868.5554,"village_co":"102020108","globalid":"{78D38C29-AEE7-4886-9F11-484B9B626F24}","st_area_sh":307.379546825,"st_length_":70.5069503953}},
{"type":"Feature","geometry":{"type":"Polygon","coordinates":[[[30.03929,-1.90942],[30.03909,-1.90941],[30.03914,-1.90963],[30.03923,-1.9096],[30.03922,-1.90954],[30.03929,-1.90942]]]},"properties":{"objectid":40635716,"parcel_num":3205,"village":"Nyagasozi","province":"Kigali City","district":"Gasabo","sector":"Gatsata","cell":"Karuruma","cell_code":"1020201","upi":"1/02/02/01/3205","change_id":"DP","start_date":"2025-06-04T00:00:00.000Z","end_date":"1899-11-30T00:00:00.000Z","status":"Actual","transactio":"","accuracy":"C","area_in_we":0,"x":504358.6880204,"y":4788878.2659392,"village_co":"102020108","globalid":"{0B12012A-D89C-41A6-87E6-97320B3B65C1}","st_area_sh":316.558621905,"st_length_":79.302207741}},
{"type":"Feature","geometry":{"type":"Polygon","coordinates":[[[30.04099,-1.90822],[30.04098,-1.9082],[30.04077,-1.90825],[30.04081,-1.90838],[30.04101,-1.90835],[30.04099,-1.90822]]]},"properties":{"objectid":40635722,"parcel_num":3210,"village":"Nyagasozi","province":"Kigali City","district":"Gasabo","sector":"Gatsata","cell":"Karuruma","cell_code":"1020201","upi":"1/02/02/01/3210","change_id":"DP","start_date":"2025-07-05T00:00:00.000Z","end_date":"1899-11-30T00:00:00.000Z","status":"Actual","transactio":"","accuracy":"C","area_in_we":0,"x":504549.23348645,"y":4789012.01439395,"village_co":"102020108","globalid":"{E3666F99-44DF-4AC9-A733-0DA398F8AFBD}","st_area_sh":353.938116135,"st_length_":79.5911446258}},
{"type":"Feature","geometry":{"type":"Polygon","coordinates":[[[30.04094,-1.9081],[30.04087,-1.9081],[30.04074,-1.9082],[30.04077,-1.90825],[30.04098,-1.9082],[30.04094,-1.9081]]]},"properties":{"objectid":40635723,"parcel_num":3211,"village":"Nyagasozi","province":"Kigali City","district":"Gasabo","sector":"Gatsata","cell":"Karuruma","cell_code":"1020201","upi":"1/02/02/01/3211","change_id":"DP","start_date":"2025-07-05T00:00:00.000Z","end_date":"1899-11-30T00:00:00.000Z","status":"Actual","transactio":"","accuracy":"C","area_in_we":0,"x":504547.99573271,"y":4789017.75392967,"village_co":"102020108","globalid":"{00EFAA83-3CE3-43AC-9D41-94786AF8D86A}","st_area_sh":275.113510785,"st_length_":69.7707058308}},
{"type":"Feature","geometry":{"type":"Polygon","coordinates":[[[30.04165,-1.90733],[30.04145,-1.90731],[30.04146,-1.90743],[30.04164,-1.90742],[30.04165,-1.90733]]]},"properties":{"objectid":40635726,"parcel_num":3216,"village":"Nyagasozi","province":"Kigali City","district":"Gasabo","sector":"Gatsata","cell":"Karuruma","cell_code":"1020201","upi":"1/02/02/01/3216","change_id":"DP","start_date":"2025-07-17T00:00:00.000Z","end_date":"1899-11-30T00:00:00.000Z","status":"Actual","transactio":"","accuracy":"C","area_in_we":0,"x":504621.80588242,"y":4789114.30187122,"village_co":"102020108","globalid":"{BAA8205A-D8B6-433D-B8C9-EF2ACB74C0CC}","st_area_sh":231.56864731,"st_length_":65.483587604}},
{"type":"Feature","geometry":{"type":"Polygon","coordinates":[[[30.04175,-1.90739],[30.04176,-1.90735],[30.04165,-1.90733],[30.04164,-1.90742],[30.04173,-1.90743],[30.04175,-1.90739]]]},"properties":{"objectid":40635727,"parcel_num":3217,"village":"Nyagasozi","province":"Kigali City","district":"Gasabo","sector":"Gatsata","cell":"Karuruma","cell_code":"1020201","upi":"1/02/02/01/3217","change_id":"DP","start_date":"2025-07-17T00:00:00.000Z","end_date":"1899-11-30T00:00:00.000Z","status":"Actual","transactio":"","accuracy":"C","area_in_we":0,"x":504628.50813076,"y":4789114.54665,"village_co":"102020108","globalid":"{FD3CBF45-1290-4158-992F-CBBEE67EF311}","st_area_sh":103.625764535,"st_length_":40.4230915489}},
{"type":"Feature","geometry":{"type":"Polygon","coordinates":[[[30.03817,-1.90807],[30.03801,-1.90789],[30.03791,-1.90792],[30.03784,-1.90799],[30.03801,-1.9081],[30.03809,-1.90806],[30.03817,-1.90807]]]},"properties":{"objectid":40635728,"parcel_num":3218,"village":"Nyagasozi","province":"Kigali City","district":"Gasabo","sector":"Gatsata","cell":"Karuruma","cell_code":"1020201","upi":"1/02/02/01/3218","change_id":"DP","start_date":"2025-07-10T00:00:00.000Z","end_date":"1899-11-30T00:00:00.000Z","status":"Actual","transactio":"","accuracy":"C","area_in_we":0,"x":504226.46606,"y":4789045.16922603,"village_co":"102020108","globalid":"{3DF7D436-38A4-436D-850C-47440BBBE1E5}","st_area_sh":420.67490065,"st_length_":92.3286472654}},
{"type":"Feature","geometry":{"type":"Polygon","coordinates":[[[30.03801,-1.9081],[30.03784,-1.90799],[30.03772,-1.90811],[30.03793,-1.90822],[30.03794,-1.9082],[30.03801,-1.9081]]]},"properties":{"objectid":40635729,"parcel_num":3219,"village":"Nyagasozi","province":"Kigali City","district":"Gasabo","sector":"Gatsata","cell":"Karuruma","cell_code":"1020201","upi":"1/02/02/01/3219","change_id":"DP","start_date":"2025-07-10T00:00:00.000Z","end_date":"1899-11-30T00:00:00.000Z","status":"Actual","transactio":"","accuracy":"C","area_in_we":0,"x":504223.71592376,"y":4789038.44095,"village_co":"102020108","globalid":"{E132227E-EFE1-460D-9ADE-39563DBD12AA}","st_area_sh":420.57474674,"st_length_":82.9671601898}},
{"type":"Feature","geometry":{"type":"Polygon","coordinates":[[[30.03744,-1.90954],[30.0374,-1.90937],[30.03733,-1.9094],[30.03718,-1.90944],[30.03721,-1.90958],[30.03723,-1.90959],[30.03744,-1.90954]]]},"properties":{"objectid":40635735,"parcel_num":3224,"village":"Nyagasozi","province":"Kigali City","district":"Gasabo","sector":"Gatsata","cell":"Karuruma","cell_code":"1020201","upi":"1/02/02/01/3224","change_id":"DP","start_date":"2025-07-20T00:00:00.000Z","end_date":"1899-11-30T00:00:00.000Z","status":"Actual","transactio":"","accuracy":"C","area_in_we":0,"x":504150.97249226,"y":4788880.06187706,"village_co":"102020108","globalid":"{268EE2C6-0FCC-45CE-B49B-D0364867F3AA}","st_area_sh":460.0118219,"st_length_":87.3770961695}},
{"type":"Feature","geometry":{"type":"Polygon","coordinates":[[[30.03762,-1.90949],[30.03758,-1.9093],[30.03745,-1.90934],[30.0374,-1.90937],[30.03744,-1.90954],[30.03756,-1.90951],[30.03762,-1.90949]]]},"properties":{"objectid":40635736,"parcel_num":3225,"village":"Nyagasozi","province":"Kigali City","district":"Gasabo","sector":"Gatsata","cell":"Karuruma","cell_code":"1020201","upi":"1/02/02/01/3225","change_id":"DP","start_date":"2025-07-20T00:00:00.000Z","end_date":"1899-11-30T00:00:00.000Z","status":"Actual","transactio":"","accuracy":"C","area_in_we":0,"x":504160.45236231,"y":4788885.10815,"village_co":"102020108","globalid":"{368CB9F4-16EC-4297-A48D-3279003D9F05}","st_area_sh":458.77217218,"st_length_":85.5636859113}},
{"type":"Feature","geometry":{"type":"Polygon","coordinates":[[[30.03889,-1.90786],[30.03876,-1.90772],[30.03866,-1.90782],[30.03865,-1.90788],[30.03871,-1.90796],[30.03879,-1.90804],[30.03889,-1.90786]]]},"properties":{"objectid":40635746,"parcel_num":3235,"village":"Nyagasozi","province":"Kigali City","district":"Gasabo","sector":"Gatsata","cell":"Karuruma","cell_code":"1020201","upi":"1/02/02/01/3235","change_id":"DP","start_date":"2025-09-11T00:00:00.000Z","end_date":"1899-11-30T00:00:00.000Z","status":"Actual","transactio":"","accuracy":"C","area_in_we":0,"x":504327.57771989,"y":4789064.21669965,"village_co":"102020108","globalid":"{D896F764-821D-40BA-B0D5-A598F211E896}","st_area_sh":518.873046745,"st_length_":93.2494285496}},
{"type":"Feature","geometry":{"type":"Polygon","coordinates":[[[30.03895,-1.90766],[30.03898,-1.90751],[30.03882,-1.90756],[30.03882,-1.90766],[30.03891,-1.90771],[30.03895,-1.90766]]]},"properties":{"objectid":40635747,"parcel_num":3236,"village":"Nyagasozi","province":"Kigali City","district":"Gasabo","sector":"Gatsata","cell":"Karuruma","cell_code":"1020201","upi":"1/02/02/01/3236","change_id":"DP","start_date":"2025-09-11T00:00:00.000Z","end_date":"1899-11-30T00:00:00.000Z","status":"Actual","transactio":"","accuracy":"C","area_in_we":0,"x":504333.2902295,"y":4789066.51467277,"village_co":"102020108","globalid":"{13D9CE43-6393-4592-863A-82141CC87100}","st_area_sh":266.8956025,"st_length_":65.9193270166}},
{"type":"Feature","geometry":{"type":"Polygon","coordinates":[[[30.03792,-1.90927],[30.03788,-1.90923],[30.03777,-1.90926],[30.03783,-1.90942],[30.03795,-1.90939],[30.03796,-1.90939],[30.03792,-1.90927]]]},"properties":{"objectid":40635750,"parcel_num":3239,"village":"Nyagasozi","province":"Kigali City","district":"Gasabo","sector":"Gatsata","cell":"Karuruma","cell_code":"1020201","upi":"1/02/02/01/3239","change_id":"DP","start_date":"2025-08-07T00:00:00.000Z","end_date":"1899-11-30T00:00:00.000Z","status":"Actual","transactio":"","accuracy":"C","area_in_we":0,"x":504212.46615658,"y":4788898.36453955,"village_co":"102020108","globalid":"{3DEDB05C-A27A-4765-BD2D-8AC685061992}","st_area_sh":284.732918905,"st_length_":68.655926226}},
{"type":"Feature","geometry":{"type":"Polygon","coordinates":[[[30.04102,-1.90697],[30.04102,-1.90689],[30.04093,-1.90687],[30.04087,-1.90697],[30.04092,-1.90712],[30.04104,-1.90711],[30.04102,-1.90697]]]},"properties":{"objectid":40635753,"parcel_num":3241,"village":"Nyagasozi","province":"Kigali City","district":"Gasabo","sector":"Gatsata","cell":"Karuruma","cell_code":"1020201","upi":"1/02/02/01/3241","change_id":"DP","start_date":"2025-08-19T00:00:00.000Z","end_date":"1899-11-30T00:00:00.000Z","status":"Actual","transactio":"","accuracy":"C","area_in_we":0,"x":504556.77272242,"y":4789155.30113023,"village_co":"102020108","globalid":"{2C758EF7-6F67-45DD-B0CA-417DAC7C1043}","st_area_sh":360.13664915,"st_length_":82.8137994236}},
{"type":"Feature","geometry":{"type":"Polygon","coordinates":[[[30.04109,-1.90716],[30.04106,-1.90714],[30.04093,-1.90716],[30.04095,-1.90724],[30.041,-1.90724],[30.04102,-1.90717],[30.04109,-1.90716]]]},"properties":{"objectid":40635754,"parcel_num":3242,"village":"Nyagasozi","province":"Kigali City","district":"Gasabo","sector":"Gatsata","cell":"Karuruma","cell_code":"1020201","upi":"1/02/02/01/3242","change_id":"DP","start_date":"2025-08-19T00:00:00.000Z","end_date":"1899-11-30T00:00:00.000Z","status":"Actual","transactio":"","accuracy":"C","area_in_we":0,"x":504557.65960726,"y":4789149.80026158,"village_co":"102020108","globalid":"{2C3C4D16-5F3A-4A4C-A632-DE7AD3168AE8}","st_area_sh":96.3681505,"st_length_":49.2943142668}},
{"type":"Feature","geometry":{"type":"MultiPolygon","coordinates":[]},"properties":{"objectid":40635813,"parcel_num":367,"village":"Rugoro","province":"Kigali City","district":"Gasabo","sector":"Gatsata","cell":"Karuruma","cell_code":"1020201","upi":"1/02/02/01/367","change_id":"MP","start_date":"2016-03-21T00:00:00.000Z","end_date":"1899-11-30T00:00:00.000Z","status":"Actual","transactio":"","accuracy":"C","area_in_we":0,"x":504923.73560852,"y":4789118.89475,"village_co":"102020109","globalid":"{D2FE0D7E-9DE8-4AA1-8627-361E9A6E0D11}","st_area_sh":584.09858866,"st_length_":164.832825274}},
{"type":"Feature","geometry":null,"properties":{"objectid":40635814,"parcel_num":368,"village":"Rugoro","province":"Kigali City","district":"Gasabo","sector":"Gatsata","cell":"Karuruma","cell_code":"1020201","upi":"1/02/02/01/368","change_id":"","start_date":"1800-01-01T00:00:00.000Z","end_date":"1899-11-30T00:00:00.000Z","status":"Actual","transactio":"","accuracy":"C","area_in_we":0,"x":504879.31329642,"y":4789099.93175,"village_co":"102020109","globalid":"{2FE1E28E-D471-4411-A81C-CFEA34BEA478}","st_area_sh":385.67184452,"st_length_":79.6123734022}},
{"type":"Feature","geometry":null,"properties":{"objectid":40635820,"parcel_num":376,"village":"Rugoro","province":"Kigali City","district":"Gasabo","sector":"Gatsata","cell":"Karuruma","cell_code":"1020201","upi":"1/02/02/01/376","change_id":"","start_date":"1800-01-01T00:00:00.000Z","end_date":"1899-11-30T00:00:00.000Z","status":"Actual","transactio":"","accuracy":"C","area_in_we":0,"x":504788.9224,"y":4788951.17367731,"village_co":"102020109","globalid":"{75B4EB2D-D708-4380-A562-461158543661}","st_area_sh":775.76607837,"st_length_":111.223981363}},
{"type":"Feature","geometry":null,"properties":{"objectid":40635821,"parcel_num":377,"village":"Rugoro","province":"Kigali City","district":"Gasabo","sector":"Gatsata","cell":"Karuruma","cell_code":"1020201","upi":"1/02/02/01/377","change_id":"","start_date":"1800-01-01T00:00:00.000Z","end_date":"1899-11-30T00:00:00.000Z","status":"Actual","transactio":"","accuracy":"C","area_in_we":0,"x":504765.48375,"y":4788951.09982816,"village_co":"102020109","globalid":"{49622D4C-2DFE-4D8A-83AE-BA47CC784D47}","st_area_sh":541.772737385,"st_length_":100.611472208}},
{"type":"Feature","geometry":null,"properties":{"objectid":40636146,"parcel_num":691,"village":"Tetero","province":"Kigali City","district":"Gasabo","sector":"Gatsata","cell":"Karuruma","cell_code":"1020201","upi":"1/02/02/01/691","change_id":"","start_date":"1800-01-01T00:00:00.000Z","end_date":"1899-11-30T00:00:00.000Z","status":"Actual","transactio":"","accuracy":"C","area_in_we":0,"x":504575.81848,"y":4788456.9318,"village_co":"102020111","globalid":"{995B0316-CE06-41A6-A9C3-9F010D168699}","st_area_sh":1615.33989034,"st_length_":225.149212272}},
{"type":"Feature","geometry":{"type":"Polygon","coordinates":[[[30.03641,-1.90847],[30.0363,-1.90863],[30.03643,-1.90869],[30.03654,-1.90872],[30.0366,-1.90854],[30.03641,-1.90847]]]},"properties":{"objectid":40636156,"parcel_num":701,"village":"Nyagasozi","province":"Kigali City","district":"Gasabo","sector":"Gatsata","cell":"Karuruma","cell_code":"1020201","upi":"1/02/02/01/701","change_id":"","start_date":"1800-01-01T00:00:00.000Z","end_date":"1899-11-30T00:00:00.000Z","status":"Actual","transactio":"","accuracy":"C","area_in_we":0,"x":504054.8813225,"y":4788978.82585,"village_co":"102020108","globalid":"{1ED69B04-7F6A-4DAB-80BF-F2EBDFC6EB60}","st_area_sh":560.04497264,"st_length_":94.9364605524}},
{"type":"Feature","geometry":{"type":"Polygon","coordinates":[[[30.03644,-1.90795],[30.03619,-1.90817],[30.03639,-1.9083],[30.03644,-1.90823],[30.03648,-1.90818],[30.03659,-1.90805],[30.03644,-1.90795]]]},"properties":{"objectid":40636157,"parcel_num":703,"village":"Nyagasozi","province":"Kigali City","district":"Gasabo","sector":"Gatsata","cell":"Karuruma","cell_code":"1020201","upi":"1/02/02/01/703","change_id":"","start_date":"1800-01-01T00:00:00.000Z","end_date":"1899-11-30T00:00:00.000Z","status":"Actual","transactio":"","accuracy":"C","area_in_we":0,"x":504048.325,"y":4789029.22088225,"village_co":"102020108","globalid":"{4D249C85-2B83-4769-A1FA-6B3225792C67}","st_area_sh":846.592270825,"st_length_":119.747013744}},
{"type":"Feature","geometry":{"type":"Polygon","coordinates":[[[30.03701,-1.90781],[30.03694,-1.90804],[30.03698,-1.90806],[30.03701,-1.908],[30.03714,-1.90805],[30.03722,-1.90796],[30.03717,-1.90791],[30.03701,-1.90781]]]},"properties":{"objectid":40636158,"parcel_num":705,"village":"Nyagasozi","province":"Kigali City","district":"Gasabo","sector":"Gatsata","cell":"Karuruma","cell_code":"1020201","upi":"1/02/02/01/705","change_id":"DP","start_date":"2021-04-23T00:00:00.000Z","end_date":"1899-11-30T00:00:00.000Z","status":"Actual","transactio":"","accuracy":"C","area_in_we":0,"x":504105.18524208,"y":4789057.09575,"village_co":"102020108","globalid":"{76332557-5C88-44D3-96B8-5A51BCDCDA65}","st_area_sh":476.935242345,"st_length_":98.8192070097}},
{"type":"Feature","geometry":{"type":"Polygon","coordinates":[[[30.03713,-1.90817],[30.03708,-1.90814],[30.0369,-1.90828],[30.03704,-1.90835],[30.03701,-1.90844],[30.03698,-1.90855],[30.03701,-1.90857],[30.03702,-1.90858],[30.03709,-1.90846],[30.03712,-1.90832],[30.0371,-1.90825],[30.03713,-1.90817]]]},"properties":{"objectid":40636159,"parcel_num":706,"village":"Nyagasozi","province":"Kigali City","district":"Gasabo","sector":"Gatsata","cell":"Karuruma","cell_code":"1020201","upi":"1/02/02/01/706","change_id":"","start_date":"1800-01-01T00:00:00.000Z","end_date":"1899-11-30T00:00:00.000Z","status":"Actual","transactio":"","accuracy":"C","area_in_we":0,"x":504118.15935,"y":4789015.68125947,"village_co":"102020108","globalid":"{6EC78877-9EDF-44C1-95F9-C622A5A0ADFA}","st_area_sh":564.29207212,"st_length_":125.504121809}},
{"type":"Feature","geometry":{"type":"Polygon","coordinates":[[[30.03701,-1.90844],[30.03704,-1.90835],[30.0369,-1.90828],[30.03684,-1.90838],[30.03701,-1.90844]]]},"properties":{"objectid":40636160,"parcel_num":707,"village":"Nyagasozi","province":"Kigali City","district":"Gasabo","sector":"Gatsata","cell":"Karuruma","cell_code":"1020201","upi":"1/02/02/01/707","change_id":"","start_date":"1800-01-01T00:00:00.000Z","end_date":"1899-11-30T00:00:00.000Z","status":"Actual","transactio":"","accuracy":"C","area_in_we":0,"x":504109.60064524,"y":4789004.2108,"village_co":"102020108","globalid":"{FFBAD5B6-9343-4BD7-9C23-94F3F556DA15}","st_area_sh":216.375135335,"st_length_":59.7193355842}},
{"type":"Feature","geometry":{"type":"Polygon","coordinates":[[[30.03725,-1.90823],[30.03713,-1.90817],[30.0371,-1.90825],[30.03712,-1.90832],[30.03717,-1.90834],[30.03725,-1.90823]]]},"properties":{"objectid":40636161,"parcel_num":708,"village":"Nyagasozi","province":"Kigali City","district":"Gasabo","sector":"Gatsata","cell":"Karuruma","cell_code":"1020201","upi":"1/02/02/01/708","change_id":"BC","start_date":"2025-04-17T00:00:00.000Z","end_date":"1899-11-30T00:00:00.000Z","status":"Actual","transactio":"","accuracy":"C","area_in_we":0,"x":504134.2964128,"y":4789016.73544201,"village_co":"102020108","globalid":"{BD55CFC9-76A8-4415-85BC-C0A54BA174C0}","st_area_sh":179.852863325,"st_length_":52.9204342327}},
{"type":"Feature","geometry":{"type":"Polygon","coordinates":[[[30.0374,-1.90842],[30.03727,-1.9084],[30.03725,-1.90851],[30.03723,-1.90861],[30.03741,-1.90864],[30.03742,-1.90864],[30.03751,-1.90864],[30.03742,-1.90854],[30.0374,-1.90842]]]},"properties":{"objectid":40636162,"parcel_num":709,"village":"Nyagasozi","province":"Kigali City","district":"Gasabo","sector":"Gatsata","cell":"Karuruma","cell_code":"1020201","upi":"1/02/02/01/709","change_id":"","start_date":"1800-01-01T00:00:00.000Z","end_date":"1899-11-30T00:00:00.000Z","status":"Actual","transactio":"","accuracy":"C","area_in_we":0,"x":504157.1599,"y":4788986.55120324,"village_co":"102020108","globalid":"{1B926289-18CE-4C4B-A33D-66D4E5B160B2}","st_area_sh":462.246082945,"st_length_":99.0526118341}},
{"type":"Feature","geometry":{"type":"Polygon","coordinates":[[[30.03727,-1.90867],[30.03717,-1.90865],[30.03714,-1.90874],[30.03714,-1.9089],[30.03702,-1.90891],[30.03704,-1.90895],[30.03712,-1.90903],[30.03716,-1.909],[30.03726,-1.90889],[30.03727,-1.90877],[30.03727,-1.90867]]]},"properties":{"objectid":40636164,"parcel_num":711,"village":"Nyagasozi","province":"Kigali City","district":"Gasabo","sector":"Gatsata","cell":"Karuruma","cell_code":"1020201","upi":"1/02/02/01/711","change_id":"","start_date":"1800-01-01T00:00:00.000Z","end_date":"1899-11-30T00:00:00.000Z","status":"Actual","transactio":"","accuracy":"C","area_in_we":0,"x":504131.86645,"y":4788947.64798078,"village_co":"102020108","globalid":"{489849EE-9567-4445-8998-F0A7031B9DB6}","st_area_sh":546.009094155,"st_length_":119.192691254}},
{"type":"Feature","geometry":{"type":"Polygon","coordinates":[[[30.03718,-1.90904],[30.03716,-1.909],[30.03712,-1.90903],[30.03702,-1.90906],[30.03706,-1.90918],[30.03721,-1.90912],[30.03718,-1.90904]]]},"properties":{"objectid":40636165,"parcel_num":712,"village":"Nyagasozi","province":"Kigali City","district":"Gasabo","sector":"Gatsata","cell":"Karuruma","cell_code":"1020201","upi":"1/02/02/01/712","change_id":"","start_date":"1800-01-01T00:00:00.000Z","end_date":"1899-11-30T00:00:00.000Z","status":"Actual","transactio":"","accuracy":"C","area_in_we":0,"x":504128.68587211,"y":4788924.02,"village_co":"102020108","globalid":"{309CB458-4B6B-4758-AF01-F20ABE6F8A1C}","st_area_sh":238.947119035,"st_length_":62.9260988324}},
{"type":"Feature","geometry":{"type":"Polygon","coordinates":[[[30.03754,-1.90889],[30.03748,-1.90874],[30.03736,-1.90887],[30.03726,-1.90889],[30.03716,-1.909],[30.03718,-1.90904],[30.03726,-1.90897],[30.03734,-1.90894],[30.03754,-1.90889]]]},"properties":{"objectid":40636166,"parcel_num":714,"village":"Nyagasozi","province":"Kigali City","district":"Gasabo","sector":"Gatsata","cell":"Karuruma","cell_code":"1020201","upi":"1/02/02/01/714","change_id":"BC","start_date":"2024-09-03T00:00:00.000Z","end_date":"1899-11-30T00:00:00.000Z","status":"Actual","transactio":"","accuracy":"C","area_in_we":0,"x":504157.98886037,"y":4788945.76059936,"village_co":"102020108","globalid":"{9D2948B5-2ED2-4586-8B12-191D297DEF12}","st_area_sh":381.839205245,"st_length_":116.965598743}},
{"type":"Feature","geometry":{"type":"Polygon","coordinates":[[[30.03736,-1.90887],[30.03736,-1.90877],[30.03727,-1.90877],[30.03726,-1.90889],[30.03736,-1.90887]]]},"properties":{"objectid":40636167,"parcel_num":715,"village":"Nyagasozi","province":"Kigali City","district":"Gasabo","sector":"Gatsata","cell":"Karuruma","cell_code":"1020201","upi":"1/02/02/01/715","change_id":"","start_date":"1800-01-01T00:00:00.000Z","end_date":"1899-11-30T00:00:00.000Z","status":"Actual","transactio":"","accuracy":"C","area_in_we":0,"x":504150.9229,"y":4788952.35081661,"village_co":"102020108","globalid":"{12D82DBC-FF49-4FDE-A42D-AE104434DD82}","st_area_sh":140.05309581,"st_length_":46.4045532282}},
{"type":"Feature","geometry":{"type":"Polygon","coordinates":[[[30.03751,-1.90868],[30.03758,-1.90863],[30.03751,-1.90864],[30.03742,-1.90864],[30.03741,-1.90865],[30.03736,-1.90868],[30.03736,-1.90877],[30.03736,-1.90887],[30.03748,-1.90874],[30.03751,-1.90868]]]},"properties":{"objectid":40636168,"parcel_num":716,"village":"Nyagasozi","province":"Kigali City","district":"Gasabo","sector":"Gatsata","cell":"Karuruma","cell_code":"1020201","upi":"1/02/02/01/716","change_id":"","start_date":"1800-01-01T00:00:00.000Z","end_date":"1899-11-30T00:00:00.000Z","status":"Actual","transactio":"","accuracy":"C","area_in_we":0,"x":504168.12885,"y":4788966.98571392,"village_co":"102020108","globalid":"{7EB1B04C-218A-4986-8E09-455F0C5ABD0A}","st_area_sh":289.301005905,"st_length_":83.7886474129}},
{"type":"Feature","geometry":{"type":"Polygon","coordinates":[[[30.03782,-1.90839],[30.03771,-1.90836],[30.03771,-1.9085],[30.03772,-1.90853],[30.03782,-1.90852],[30.03782,-1.90839]]]},"properties":{"objectid":40636169,"parcel_num":718,"village":"Nyagasozi","province":"Kigali City","district":"Gasabo","sector":"Gatsata","cell":"Karuruma","cell_code":"1020201","upi":"1/02/02/01/718","change_id":"","start_date":"1800-01-01T00:00:00.000Z","end_date":"1899-11-30T00:00:00.000Z","status":"Actual","transactio":"","accuracy":"C","area_in_we":0,"x":504201.0645,"y":4788994.32170954,"village_co":"102020108","globalid":"{176DD25D-A590-4DFE-9DF6-11DE1A1D8C40}","st_area_sh":189.11751038,"st_length_":58.5723103061}},
{"type":"Feature","geometry":{"type":"Polygon","coordinates":[[[30.03789,-1.90829],[30.03774,-1.90824],[30.03771,-1.90836],[30.03782,-1.90839],[30.03789,-1.9083],[30.03789,-1.90829]]]},"properties":{"objectid":40636170,"parcel_num":719,"village":"Nyagasozi","province":"Kigali City","district":"Gasabo","sector":"Gatsata","cell":"Karuruma","cell_code":"1020201","upi":"1/02/02/01/719","change_id":"","start_date":"1800-01-01T00:00:00.000Z","end_date":"1899-11-30T00:00:00.000Z","status":"Actual","transactio":"","accuracy":"C","area_in_we":0,"x":504205.26478025,"y":4789009.7267,"village_co":"102020108","globalid":"{F87DA689-337E-4978-B0F8-83FFC6A4C7BD}","st_area_sh":210.113282325,"st_length_":58.1826788914}},
{"type":"Feature","geometry":{"type":"Polygon","coordinates":[[[30.03774,-1.90824],[30.03761,-1.90821],[30.0376,-1.90835],[30.03771,-1.90836],[30.03774,-1.90824]]]},"properties":{"objectid":40636172,"parcel_num":720,"village":"Nyagasozi","province":"Kigali City","district":"Gasabo","sector":"Gatsata","cell":"Karuruma","cell_code":"1020201","upi":"1/02/02/01/720","change_id":"","start_date":"1800-01-01T00:00:00.000Z","end_date":"1899-11-30T00:00:00.000Z","status":"Actual","transactio":"","accuracy":"C","area_in_we":0,"x":504190.06511605,"y":4789012.99615,"village_co":"102020108","globalid":"{E4ECCDB6-6C10-4A4F-AAED-CD06D171FCE1}","st_area_sh":184.45271597,"st_length_":54.4972950068}},
{"type":"Feature","geometry":{"type":"Polygon","coordinates":[[[30.03742,-1.90842],[30.0374,-1.90842],[30.03742,-1.90854],[30.03761,-1.90853],[30.03762,-1.90842],[30.03742,-1.90842]]]},"properties":{"objectid":40636173,"parcel_num":721,"village":"Nyagasozi","province":"Kigali City","district":"Gasabo","sector":"Gatsata","cell":"Karuruma","cell_code":"1020201","upi":"1/02/02/01/721","change_id":"","start_date":"1800-01-01T00:00:00.000Z","end_date":"1899-11-30T00:00:00.000Z","status":"Actual","transactio":"","accuracy":"C","area_in_we":0,"x":504173.08214143,"y":4788991.2437,"village_co":"102020108","globalid":"{D3F40B4A-0CEF-4244-976B-210C32EB4943}","st_area_sh":314.233531045,"st_length_":74.2912239879}},
{"type":"Feature","geometry":{"type":"Polygon","coordinates":[[[30.03735,-1.90765],[30.0373,-1.90762],[30.03726,-1.90771],[30.03725,-1.90784],[30.03717,-1.90791],[30.03722,-1.90796],[30.03744,-1.90809],[30.0375,-1.90813],[30.03761,-1.90821],[30.03774,-1.90824],[30.03789,-1.90829],[30.03793,-1.90822],[30.03772,-1.90811],[30.03764,-1.90805],[30.03748,-1.90792],[30.0374,-1.90787],[30.03736,-1.90778],[30.0374,-1.90772],[30.03735,-1.90765]]]},"properties":{"objectid":40636174,"parcel_num":723,"village":"Nyagasozi","province":"Kigali City","district":"Gasabo","sector":"Gatsata","cell":"Karuruma","cell_code":"1020201","upi":"1/02/02/01/723","change_id":"BC","start_date":"1800-01-01T00:00:00.000Z","end_date":"1899-11-30T00:00:00.000Z","status":"Actual","transactio":"","accuracy":"C","area_in_we":0,"x":504157.5729785,"y":4789049.07085,"village_co":"102020108","globalid":"{F011D71D-648C-408D-8EE2-A61D7397C2D9}","st_area_sh":1659.93029219,"st_length_":247.572783051}},
{"type":"Feature","geometry":{"type":"Polygon","coordinates":[[[30.03726,-1.90771],[30.03712,-1.90766],[30.03702,-1.90768],[30.03701,-1.90781],[30.03717,-1.90791],[30.03725,-1.90784],[30.03726,-1.90771]]]},"properties":{"objectid":40636175,"parcel_num":724,"village":"Nyagasozi","province":"Kigali City","district":"Gasabo","sector":"Gatsata","cell":"Karuruma","cell_code":"1020201","upi":"1/02/02/01/724","change_id":"BC","start_date":"1800-01-01T00:00:00.000Z","end_date":"1899-11-30T00:00:00.000Z","status":"Actual","transactio":"","accuracy":"C","area_in_we":0,"x":504131.43067372,"y":4789068.1707,"village_co":"102020108","globalid":"{5F24F900-E234-4962-99C1-66A4FA6122FB}","st_area_sh":554.4769488,"st_length_":90.224312985}},
{"type":"Feature","geometry":{"type":"Polygon","coordinates":[[[30.03705,-1.90757],[30.03702,-1.90768],[30.03712,-1.90766],[30.03726,-1.90771],[30.0373,-1.90762],[30.03723,-1.90758],[30.03705,-1.90757]]]},"properties":{"objectid":40636176,"parcel_num":725,"village":"Nyagasozi","province":"Kigali City","district":"Gasabo","sector":"Gatsata","cell":"Karuruma","cell_code":"1020201","upi":"1/02/02/01/725","change_id":"BC","start_date":"1800-01-01T00:00:00.000Z","end_date":"1899-11-30T00:00:00.000Z","status":"Actual","transactio":"","accuracy":"C","area_in_we":0,"x":504133.78264089,"y":4789085.1843,"village_co":"102020108","globalid":"{08394856-891E-4EDB-916D-8AED5C70DC52}","st_area_sh":312.13518172,"st_length_":83.6287068005}},
{"type":"Feature","geometry":{"type":"Polygon","coordinates":[[[30.03735,-1.90704],[30.03722,-1.90701],[30.03714,-1.90714],[30.03731,-1.90719],[30.03735,-1.90707],[30.03735,-1.90704]]]},"properties":{"objectid":40636178,"parcel_num":728,"village":"Nyagasozi","province":"Kigali City","district":"Gasabo","sector":"Gatsata","cell":"Karuruma","cell_code":"1020201","upi":"1/02/02/01/728","change_id":"","start_date":"1800-01-01T00:00:00.000Z","end_date":"1899-11-30T00:00:00.000Z","status":"Actual","transactio":"","accuracy":"C","area_in_we":0,"x":504143.87249951,"y":4789144.07275,"village_co":"102020108","globalid":"{1DA0088E-8581-451A-A26E-E7DB128F856B}","st_area_sh":298.686484585,"st_length_":69.7123649975}},
{"type":"Feature","geometry":{"type":"Polygon","coordinates":[[[30.03764,-1.90719],[30.0376,-1.9071],[30.03758,-1.9073],[30.03757,-1.90733],[30.03758,-1.90733],[30.03766,-1.90733],[30.03767,-1.90729],[30.03764,-1.90719]]]},"properties":{"objectid":40636180,"parcel_num":730,"village":"Nyagasozi","province":"Kigali City","district":"Gasabo","sector":"Gatsata","cell":"Karuruma","cell_code":"1020201","upi":"1/02/02/01/730","change_id":"DP","start_date":"2025-01-03T00:00:00.000Z","end_date":"1899-11-30T00:00:00.000Z","status":"Actual","transactio":"","accuracy":"C","area_in_we":0,"x":504185.51399723,"y":4789126.73688973,"village_co":"102020108","globalid":"{A4E7B2ED-72B9-41AF-86B5-C3118247E8CA}","st_area_sh":163.362898245,"st_length_":64.8366830668}},
{"type":"Feature","geometry":{"type":"Polygon","coordinates":[[[30.03757,-1.90733],[30.03739,-1.90728],[30.03735,-1.90742],[30.03746,-1.90746],[30.03756,-1.90749],[30.03758,-1.90733],[30.03757,-1.90733]]]},"properties":{"objectid":40636181,"parcel_num":731,"village":"Nyagasozi","province":"Kigali City","district":"Gasabo","sector":"Gatsata","cell":"Karuruma","cell_code":"1020201","upi":"1/02/02/01/731","change_id":"BC","start_date":"2025-01-28T00:00:00.000Z","end_date":"1899-11-30T00:00:00.000Z","status":"Actual","transactio":"","accuracy":"C","area_in_we":0,"x":504168.56991823,"y":4789112.52108096,"village_co":"102020108","globalid":"{DFA61A70-389E-4B69-8793-6549D6255CFE}","st_area_sh":380.661708175,"st_length_":79.3306969691}},
{"type":"Feature","geometry":{"type":"Polygon","coordinates":[[[30.03746,-1.90746],[30.03735,-1.90742],[30.03723,-1.90758],[30.0373,-1.90762],[30.03735,-1.90765],[30.03746,-1.90746]]]},"properties":{"objectid":40636182,"parcel_num":732,"village":"Nyagasozi","province":"Kigali City","district":"Gasabo","sector":"Gatsata","cell":"Karuruma","cell_code":"1020201","upi":"1/02/02/01/732","change_id":"","start_date":"1800-01-01T00:00:00.000Z","end_date":"1899-11-30T00:00:00.000Z","status":"Actual","transactio":"","accuracy":"C","area_in_we":0,"x":504154.8066,"y":4789094.00327665,"village_co":"102020108","globalid":"{DF3DF086-F457-4CD3-8586-4BDD6CDF37AA}","st_area_sh":299.469641265,"st_length_":75.9006639965}},
{"type":"Feature","geometry":{"type":"Polygon","coordinates":[[[30.03756,-1.90749],[30.03746,-1.90746],[30.03735,-1.90765],[30.0374,-1.90772],[30.03746,-1.90767],[30.03753,-1.90762],[30.0376,-1.9075],[30.03756,-1.90749]]]},"properties":{"objectid":40636183,"parcel_num":733,"village":"Nyagasozi","province":"Kigali City","district":"Gasabo","sector":"Gatsata","cell":"Karuruma","cell_code":"1020201","upi":"1/02/02/01/733","change_id":"","start_date":"1800-01-01T00:00:00.000Z","end_date":"1899-11-30T00:00:00.000Z","status":"Actual","transactio":"","accuracy":"C","area_in_we":0,"x":504168.5834,"y":4789092.71746073,"village_co":"102020108","globalid":"{C6734E9F-CD8D-4680-8EA7-24B2E92EE1FE}","st_area_sh":385.04569518,"st_length_":83.4963672446}},
{"type":"Feature","geometry":{"type":"Polygon","coordinates":[[[30.03756,-1.90776],[30.03746,-1.90767],[30.0374,-1.90772],[30.03736,-1.90778],[30.0374,-1.90787],[30.03748,-1.90792],[30.03756,-1.90782],[30.03759,-1.90779],[30.03756,-1.90776]]]},"properties":{"objectid":40636184,"parcel_num":734,"village":"Nyagasozi","province":"Kigali City","district":"Gasabo","sector":"Gatsata","cell":"Karuruma","cell_code":"1020201","upi":"1/02/02/01/734","change_id":"","start_date":"1800-01-01T00:00:00.000Z","end_date":"1899-11-30T00:00:00.000Z","status":"Actual","transactio":"","accuracy":"C","area_in_we":0,"x":504169.18685,"y":4789066.09900613,"village_co":"102020108","globalid":"{E7E4E6B8-B34C-4243-B03D-71A5827A165D}","st_area_sh":373.591694445,"st_length_":77.6621913344}},
{"type":"Feature","geometry":{"type":"Polygon","coordinates":[[[30.03736,-1.90868],[30.03727,-1.90867],[30.03727,-1.90877],[30.03736,-1.90877],[30.03736,-1.90868]]]},"properties":{"objectid":40636185,"parcel_num":736,"village":"Nyagasozi","province":"Kigali City","district":"Gasabo","sector":"Gatsata","cell":"Karuruma","cell_code":"1020201","upi":"1/02/02/01/736","change_id":"","start_date":"1800-01-01T00:00:00.000Z","end_date":"1899-11-30T00:00:00.000Z","status":"Actual","transactio":"","accuracy":"C","area_in_we":0,"x":504150.82021,"y":4788964.4454,"village_co":"102020108","globalid":"{A59CAA5B-3F55-4781-8BFC-A0B8C394C1F6}","st_area_sh":105.46686826,"st_length_":41.888578897}},
{"type":"Feature","geometry":{"type":"Polygon","coordinates":[[[30.03842,-1.90793],[30.03831,-1.90764],[30.03819,-1.90775],[30.03807,-1.90784],[30.03801,-1.90789],[30.03817,-1.90807],[30.03842,-1.90793]]]},"properties":{"objectid":40636186,"parcel_num":738,"village":"Nyagasozi","province":"Kigali City","district":"Gasabo","sector":"Gatsata","cell":"Karuruma","cell_code":"1020201","upi":"1/02/02/01/738","change_id":"","start_date":"1800-01-01T00:00:00.000Z","end_date":"1899-11-30T00:00:00.000Z","status":"Actual","transactio":"","accuracy":"C","area_in_we":0,"x":504251.82280133,"y":4789060.7588,"village_co":"102020108","globalid":"{5C0B8B34-CD99-4E87-8434-BCA0C49808E5}","st_area_sh":1073.80508764,"st_length_":141.036247842}},
{"type":"Feature","geometry":{"type":"Polygon","coordinates":[[[30.03783,-1.9075],[30.03773,-1.90744],[30.03762,-1.90746],[30.0376,-1.9075],[30.03753,-1.90762],[30.03755,-1.90763],[30.03767,-1.90772],[30.03779,-1.90757],[30.03783,-1.90751],[30.03783,-1.9075]]]},"properties":{"objectid":40636188,"parcel_num":740,"village":"Nyagasozi","province":"Kigali City","district":"Gasabo","sector":"Gatsata","cell":"Karuruma","cell_code":"1020201","upi":"1/02/02/01/740","change_id":"","start_date":"1800-01-01T00:00:00.000Z","end_date":"1899-11-30T00:00:00.000Z","status":"Actual","transactio":"","accuracy":"C","area_in_we":0,"x":504191.87125,"y":4789090.52602315,"village_co":"102020108","globalid":"{3C6543F9-A645-4B41-A56F-79EC5785F270}","st_area_sh":539.917514985,"st_length_":96.8815722707}},
{"type":"Feature","geometry":{"type":"Polygon","coordinates":[[[30.03779,-1.90733],[30.03767,-1.90729],[30.03766,-1.90733],[30.03762,-1.90746],[30.03773,-1.90744],[30.03779,-1.90733]]]},"properties":{"objectid":40636189,"parcel_num":741,"village":"Nyagasozi","province":"Kigali City","district":"Gasabo","sector":"Gatsata","cell":"Karuruma","cell_code":"1020201","upi":"1/02/02/01/741","change_id":"BC","start_date":"2024-10-29T00:00:00.000Z","end_date":"1899-11-30T00:00:00.000Z","status":"Actual","transactio":"","accuracy":"C","area_in_we":0,"x":504194.1094436,"y":4789112.85765428,"village_co":"102020108","globalid":"{0C38C858-4AED-445C-93D4-1A339EA985BC}","st_area_sh":219.246831975,"st_length_":60.7449551707}},
{"type":"Feature","geometry":{"type":"Polygon","coordinates":[[[30.03781,-1.90725],[30.03784,-1.90718],[30.03773,-1.90717],[30.03771,-1.90717],[30.03764,-1.90716],[30.03764,-1.90719],[30.03767,-1.90729],[30.03779,-1.90733],[30.03781,-1.90725]]]},"properties":{"objectid":40636190,"parcel_num":742,"village":"Nyagasozi","province":"Kigali City","district":"Gasabo","sector":"Gatsata","cell":"Karuruma","cell_code":"1020201","upi":"1/02/02/01/742","change_id":"BC","start_date":"2024-10-29T00:00:00.000Z","end_date":"1899-11-30T00:00:00.000Z","status":"Actual","transactio":"","accuracy":"C","area_in_we":0,"x":504198.542177,"y":4789129.11319104,"village_co":"102020108","globalid":"{BC083F3B-32B3-4906-A71B-A692D596B062}","st_area_sh":260.380763795,"st_length_":69.3446252853}},
{"type":"Feature","geometry":{"type":"Polygon","coordinates":[[[30.03808,-1.9071],[30.03809,-1.90697],[30.03764,-1.90699],[30.0376,-1.9071],[30.03764,-1.90719],[30.03764,-1.90716],[30.03771,-1.90717],[30.03773,-1.90717],[30.03784,-1.90718],[30.03781,-1.90725],[30.03792,-1.90724],[30.03807,-1.90723],[30.03808,-1.9071]]]},"properties":{"objectid":40636191,"parcel_num":743,"village":"Nyagasozi","province":"Kigali City","district":"Gasabo","sector":"Gatsata","cell":"Karuruma","cell_code":"1020201","upi":"1/02/02/01/743","change_id":"BC","start_date":"2024-10-29T00:00:00.000Z","end_date":"1899-11-30T00:00:00.000Z","status":"Actual","transactio":"","accuracy":"C","area_in_we":0,"x":504212.42477319,"y":4789145.02698369,"village_co":"102020108","globalid":"{CE768D0E-909C-44EE-A078-F70063DF49A2}","st_area_sh":1355.90803572,"st_length_":169.039755515}},
{"type":"Feature","geometry":{"type":"Polygon","coordinates":[[[30.03849,-1.90727],[30.03822,-1.90726],[30.03791,-1.90745],[30.03783,-1.9075],[30.03783,-1.90751],[30.038,-1.90763],[30.03819,-1.90775],[30.03831,-1.90764],[30.03847,-1.90751],[30.03848,-1.90732],[30.03849,-1.90727]]]},"properties":{"objectid":40636192,"parcel_num":745,"village":"Nyagasozi","province":"Kigali City","district":"Gasabo","sector":"Gatsata","cell":"Karuruma","cell_code":"1020201","upi":"1/02/02/01/745","change_id":"","start_date":"1800-01-01T00:00:00.000Z","end_date":"1899-11-30T00:00:00.000Z","status":"Actual","transactio":"","accuracy":"C","area_in_we":0,"x":504244.39473803,"y":4789099.979,"village_co":"102020108","globalid":"{63CE7309-A474-41C4-8CDA-A4769E4E644E}","st_area_sh":2462.02237301,"st_length_":201.365856051}},
{"type":"Feature","geometry":{"type":"Polygon","coordinates":[[[30.03834,-1.90692],[30.0381,-1.90689],[30.03809,-1.90697],[30.03808,-1.9071],[30.03819,-1.90707],[30.03822,-1.90726],[30.03849,-1.90727],[30.03854,-1.90716],[30.03856,-1.9071],[30.03856,-1.90697],[30.03856,-1.90689],[30.03834,-1.90692]]]},"properties":{"objectid":40636193,"parcel_num":746,"village":"Nyagasozi","province":"Kigali City","district":"Gasabo","sector":"Gatsata","cell":"Karuruma","cell_code":"1020201","upi":"1/02/02/01/746","change_id":"DP","start_date":"2025-02-11T00:00:00.000Z","end_date":"1899-11-30T00:00:00.000Z","status":"Actual","transactio":"","accuracy":"C","area_in_we":0,"x":504265.75246805,"y":4789147.92752629,"village_co":"102020108","globalid":"{5C173FD8-6714-45A9-823C-C3BE3D1BC6A3}","st_area_sh":1677.58782182,"st_length_":182.900096741}},
{"type":"Feature","geometry":{"type":"Polygon","coordinates":[[[30.03837,-1.90678],[30.038,-1.90673],[30.03795,-1.90683],[30.0381,-1.90689],[30.03834,-1.90692],[30.03837,-1.90678]]]},"properties":{"objectid":40636194,"parcel_num":747,"village":"Nyagasozi","province":"Kigali City","district":"Gasabo","sector":"Gatsata","cell":"Karuruma","cell_code":"1020201","upi":"1/02/02/01/747","change_id":"","start_date":"1800-01-01T00:00:00.000Z","end_date":"1899-11-30T00:00:00.000Z","status":"Actual","transactio":"","accuracy":"C","area_in_we":0,"x":504244.913188,"y":4789174.89255,"village_co":"102020108","globalid":"{0CD3275A-4DFE-41BC-BD89-BE8108CB2B95}","st_area_sh":656.361556575,"st_length_":113.546850163}},
{"type":"Feature","geometry":{"type":"Polygon","coordinates":[[[30.03778,-1.90674],[30.03761,-1.90673],[30.03757,-1.90675],[30.03764,-1.90699],[30.03809,-1.90697],[30.0381,-1.90689],[30.03795,-1.90683],[30.0378,-1.90675],[30.03778,-1.90674]]]},"properties":{"objectid":40636195,"parcel_num":748,"village":"Nyagasozi","province":"Kigali City","district":"Gasabo","sector":"Gatsata","cell":"Karuruma","cell_code":"1020201","upi":"1/02/02/01/748","change_id":"","start_date":"1800-01-01T00:00:00.000Z","end_date":"1899-11-30T00:00:00.000Z","status":"Actual","transactio":"","accuracy":"C","area_in_we":0,"x":504207.87273167,"y":4789171.20285,"village_co":"102020108","globalid":"{9BF70030-D607-41EF-83FD-DC96FD2BAAF3}","st_area_sh":1142.82220601,"st_length_":154.597493724}},
{"type":"Feature","geometry":{"type":"Polygon","coordinates":[[[30.03832,-1.90663],[30.03817,-1.9066],[30.038,-1.90673],[30.03837,-1.90678],[30.03839,-1.90669],[30.03832,-1.90663]]]},"properties":{"objectid":40636196,"parcel_num":749,"village":"Nyagasozi","province":"Kigali City","district":"Gasabo","sector":"Gatsata","cell":"Karuruma","cell_code":"1020201","upi":"1/02/02/01/749","change_id":"","start_date":"1800-01-01T00:00:00.000Z","end_date":"1899-11-30T00:00:00.000Z","status":"Actual","transactio":"","accuracy":"C","area_in_we":0,"x":504250.87084492,"y":4789189.5724,"village_co":"102020108","globalid":"{7D73ACF2-C96F-4C36-A5D2-8F3F8350A3C5}","st_area_sh":523.32846059,"st_length_":101.986941021}},
{"type":"Feature","geometry":{"type":"Polygon","coordinates":[[[30.03764,-1.90699],[30.03757,-1.90675],[30.03747,-1.90683],[30.03735,-1.90704],[30.03735,-1.90707],[30.03747,-1.90709],[30.0376,-1.9071],[30.03764,-1.90699]]]},"properties":{"objectid":40636198,"parcel_num":750,"village":"Nyagasozi","province":"Kigali City","district":"Gasabo","sector":"Gatsata","cell":"Karuruma","cell_code":"1020201","upi":"1/02/02/01/750","change_id":"","start_date":"1800-01-01T00:00:00.000Z","end_date":"1899-11-30T00:00:00.000Z","status":"Actual","transactio":"","accuracy":"C","area_in_we":0,"x":504170.80335,"y":4789160.57789373,"village_co":"102020108","globalid":"{99D1580B-F381-41F6-8CF8-0C5D801D848E}","st_area_sh":761.88189876,"st_length_":116.159138804}},
{"type":"Feature","geometry":{"type":"Polygon","coordinates":[[[30.03747,-1.90683],[30.03733,-1.9068],[30.03722,-1.90701],[30.03735,-1.90704],[30.03747,-1.90683]]]},"properties":{"objectid":40636199,"parcel_num":751,"village":"Nyagasozi","province":"Kigali City","district":"Gasabo","sector":"Gatsata","cell":"Karuruma","cell_code":"1020201","upi":"1/02/02/01/751","change_id":"","start_date":"1800-01-01T00:00:00.000Z","end_date":"1899-11-30T00:00:00.000Z","status":"Actual","transactio":"","accuracy":"C","area_in_we":0,"x":504154.1881,"y":4789164.21564297,"village_co":"102020108","globalid":"{5D1788D6-E4C5-411D-B3D5-63B90682E3D6}","st_area_sh":380.97556692,"st_length_":84.0058368001}},
{"type":"Feature","geometry":{"type":"Polygon","coordinates":[[[30.03761,-1.90673],[30.03749,-1.90653],[30.03733,-1.9068],[30.03747,-1.90683],[30.03757,-1.90675],[30.03761,-1.90673]]]},"properties":{"objectid":40636200,"parcel_num":752,"village":"Nyagasozi","province":"Kigali City","district":"Gasabo","sector":"Gatsata","cell":"Karuruma","cell_code":"1020201","upi":"1/02/02/01/752","change_id":"","start_date":"1800-01-01T00:00:00.000Z","end_date":"1899-11-30T00:00:00.000Z","status":"Actual","transactio":"","accuracy":"C","area_in_we":0,"x":504168.3726,"y":4789188.7428052,"village_co":"102020108","globalid":"{DC60168E-F5B1-4425-B697-F0D95E4FE3C0}","st_area_sh":518.307377255,"st_length_":95.9424201412}},
{"type":"Feature","geometry":{"type":"Polygon","coordinates":[[[30.03778,-1.90674],[30.03775,-1.90655],[30.03766,-1.90654],[30.03757,-1.90639],[30.03749,-1.90653],[30.03761,-1.90673],[30.03778,-1.90674]]]},"properties":{"objectid":40636201,"parcel_num":753,"village":"Nyagasozi","province":"Kigali City","district":"Gasabo","sector":"Gatsata","cell":"Karuruma","cell_code":"1020201","upi":"1/02/02/01/753","change_id":"","start_date":"1800-01-01T00:00:00.000Z","end_date":"1899-11-30T00:00:00.000Z","status":"Actual","transactio":"","accuracy":"C","area_in_we":0,"x":504186.63562066,"y":4789203.1597,"village_co":"102020108","globalid":"{920EB10C-0402-49FA-9540-09981940682E}","st_area_sh":658.1570106,"st_length_":116.42075328}},
{"type":"Feature","geometry":{"type":"Polygon","coordinates":[[[30.03796,-1.90627],[30.03762,-1.9063],[30.03761,-1.90632],[30.03781,-1.9065],[30.03804,-1.90641],[30.03796,-1.90638],[30.03796,-1.90627]]]},"properties":{"objectid":40636202,"parcel_num":755,"village":"Nyagasozi","province":"Kigali City","district":"Gasabo","sector":"Gatsata","cell":"Karuruma","cell_code":"1020201","upi":"1/02/02/01/755","change_id":"","start_date":"1800-01-01T00:00:00.000Z","end_date":"1899-11-30T00:00:00.000Z","status":"Actual","transactio":"","accuracy":"C","area_in_we":0,"x":504208.16597961,"y":4789223.55675,"village_co":"102020108","globalid":"{2BEE36F4-5AD6-4912-80A4-A40F90E5D187}","st_area_sh":706.77103117,"st_length_":121.784241905}},
{"type":"Feature","geometry":{"type":"Polygon","coordinates":[[[30.03879,-1.90589],[30.03876,-1.90591],[30.03873,-1.90586],[30.03859,-1.90587],[30.03858,-1.90587],[30.03851,-1.9059],[30.03844,-1.90593],[30.03837,-1.90596],[30.03838,-1.90596],[30.03847,-1.906],[30.03847,-1.90605],[30.03874,-1.90597],[30.03878,-1.90609],[30.03888,-1.90607],[30.03893,-1.90607],[30.03889,-1.90596],[30.03883,-1.90599],[30.03879,-1.90589]]]},"properties":{"objectid":40636204,"parcel_num":759,"village":"Nyagasozi","province":"Kigali City","district":"Gasabo","sector":"Gatsata","cell":"Karuruma","cell_code":"1020201","upi":"1/02/02/01/759","change_id":"BC","start_date":"1800-01-01T00:00:00.000Z","end_date":"1899-11-30T00:00:00.000Z","status":"Actual","transactio":"","accuracy":"C","area_in_we":0,"x":504290.69580694,"y":4789268.59795,"village_co":"102020108","globalid":"{F4E661EC-C645-42B2-B358-37275E71FCCD}","st_area_sh":745.49019897,"st_length_":164.766065886}},
{"type":"Feature","geometry":{"type":"Polygon","coordinates":[[[30.03879,-1.90589],[30.03892,-1.90583],[30.03888,-1.90574],[30.03877,-1.90579],[30.03873,-1.90586],[30.03876,-1.90591],[30.03879,-1.90589]]]},"properties":{"objectid":40636206,"parcel_num":760,"village":"Nyagasozi","province":"Kigali City","district":"Gasabo","sector":"Gatsata","cell":"Karuruma","cell_code":"1020201","upi":"1/02/02/01/760","change_id":"","start_date":"1800-01-01T00:00:00.000Z","end_date":"1899-11-30T00:00:00.000Z","status":"Actual","transactio":"","accuracy":"C","area_in_we":0,"x":504320.6316394,"y":4789284.9678,"village_co":"102020108","globalid":"{67539836-AD90-4B09-B7C0-9C1CE8EB1728}","st_area_sh":187.813665015,"st_length_":60.3355122288}},
{"type":"Feature","geometry":{"type":"Polygon","coordinates":[[[30.0383,-1.90585],[30.03827,-1.90576],[30.03811,-1.90578],[30.03819,-1.90598],[30.03822,-1.90604],[30.03838,-1.90598],[30.03838,-1.90596],[30.03837,-1.90596],[30.0383,-1.90585]]]},"properties":{"objectid":40636207,"parcel_num":762,"village":"Nyagasozi","province":"Kigali City","district":"Gasabo","sector":"Gatsata","cell":"Karuruma","cell_code":"1020201","upi":"1/02/02/01/762","change_id":"BC","start_date":"1800-01-01T00:00:00.000Z","end_date":"1899-11-30T00:00:00.000Z","status":"Actual","transactio":"","accuracy":"C","area_in_we":0,"x":504254.66195,"y":4789276.7772969,"village_co":"102020108","globalid":"{89338E03-71AF-4CA2-AA7F-DF78DB77246F}","st_area_sh":486.118816895,"st_length_":98.7183767624}},
{"type":"Feature","geometry":{"type":"Polygon","coordinates":[[[30.03811,-1.90578],[30.0381,-1.90578],[30.0379,-1.9058],[30.03783,-1.9058],[30.03768,-1.90581],[30.03767,-1.90612],[30.03762,-1.9063],[30.03796,-1.90627],[30.03809,-1.90622],[30.03804,-1.90621],[30.03802,-1.90607],[30.03819,-1.90598],[30.03811,-1.90578]]]},"properties":{"objectid":40636208,"parcel_num":763,"village":"Nyagasozi","province":"Kigali City","district":"Gasabo","sector":"Gatsata","cell":"Karuruma","cell_code":"1020201","upi":"1/02/02/01/763","change_id":"BC","start_date":"1800-01-01T00:00:00.000Z","end_date":"1899-11-30T00:00:00.000Z","status":"Actual","transactio":"","accuracy":"C","area_in_we":0,"x":504216.82175,"y":4789262.45320684,"village_co":"102020108","globalid":"{BC95BE1C-E990-4955-B558-338B28701B93}","st_area_sh":2465.65897698,"st_length_":224.542026483}},
{"type":"Feature","geometry":{"type":"Polygon","coordinates":[[[30.03816,-1.90565],[30.03812,-1.90557],[30.03802,-1.90562],[30.03786,-1.90568],[30.0379,-1.9058],[30.0381,-1.90578],[30.03807,-1.90569],[30.03816,-1.90565]]]},"properties":{"objectid":40636209,"parcel_num":764,"village":"Nyagasozi","province":"Kigali City","district":"Gasabo","sector":"Gatsata","cell":"Karuruma","cell_code":"1020201","upi":"1/02/02/01/764","change_id":"","start_date":"1800-01-01T00:00:00.000Z","end_date":"1899-11-30T00:00:00.000Z","status":"Actual","transactio":"","accuracy":"C","area_in_we":0,"x":504225.00793831,"y":4789300.8124,"village_co":"102020108","globalid":"{0DED2C66-181B-4EDB-8014-48BBD72BAE6D}","st_area_sh":445.3394108,"st_length_":97.3791755106}},
{"type":"Feature","geometry":{"type":"Polygon","coordinates":[[[30.03802,-1.90562],[30.03796,-1.90552],[30.03775,-1.90555],[30.03783,-1.9058],[30.0379,-1.9058],[30.03786,-1.90568],[30.03802,-1.90562]]]},"properties":{"objectid":40636210,"parcel_num":765,"village":"Nyagasozi","province":"Kigali City","district":"Gasabo","sector":"Gatsata","cell":"Karuruma","cell_code":"1020201","upi":"1/02/02/01/765","change_id":"","start_date":"1800-01-01T00:00:00.000Z","end_date":"1899-11-30T00:00:00.000Z","status":"Actual","transactio":"","accuracy":"C","area_in_we":0,"x":504209.85765535,"y":4789302.8724,"village_co":"102020108","globalid":"{B83C45C4-2FEF-4172-B305-021EF7528218}","st_area_sh":502.164922295,"st_length_":106.172871031}},
{"type":"Feature","geometry":{"type":"Polygon","coordinates":[[[30.03768,-1.90523],[30.03764,-1.9052],[30.03763,-1.90529],[30.03768,-1.90581],[30.03783,-1.9058],[30.03775,-1.90555],[30.03796,-1.90552],[30.03793,-1.90547],[30.03787,-1.90533],[30.03777,-1.90539],[30.03768,-1.90523]]]},"properties":{"objectid":40636211,"parcel_num":766,"village":"Nyagasozi","province":"Kigali City","district":"Gasabo","sector":"Gatsata","cell":"Karuruma","cell_code":"1020201","upi":"1/02/02/01/766","change_id":"","start_date":"1800-01-01T00:00:00.000Z","end_date":"1899-11-30T00:00:00.000Z","status":"Actual","transactio":"","accuracy":"C","area_in_we":0,"x":504205.29339829,"y":4789321.29955,"village_co":"102020108","globalid":"{144DF5C2-C88C-4D22-A010-018EDCB67131}","st_area_sh":1061.58711239,"st_length_":200.803324509}},
{"type":"Feature","geometry":{"type":"Polygon","coordinates":[[[30.03825,-1.90546],[30.03811,-1.90539],[30.03793,-1.90547],[30.03796,-1.90552],[30.03802,-1.90562],[30.03812,-1.90557],[30.03825,-1.90546]]]},"properties":{"objectid":40636212,"parcel_num":769,"village":"Nyagasozi","province":"Kigali City","district":"Gasabo","sector":"Gatsata","cell":"Karuruma","cell_code":"1020201","upi":"1/02/02/01/769","change_id":"","start_date":"1800-01-01T00:00:00.000Z","end_date":"1899-11-30T00:00:00.000Z","status":"Actual","transactio":"","accuracy":"C","area_in_we":0,"x":504236.71649983,"y":4789320.05715,"village_co":"102020108","globalid":"{5D3E8728-AA9F-4885-8758-4CAD5DDA2078}","st_area_sh":482.90677236,"st_length_":91.6923196524}},
{"type":"Feature","geometry":{"type":"Polygon","coordinates":[[[30.03847,-1.90537],[30.03803,-1.90516],[30.03788,-1.90514],[30.03794,-1.90525],[30.03802,-1.90522],[30.03811,-1.90539],[30.03825,-1.90546],[30.03843,-1.90541],[30.03847,-1.90537]]]},"properties":{"objectid":40636214,"parcel_num":770,"village":"Nyagasozi","province":"Kigali City","district":"Gasabo","sector":"Gatsata","cell":"Karuruma","cell_code":"1020201","upi":"1/02/02/01/770","change_id":"","start_date":"1800-01-01T00:00:00.000Z","end_date":"1899-11-30T00:00:00.000Z","status":"Actual","transactio":"","accuracy":"C","area_in_we":0,"x":504248.43075266,"y":4789343.8299,"village_co":"102020108","globalid":"{FA638A60-9A3C-4375-8936-32886F120AE3}","st_area_sh":894.010435465,"st_length_":162.210914639}},
{"type":"Feature","geometry":{"type":"Polygon","coordinates":[[[30.03846,-1.90555],[30.0385,-1.90552],[30.03843,-1.90541],[30.03825,-1.90546],[30.03812,-1.90557],[30.03816,-1.90565],[30.03836,-1.90558],[30.03846,-1.90555]]]},"properties":{"objectid":40636215,"parcel_num":771,"village":"Nyagasozi","province":"Kigali City","district":"Gasabo","sector":"Gatsata","cell":"Karuruma","cell_code":"1020201","upi":"1/02/02/01/771","change_id":"","start_date":"1800-01-01T00:00:00.000Z","end_date":"1899-11-30T00:00:00.000Z","status":"Actual","transactio":"","accuracy":"C","area_in_we":0,"x":504264.72901779,"y":4789317.79535,"village_co":"102020108","globalid":"{421520B0-2D5B-45C2-96D1-1C5D48B3DF4E}","st_area_sh":573.20805057,"st_length_":108.227053027}},
{"type":"Feature","geometry":{"type":"Polygon","coordinates":[[[30.03836,-1.90558],[30.03816,-1.90565],[30.03807,-1.90569],[30.0381,-1.90578],[30.03811,-1.90578],[30.03827,-1.90576],[30.0383,-1.90585],[30.03842,-1.90579],[30.03849,-1.90576],[30.03853,-1.90574],[30.0385,-1.90563],[30.0384,-1.90568],[30.03836,-1.90558]]]},"properties":{"objectid":40636216,"parcel_num":772,"village":"Nyagasozi","province":"Kigali City","district":"Gasabo","sector":"Gatsata","cell":"Karuruma","cell_code":"1020201","upi":"1/02/02/01/772","change_id":"","start_date":"1800-01-01T00:00:00.000Z","end_date":"1899-11-30T00:00:00.000Z","status":"Actual","transactio":"","accuracy":"C","area_in_we":0,"x":504260.34664518,"y":4789297.5826,"village_co":"102020108","globalid":"{7210F7BB-5CE2-47FB-96BA-34319E7ED347}","st_area_sh":852.21066482,"st_length_":141.593324453}},
{"type":"Feature","geometry":{"type":"Polygon","coordinates":[[[30.0385,-1.90563],[30.03846,-1.90555],[30.03836,-1.90558],[30.0384,-1.90568],[30.0385,-1.90563]]]},"properties":{"objectid":40636217,"parcel_num":773,"village":"Nyagasozi","province":"Kigali City","district":"Gasabo","sector":"Gatsata","cell":"Karuruma","cell_code":"1020201","upi":"1/02/02/01/773","change_id":"","start_date":"1800-01-01T00:00:00.000Z","end_date":"1899-11-30T00:00:00.000Z","status":"Actual","transactio":"","accuracy":"C","area_in_we":0,"x":504275.26445804,"y":4789308.5477,"village_co":"102020108","globalid":"{D78DDD0C-68ED-4494-B5ED-63783898AEE1}","st_area_sh":113.08954233,"st_length_":46.654691397}},
{"type":"Feature","geometry":{"type":"Polygon","coordinates":[[[30.03869,-1.90549],[30.03847,-1.90537],[30.03843,-1.90541],[30.0385,-1.90552],[30.03846,-1.90555],[30.0385,-1.90563],[30.03858,-1.90557],[30.03869,-1.90549]]]},"properties":{"objectid":40636218,"parcel_num":774,"village":"Nyagasozi","province":"Kigali City","district":"Gasabo","sector":"Gatsata","cell":"Karuruma","cell_code":"1020201","upi":"1/02/02/01/774","change_id":"","start_date":"1800-01-01T00:00:00.000Z","end_date":"1899-11-30T00:00:00.000Z","status":"Actual","transactio":"","accuracy":"C","area_in_we":0,"x":504292.13989999,"y":4789321.1712,"village_co":"102020108","globalid":"{42421D47-A1D1-4E08-929D-5A85B52B9F45}","st_area_sh":381.833088705,"st_length_":89.8902229323}},
{"type":"Feature","geometry":{"type":"Polygon","coordinates":[[[30.03865,-1.90568],[30.03858,-1.90557],[30.0385,-1.90563],[30.03853,-1.90574],[30.03858,-1.90587],[30.03859,-1.90587],[30.03862,-1.90585],[30.03859,-1.90568],[30.03865,-1.90568]]]},"properties":{"objectid":40636219,"parcel_num":775,"village":"Nyagasozi","province":"Kigali City","district":"Gasabo","sector":"Gatsata","cell":"Karuruma","cell_code":"1020201","upi":"1/02/02/01/775","change_id":"","start_date":"1800-01-01T00:00:00.000Z","end_date":"1899-11-30T00:00:00.000Z","status":"Actual","transactio":"","accuracy":"C","area_in_we":0,"x":504290.71625,"y":4789297.04383855,"village_co":"102020108","globalid":"{2A7D416E-E54A-4ABE-8633-1F28DE7316E4}","st_area_sh":280.81452473,"st_length_":86.1064955416}},
{"type":"Feature","geometry":{"type":"Polygon","coordinates":[[[30.03882,-1.90557],[30.03869,-1.90549],[30.03858,-1.90557],[30.03865,-1.90568],[30.03869,-1.90566],[30.0388,-1.90561],[30.03882,-1.90557]]]},"properties":{"objectid":40636220,"parcel_num":776,"village":"Nyagasozi","province":"Kigali City","district":"Gasabo","sector":"Gatsata","cell":"Karuruma","cell_code":"1020201","upi":"1/02/02/01/776","change_id":"","start_date":"1800-01-01T00:00:00.000Z","end_date":"1899-11-30T00:00:00.000Z","status":"Actual","transactio":"","accuracy":"C","area_in_we":0,"x":504305.16515535,"y":4789311.3685,"village_co":"102020108","globalid":"{1DAD4419-7BBA-4C22-82FC-C0FE82FA62CE}","st_area_sh":314.291715655,"st_length_":71.1107041821}},
{"type":"Feature","geometry":{"type":"Polygon","coordinates":[[[30.03872,-1.90573],[30.03869,-1.90566],[30.03865,-1.90568],[30.03859,-1.90568],[30.03862,-1.90585],[30.03872,-1.90573]]]},"properties":{"objectid":40636221,"parcel_num":777,"village":"Nyagasozi","province":"Kigali City","district":"Gasabo","sector":"Gatsata","cell":"Karuruma","cell_code":"1020201","upi":"1/02/02/01/777","change_id":"","start_date":"1800-01-01T00:00:00.000Z","end_date":"1899-11-30T00:00:00.000Z","status":"Actual","transactio":"","accuracy":"C","area_in_we":0,"x":504300.60565,"y":4789292.90417161,"village_co":"102020108","globalid":"{63104F55-6D7B-48DC-9756-D9DEC3CC6C7E}","st_area_sh":171.762620725,"st_length_":58.8677189668}},
{"type":"Feature","geometry":{"type":"Polygon","coordinates":[[[30.03888,-1.90572],[30.0388,-1.90561],[30.03869,-1.90566],[30.03872,-1.90573],[30.03877,-1.90579],[30.03888,-1.90574],[30.03888,-1.90572]]]},"properties":{"objectid":40636222,"parcel_num":778,"village":"Nyagasozi","province":"Kigali City","district":"Gasabo","sector":"Gatsata","cell":"Karuruma","cell_code":"1020201","upi":"1/02/02/01/778","change_id":"","start_date":"1800-01-01T00:00:00.000Z","end_date":"1899-11-30T00:00:00.000Z","status":"Actual","transactio":"","accuracy":"C","area_in_we":0,"x":504314.81815,"y":4789298.80701682,"village_co":"102020108","globalid":"{D90695B9-1E5F-4E0B-A07A-9608DD9652F9}","st_area_sh":241.857358065,"st_length_":62.6573297467}},
{"type":"Feature","geometry":{"type":"Polygon","coordinates":[[[30.03877,-1.90579],[30.03872,-1.90573],[30.03862,-1.90585],[30.03859,-1.90587],[30.03873,-1.90586],[30.03877,-1.90579]]]},"properties":{"objectid":40636223,"parcel_num":779,"village":"Nyagasozi","province":"Kigali City","district":"Gasabo","sector":"Gatsata","cell":"Karuruma","cell_code":"1020201","upi":"1/02/02/01/779","change_id":"","start_date":"1800-01-01T00:00:00.000Z","end_date":"1899-11-30T00:00:00.000Z","status":"Actual","transactio":"","accuracy":"C","area_in_we":0,"x":504307.54110916,"y":4789286.84215,"village_co":"102020108","globalid":"{95C8513F-CBFC-4691-B080-6F7C1D2F0868}","st_area_sh":169.754245335,"st_length_":59.1756542831}},
{"type":"Feature","geometry":{"type":"Polygon","coordinates":[[[30.03905,-1.90568],[30.03882,-1.90557],[30.0388,-1.90561],[30.03888,-1.90572],[30.03905,-1.90568]]]},"properties":{"objectid":40636225,"parcel_num":780,"village":"Nyagasozi","province":"Kigali City","district":"Gasabo","sector":"Gatsata","cell":"Karuruma","cell_code":"1020201","upi":"1/02/02/01/780","change_id":"","start_date":"1800-01-01T00:00:00.000Z","end_date":"1899-11-30T00:00:00.000Z","status":"Actual","transactio":"","accuracy":"C","area_in_we":0,"x":504327.71928036,"y":4789304.99425,"village_co":"102020108","globalid":"{4BDF5DE7-4A40-408E-A6F1-4EB05530E5F6}","st_area_sh":217.34107726,"st_length_":69.0650526596}},
{"type":"Feature","geometry":{"type":"Polygon","coordinates":[[[30.03933,-1.90581],[30.03905,-1.90568],[30.03888,-1.90572],[30.03888,-1.90574],[30.03892,-1.90583],[30.03879,-1.90589],[30.03883,-1.90599],[30.03889,-1.90596],[30.03933,-1.90581]]]},"properties":{"objectid":40636226,"parcel_num":781,"village":"Nyagasozi","province":"Kigali City","district":"Gasabo","sector":"Gatsata","cell":"Karuruma","cell_code":"1020201","upi":"1/02/02/01/781","change_id":"","start_date":"1800-01-01T00:00:00.000Z","end_date":"1899-11-30T00:00:00.000Z","status":"Actual","transactio":"","accuracy":"C","area_in_we":0,"x":504348.75568677,"y":4789283.96615,"village_co":"102020108","globalid":"{518E1DE7-8146-4B11-9BD8-68C764023BFA}","st_area_sh":938.38410687,"st_length_":151.636225592}},
{"type":"Feature","geometry":{"type":"Polygon","coordinates":[[[30.0394,-1.90626],[30.03938,-1.90619],[30.03937,-1.90615],[30.03936,-1.9061],[30.03935,-1.90606],[30.03931,-1.90605],[30.03929,-1.90604],[30.03928,-1.90602],[30.03921,-1.90605],[30.03925,-1.90627],[30.0394,-1.90626]]]},"properties":{"objectid":40636228,"parcel_num":784,"village":"Nyagasozi","province":"Kigali City","district":"Gasabo","sector":"Gatsata","cell":"Karuruma","cell_code":"1020201","upi":"1/02/02/01/784","change_id":"BC","start_date":"2025-04-17T00:00:00.000Z","end_date":"1899-11-30T00:00:00.000Z","status":"Actual","transactio":"","accuracy":"C","area_in_we":0,"x":504372.33836239,"y":4789248.96920434,"village_co":"102020108","globalid":"{23F0B2B2-F39F-437A-BF62-30161F333A5D}","st_area_sh":369.41918978,"st_length_":80.8797696904}},
{"type":"Feature","geometry":{"type":"Polygon","coordinates":[[[30.03967,-1.90598],[30.03949,-1.90589],[30.03952,-1.90609],[30.03966,-1.90612],[30.03967,-1.90598]]]},"properties":{"objectid":40636229,"parcel_num":786,"village":"Nyagasozi","province":"Kigali City","district":"Gasabo","sector":"Gatsata","cell":"Karuruma","cell_code":"1020201","upi":"1/02/02/01/786","change_id":"","start_date":"1800-01-01T00:00:00.000Z","end_date":"1899-11-30T00:00:00.000Z","status":"Actual","transactio":"","accuracy":"C","area_in_we":0,"x":504403.45595,"y":4789264.12311591,"village_co":"102020108","globalid":"{BD254292-8D33-430A-911F-DC22C9ED4E69}","st_area_sh":376.931559925,"st_length_":79.6693318238}},
{"type":"Feature","geometry":{"type":"Polygon","coordinates":[[[30.03515,-1.90772],[30.0351,-1.9076],[30.03504,-1.90763],[30.03507,-1.90774],[30.03515,-1.90772]]]},"properties":{"objectid":40636230,"parcel_num":787,"village":"Nyagasozi","province":"Kigali City","district":"Gasabo","sector":"Gatsata","cell":"Karuruma","cell_code":"1020201","upi":"1/02/02/01/787","change_id":"","start_date":"1800-01-01T00:00:00.000Z","end_date":"1899-11-30T00:00:00.000Z","status":"Actual","transactio":"","accuracy":"C","area_in_we":0,"x":503903.8091,"y":4789081.17925675,"village_co":"102020108","globalid":"{3AE86BEF-E8D2-467A-8F52-9AC14BC254EE}","st_area_sh":113.63781725,"st_length_":44.0871209136}},
{"type":"Feature","geometry":{"type":"Polygon","coordinates":[[[30.0351,-1.9076],[30.03497,-1.90739],[30.03491,-1.90737],[30.03487,-1.90739],[30.03483,-1.9077],[30.03494,-1.90779],[30.03518,-1.90786],[30.03515,-1.90772],[30.03507,-1.90774],[30.03504,-1.90763],[30.0351,-1.9076]]]},"properties":{"objectid":40636231,"parcel_num":788,"village":"Nyagasozi","province":"Kigali City","district":"Gasabo","sector":"Gatsata","cell":"Karuruma","cell_code":"1020201","upi":"1/02/02/01/788","change_id":"","start_date":"1800-01-01T00:00:00.000Z","end_date":"1899-11-30T00:00:00.000Z","status":"Actual","transactio":"","accuracy":"C","area_in_we":0,"x":503894.41185,"y":4789086.73776179,"village_co":"102020108","globalid":"{716CCE45-00A5-400A-A554-674AB19DFD1C}","st_area_sh":1127.25039037,"st_length_":165.36612897}},
{"type":"Feature","geometry":{"type":"Polygon","coordinates":[[[30.03518,-1.90786],[30.03494,-1.90779],[30.03483,-1.9077],[30.03476,-1.9082],[30.03521,-1.90811],[30.03518,-1.90786]]]},"properties":{"objectid":40636232,"parcel_num":789,"village":"Nyagasozi","province":"Kigali City","district":"Gasabo","sector":"Gatsata","cell":"Karuruma","cell_code":"1020201","upi":"1/02/02/01/789","change_id":"","start_date":"1800-01-01T00:00:00.000Z","end_date":"1899-11-30T00:00:00.000Z","status":"Actual","transactio":"","accuracy":"C","area_in_we":0,"x":503893.82513702,"y":4789050.0738,"village_co":"102020108","globalid":"{B0D4195D-910C-4BBD-BFEC-92FB53D9BBFC}","st_area_sh":1810.15339146,"st_length_":181.582521644}},
{"type":"Feature","geometry":{"type":"Polygon","coordinates":[[[30.03523,-1.90831],[30.03521,-1.90811],[30.03476,-1.9082],[30.03469,-1.90848],[30.03492,-1.90843],[30.03523,-1.90831]]]},"properties":{"objectid":40636234,"parcel_num":790,"village":"Nyagasozi","province":"Kigali City","district":"Gasabo","sector":"Gatsata","cell":"Karuruma","cell_code":"1020201","upi":"1/02/02/01/790","change_id":"","start_date":"1800-01-01T00:00:00.000Z","end_date":"1899-11-30T00:00:00.000Z","status":"Actual","transactio":"","accuracy":"C","area_in_we":0,"x":503892.66979386,"y":4789011.64455,"village_co":"102020108","globalid":"{CE589B41-8347-4EFF-BB09-CDA52832BCD9}","st_area_sh":1505.07744653,"st_length_":171.859706882}},
{"type":"Feature","geometry":{"type":"Polygon","coordinates":[[[30.03524,-1.90855],[30.03523,-1.90831],[30.03492,-1.90843],[30.03493,-1.90865],[30.03521,-1.90856],[30.03524,-1.90855]]]},"properties":{"objectid":40636235,"parcel_num":791,"village":"Nyagasozi","province":"Kigali City","district":"Gasabo","sector":"Gatsata","cell":"Karuruma","cell_code":"1020201","upi":"1/02/02/01/791","change_id":"","start_date":"1800-01-01T00:00:00.000Z","end_date":"1899-11-30T00:00:00.000Z","status":"Actual","transactio":"","accuracy":"C","area_in_we":0,"x":503904.29467882,"y":4788992.04675,"village_co":"102020108","globalid":"{EFC275F3-DCB0-4312-A098-5606C9F64038}","st_area_sh":1002.99774295,"st_length_":130.941827274}},
{"type":"Feature","geometry":{"type":"Polygon","coordinates":[[[30.03493,-1.90865],[30.03492,-1.90843],[30.03469,-1.90848],[30.03465,-1.9087],[30.0347,-1.90869],[30.03493,-1.90865]]]},"properties":{"objectid":40636236,"parcel_num":792,"village":"Nyagasozi","province":"Kigali City","district":"Gasabo","sector":"Gatsata","cell":"Karuruma","cell_code":"1020201","upi":"1/02/02/01/792","change_id":"","start_date":"1800-01-01T00:00:00.000Z","end_date":"1899-11-30T00:00:00.000Z","status":"Actual","transactio":"","accuracy":"C","area_in_we":0,"x":503871.52729663,"y":4788981.9889,"village_co":"102020108","globalid":"{D559950B-56CC-4C7A-BD6A-95ED16F8762B}","st_area_sh":677.2213596,"st_length_":107.673476241}},
{"type":"Feature","geometry":{"type":"Polygon","coordinates":[[[30.03529,-1.90889],[30.03524,-1.90855],[30.03521,-1.90856],[30.03521,-1.9089],[30.03529,-1.90889]]]},"properties":{"objectid":40636237,"parcel_num":793,"village":"Nyagasozi","province":"Kigali City","district":"Gasabo","sector":"Gatsata","cell":"Karuruma","cell_code":"1020201","upi":"1/02/02/01/793","change_id":"","start_date":"1800-01-01T00:00:00.000Z","end_date":"1899-11-30T00:00:00.000Z","status":"Actual","transactio":"","accuracy":"C","area_in_we":0,"x":503922.41405,"y":4788965.16763084,"village_co":"102020108","globalid":"{E5473F6D-F562-4525-B08A-16F6B3F7385F}","st_area_sh":396.057078505,"st_length_":95.3222567903}},
{"type":"Feature","geometry":{"type":"Polygon","coordinates":[[[30.03521,-1.9089],[30.03521,-1.90856],[30.03493,-1.90865],[30.0347,-1.90869],[30.03469,-1.90884],[30.03475,-1.90889],[30.03482,-1.9089],[30.0348,-1.90909],[30.03466,-1.90934],[30.03451,-1.90928],[30.03442,-1.90924],[30.03419,-1.90947],[30.03418,-1.90955],[30.0344,-1.90955],[30.03479,-1.90955],[30.03503,-1.90903],[30.03505,-1.90889],[30.03521,-1.9089]]]},"properties":{"objectid":40636238,"parcel_num":794,"village":"Nyagasozi","province":"Kigali City","district":"Gasabo","sector":"Gatsata","cell":"Karuruma","cell_code":"1020201","upi":"1/02/02/01/794","change_id":"","start_date":"1800-01-01T00:00:00.000Z","end_date":"1899-11-30T00:00:00.000Z","status":"Actual","transactio":"","accuracy":"C","area_in_we":0,"x":503858.2627,"y":4788886.83196409,"village_co":"102020108","globalid":"{FF350F69-B7B8-4C3D-B4CB-F4E404141AE8}","st_area_sh":4583.41071885,"st_length_":424.250190972}},
{"type":"Feature","geometry":{"type":"Polygon","coordinates":[[[30.03469,-1.90884],[30.0347,-1.90869],[30.03465,-1.9087],[30.03461,-1.90885],[30.03469,-1.90884]]]},"properties":{"objectid":40636239,"parcel_num":795,"village":"Nyagasozi","province":"Kigali City","district":"Gasabo","sector":"Gatsata","cell":"Karuruma","cell_code":"1020201","upi":"1/02/02/01/795","change_id":"","start_date":"1800-01-01T00:00:00.000Z","end_date":"1899-11-30T00:00:00.000Z","status":"Actual","transactio":"","accuracy":"C","area_in_we":0,"x":503855.4786,"y":4788959.05878479,"village_co":"102020108","globalid":"{847EF0C5-8E64-4936-8D77-89A81D80F625}","st_area_sh":118.1257191,"st_length_":48.0739847777}},
{"type":"Feature","geometry":{"type":"Polygon","coordinates":[[[30.0348,-1.90909],[30.03482,-1.9089],[30.03475,-1.90889],[30.03472,-1.90906],[30.0348,-1.90909]]]},"properties":{"objectid":40636240,"parcel_num":796,"village":"Nyagasozi","province":"Kigali City","district":"Gasabo","sector":"Gatsata","cell":"Karuruma","cell_code":"1020201","upi":"1/02/02/01/796","change_id":"","start_date":"1800-01-01T00:00:00.000Z","end_date":"1899-11-30T00:00:00.000Z","status":"Actual","transactio":"","accuracy":"C","area_in_we":0,"x":503868.5183,"y":4788935.6384718,"village_co":"102020108","globalid":"{433E863B-B4AF-4E0B-A630-80F5D0E7E893}","st_area_sh":166.838296845,"st_length_":56.83507548}},
{"type":"Feature","geometry":{"type":"Polygon","coordinates":[[[30.03475,-1.90889],[30.03469,-1.90884],[30.03461,-1.90885],[30.03456,-1.90902],[30.03442,-1.90924],[30.03451,-1.90928],[30.03465,-1.90902],[30.03472,-1.90906],[30.03475,-1.90889]]]},"properties":{"objectid":40636241,"parcel_num":797,"village":"Nyagasozi","province":"Kigali City","district":"Gasabo","sector":"Gatsata","cell":"Karuruma","cell_code":"1020201","upi":"1/02/02/01/797","change_id":"","start_date":"1800-01-01T00:00:00.000Z","end_date":"1899-11-30T00:00:00.000Z","status":"Actual","transactio":"","accuracy":"C","area_in_we":0,"x":503847.7742,"y":4788928.57957003,"village_co":"102020108","globalid":"{2A758728-E50F-4EB4-8E46-FF19F500D268}","st_area_sh":605.08790401,"st_length_":139.500812317}},
{"type":"Feature","geometry":{"type":"Polygon","coordinates":[[[30.03472,-1.90906],[30.03465,-1.90902],[30.03451,-1.90928],[30.03466,-1.90934],[30.0348,-1.90909],[30.03472,-1.90906]]]},"properties":{"objectid":40636242,"parcel_num":798,"village":"Nyagasozi","province":"Kigali City","district":"Gasabo","sector":"Gatsata","cell":"Karuruma","cell_code":"1020201","upi":"1/02/02/01/798","change_id":"","start_date":"1800-01-01T00:00:00.000Z","end_date":"1899-11-30T00:00:00.000Z","status":"Actual","transactio":"","accuracy":"C","area_in_we":0,"x":503855.3974,"y":4788914.51041444,"village_co":"102020108","globalid":"{4CFC5579-025F-4981-995D-135B7C416FFB}","st_area_sh":567.77584414,"st_length_":100.130351066}},
{"type":"Feature","geometry":{"type":"Polygon","coordinates":[[[30.03521,-1.9089],[30.03505,-1.90889],[30.03503,-1.90903],[30.03479,-1.90955],[30.03508,-1.90949],[30.03536,-1.90945],[30.03547,-1.90939],[30.03534,-1.90916],[30.03526,-1.90908],[30.03529,-1.90889],[30.03521,-1.9089]]]},"properties":{"objectid":40636243,"parcel_num":799,"village":"Nyagasozi","province":"Kigali City","district":"Gasabo","sector":"Gatsata","cell":"Karuruma","cell_code":"1020201","upi":"1/02/02/01/799","change_id":"","start_date":"1800-01-01T00:00:00.000Z","end_date":"1899-11-30T00:00:00.000Z","status":"Actual","transactio":"","accuracy":"C","area_in_we":0,"x":503908.46185,"y":4788913.30700864,"village_co":"102020108","globalid":"{2139230E-6FC3-4985-A81D-44A575E0A1F5}","st_area_sh":2994.32251694,"st_length_":250.288255227}},
{"type":"Feature","geometry":{"type":"Polygon","coordinates":[[[30.0446,-1.90739],[30.04447,-1.90737],[30.04443,-1.90739],[30.0446,-1.90741],[30.0446,-1.90739]]]},"properties":{"objectid":40636352,"parcel_num":903,"village":"Rugoro","province":"Kigali City","district":"Gasabo","sector":"Gatsata","cell":"Karuruma","cell_code":"1020201","upi":"1/02/02/01/903","change_id":"","start_date":"1800-01-01T00:00:00.000Z","end_date":"1899-11-30T00:00:00.000Z","status":"Actual","transactio":"","accuracy":"C","area_in_we":0,"x":504953.48166437,"y":4789103.0169,"village_co":"102020109","globalid":"{FECF111F-4E50-420D-B081-F68EF86DE9BC}","st_area_sh":396.842530925,"st_length_":79.6249271564}},
{"type":"Feature","geometry":{"type":"Polygon","coordinates":[[[30.04535,-1.90727],[30.04523,-1.90718],[30.04542,-1.90734],[30.04543,-1.90731],[30.04535,-1.90727]]]},"properties":{"objectid":40636359,"parcel_num":910,"village":"Rugoro","province":"Kigali City","district":"Gasabo","sector":"Gatsata","cell":"Karuruma","cell_code":"1020201","upi":"1/02/02/01/910","change_id":"","start_date":"1800-01-01T00:00:00.000Z","end_date":"1899-11-30T00:00:00.000Z","status":"Actual","transactio":"","accuracy":"C","area_in_we":0,"x":505035.46561603,"y":4789117.63575,"village_co":"102020109","globalid":"{E4FD6580-E804-4647-8441-5270295A899D}","st_area_sh":724.51383697,"st_length_":108.217684037}},
{"type":"Feature","geometry":null,"properties":{"objectid":40698500,"parcel_num":100,"village":"Bukamba","province":"Kigali City","district":"Gasabo","sector":"Jali","cell":"Agateko","cell_code":"1020601","upi":"1/02/06/01/100","change_id":"","start_date":"1800-01-01T00:00:00.000Z","end_date":"1899-11-30T00:00:00.000Z","status":"Actual","transactio":"","accuracy":"C","area_in_we":0,"x":505166.28238478,"y":4789123.8773,"village_co":"102060102","globalid":"{729D7531-388A-4B96-9CE1-B141BE52ED66}","st_area_sh":1492.55779915,"st_length_":163.260908891}},
{"type":"Feature","geometry":{"type":"Polygon","coordinates":[[[30.03452,-1.91222],[30.03445,-1.91175],[30.03455,-1.91252],[30.03452,-1.91222]]]},"properties":{"objectid":40699508,"parcel_num":2268,"village":"Rwankuba","province":"Kigali City","district":"Gasabo","sector":"Jali","cell":"Agateko","cell_code":"1020601","upi":"1/02/06/01/2268","change_id":"BC","start_date":"2020-11-29T00:00:00.000Z","end_date":"1899-11-30T00:00:00.000Z","status":"Actual","transactio":"","accuracy":"C","area_in_we":0,"x":502999.18457796,"y":4790196.6943437,"village_co":"102060107","globalid":"{162DDBFB-5437-432D-ACAE-9995681C8978}","st_area_sh":1037717.39179,"st_length_":10911.5300057}},
{"type":"Feature","geometry":{"type":"Polygon","coordinates":[[[30.03546,-1.90901],[30.03539,-1.90898],[30.03543,-1.90904],[30.03546,-1.90901]]]},"properties":{"objectid":40700866,"parcel_num":400,"village":"Kabizoza","province":"Kigali City","district":"Gasabo","sector":"Jali","cell":"Agateko","cell_code":"1020601","upi":"1/02/06/01/400","change_id":"","start_date":"1800-01-01T00:00:00.000Z","end_date":"1899-11-30T00:00:00.000Z","status":"Actual","transactio":"","accuracy":"C","area_in_we":0,"x":503955.2853,"y":4788964.9682624,"village_co":"102060104","globalid":"{E3D2D78B-CD53-49EA-8360-5076C1F72F97}","st_area_sh":1467.10925843,"st_length_":163.37762609}},
{"type":"Feature","geometry":null,"properties":{"objectid":40701344,"parcel_num":4626,"village":"Kabizoza","province":"Kigali City","district":"Gasabo","sector":"Jali","cell":"Agateko","cell_code":"1020601","upi":"1/02/06/01/4626","change_id":"MP","start_date":"2024-01-05T00:00:00.000Z","end_date":"1899-11-30T00:00:00.000Z","status":"Actual","transactio":"","accuracy":"C","area_in_we":0,"x":504362.55829967,"y":4789313.66819582,"village_co":"102060104","globalid":"{865FE49B-D2A9-4C6E-9127-92CFD9451472}","st_area_sh":650.36814896,"st_length_":106.813381394}},
{"type":"Feature","geometry":{"type":"Polygon","coordinates":[[[30.03422,-1.91503],[30.03438,-1.9148],[30.03419,-1.91505],[30.03422,-1.91503]]]},"properties":{"objectid":40718509,"parcel_num":63,"village":"Byimana","province":"Kigali City","district":"Gasabo","sector":"Jali","cell":"Nyabuliba","cell_code":"1020605","upi":"1/02/06/05/63","change_id":"BC","start_date":"2020-11-29T00:00:00.000Z","end_date":"1899-11-30T00:00:00.000Z","status":"Actual","transactio":"","accuracy":"C","area_in_we":0,"x":503327.50229778,"y":4789119.31750956,"village_co":"102060501","globalid":"{6E3019D4-C7A2-4C37-A0C8-09A72F9C5196}","st_area_sh":439603.044685,"st_length_":5365.71136479}},
{"type":"Feature","geometry":{"type":"Polygon","coordinates":[[[30.03905,-1.90783],[30.03896,-1.9078],[30.03883,-1.90809],[30.03884,-1.9081],[30.03888,-1.90815],[30.03905,-1.90807],[30.03897,-1.90795],[30.03905,-1.90783]]]},"properties":{"objectid":5922144,"parcel_num":3255,"village":"Nyagasozi","province":"Kigali City","district":"Gasabo","sector":"Gatsata","cell":"Karuruma","cell_code":"1020201","upi":"1/02/02/01/3255","change_id":"DP","start_date":"2025-10-13T00:00:00.000Z","end_date":"1899-11-30T00:00:00.000Z","status":"Actual","transactio":"","accuracy":"C","area_in_we":0,"x":504332.35115049,"y":4789045.77994147,"village_co":"102020108","globalid":"{1450EB27-67BA-41DD-B208-D63D54ECBF99}","st_area_sh":467.268396045,"st_length_":106.69660612}},
{"type":"Feature","geometry":{"type":"Polygon","coordinates":[[[30.04128,-1.90666],[30.04113,-1.90655],[30.04098,-1.90664],[30.04094,-1.90661],[30.04084,-1.90668],[30.04096,-1.90669],[30.04096,-1.90681],[30.0411,-1.90683],[30.04123,-1.90684],[30.04128,-1.90666]]]},"properties":{"objectid":6081392,"parcel_num":3258,"village":"Nyagasozi","province":"Kigali City","district":"Gasabo","sector":"Gatsata","cell":"Karuruma","cell_code":"1020201","upi":"1/02/02/01/3258","change_id":"DP","start_date":"2025-11-11T00:00:00.000Z","end_date":"1899-11-30T00:00:00.000Z","status":"Actual","transactio":"","accuracy":"C","area_in_we":0,"x":504571.90127733,"y":4789188.00969938,"village_co":"102020108","globalid":"{460A6BB4-2E88-49AD-A4F5-C15675E214D9}","st_area_sh":897.55933074,"st_length_":138.777179588}},
{"type":"Feature","geometry":{"type":"Polygon","coordinates":[[[30.04085,-1.90804],[30.04066,-1.90786],[30.04052,-1.90799],[30.04053,-1.908],[30.04064,-1.90812],[30.04067,-1.9081],[30.0407,-1.90816],[30.04085,-1.90804]]]},"properties":{"objectid":6259107,"parcel_num":3271,"village":"Nyagasozi","province":"Kigali City","district":"Gasabo","sector":"Gatsata","cell":"Karuruma","cell_code":"1020201","upi":"1/02/02/01/3271","change_id":"DP","start_date":"2025-11-11T00:00:00.000Z","end_date":"1899-11-30T00:00:00.000Z","status":"Actual","transactio":"","accuracy":"C","area_in_we":0,"x":504525.99161092,"y":4789042.76835115,"village_co":"102020108","globalid":"{40DF85C9-A42D-4DCC-A317-96CFE9F73B93}","st_area_sh":604.614415665,"st_length_":102.520898107}},
{"type":"Feature","geometry":{"type":"Polygon","coordinates":[[[30.03912,-1.90766],[30.03901,-1.90762],[30.03896,-1.9078],[30.03905,-1.90783],[30.03905,-1.90782],[30.03912,-1.90766]]]},"properties":{"objectid":39325713,"parcel_num":3256,"village":"Nyagasozi","province":"Kigali City","district":"Gasabo","sector":"Gatsata","cell":"Karuruma","cell_code":"1020201","upi":"1/02/02/01/3256","change_id":"DP","start_date":"2025-10-13T00:00:00.000Z","end_date":"1899-11-30T00:00:00.000Z","status":"Actual","transactio":"","accuracy":"C","area_in_we":0,"x":504335.47051495,"y":4789055.15647096,"village_co":"102020108","globalid":"{926B530D-117E-4670-91F3-8FB2A096CC24}","st_area_sh":220.27804891,"st_length_":65.0199256651}},
{"type":"Feature","geometry":{"type":"Polygon","coordinates":[[[30.04128,-1.90666],[30.04129,-1.90663],[30.04111,-1.90649],[30.04094,-1.90661],[30.04098,-1.90664],[30.04113,-1.90655],[30.04128,-1.90666]]]},"properties":{"objectid":39806515,"parcel_num":3259,"village":"Nyagasozi","province":"Kigali City","district":"Gasabo","sector":"Gatsata","cell":"Karuruma","cell_code":"1020201","upi":"1/02/02/01/3259","change_id":"DP","start_date":"2025-11-11T00:00:00.000Z","end_date":"1899-11-30T00:00:00.000Z","status":"Actual","transactio":"","accuracy":"C","area_in_we":0,"x":504572.28534424,"y":4789202.78487871,"village_co":"102020108","globalid":"{BD26E8AF-395D-4F99-9B75-8411D457C8B4}","st_area_sh":212.59356772,"st_length_":99.7256503388}},
{"type":"Feature","geometry":{"type":"Polygon","coordinates":[[[30.04065,-1.90751],[30.04043,-1.90748],[30.04027,-1.90775],[30.04041,-1.90786],[30.04065,-1.90751]]]},"properties":{"objectid":40569414,"parcel_num":3272,"village":"Nyagasozi","province":"Kigali City","district":"Gasabo","sector":"Gatsata","cell":"Karuruma","cell_code":"1020201","upi":"1/02/02/01/3272","change_id":"DP","start_date":"2025-11-11T00:00:00.000Z","end_date":"1899-11-30T00:00:00.000Z","status":"Actual","transactio":"","accuracy":"C","area_in_we":0,"x":504519.54388726,"y":4789068.15808077,"village_co":"102020108","globalid":"{D450FAE4-05C8-426E-B0D5-299BFD15F538}","st_area_sh":826.11437138,"st_length_":126.224963596}},
{"type":"Feature","geometry":{"type":"Polygon","coordinates":[[[30.04067,-1.90785],[30.04054,-1.90774],[30.0407,-1.90751],[30.04065,-1.90751],[30.04041,-1.90786],[30.04043,-1.90789],[30.04052,-1.90799],[30.04066,-1.90786],[30.04067,-1.90785]]]},"properties":{"objectid":40569417,"parcel_num":3274,"village":"Nyagasozi","province":"Kigali City","district":"Gasabo","sector":"Gatsata","cell":"Karuruma","cell_code":"1020201","upi":"1/02/02/01/3274","change_id":"DP","start_date":"2025-11-11T00:00:00.000Z","end_date":"1899-11-30T00:00:00.000Z","status":"Actual","transactio":"","accuracy":"C","area_in_we":0,"x":504525.40189048,"y":4789055.0272229,"village_co":"102020108","globalid":"{793A8B3A-465A-4BBE-895A-FB2415C25449}","st_area_sh":572.453460955,"st_length_":145.072226176}},
{"type":"Feature","geometry":{"type":"Polygon","coordinates":[[[30.04096,-1.90788],[30.04078,-1.90774],[30.04067,-1.90785],[30.04066,-1.90786],[30.04085,-1.90804],[30.04096,-1.90788]]]},"properties":{"objectid":40569418,"parcel_num":3275,"village":"Nyagasozi","province":"Kigali City","district":"Gasabo","sector":"Gatsata","cell":"Karuruma","cell_code":"1020201","upi":"1/02/02/01/3275","change_id":"DP","start_date":"2025-11-11T00:00:00.000Z","end_date":"1899-11-30T00:00:00.000Z","status":"Actual","transactio":"","accuracy":"C","area_in_we":0,"x":504532.7738235,"y":4789049.5807912,"village_co":"102020108","globalid":"{D8C93ED8-5DB7-4B42-9160-B70DE2E8780A}","st_area_sh":545.2088847,"st_length_":94.9176317197}},
{"type":"Feature","geometry":{"type":"Polygon","coordinates":[[[30.03592,-1.90945],[30.03562,-1.90938],[30.0357,-1.90952],[30.03575,-1.9095],[30.03585,-1.9098],[30.03598,-1.9098],[30.03594,-1.90965],[30.036,-1.90963],[30.03595,-1.90944],[30.03592,-1.90945]]]},"properties":{"objectid":40634412,"parcel_num":1691,"village":"Nyagasozi","province":"Kigali City","district":"Gasabo","sector":"Gatsata","cell":"Karuruma","cell_code":"1020201","upi":"1/02/02/01/1691","change_id":"BC","start_date":"2025-12-03T00:00:00.000Z","end_date":"1899-11-30T00:00:00.000Z","status":"Actual","transactio":"","accuracy":"C","area_in_we":0,"x":503988.73726705,"y":4788869.2806136,"village_co":"102020108","globalid":"{97EBBA1F-0679-4857-880E-FD0800039EF3}","st_area_sh":928.640736715,"st_length_":160.840581456}},
{"type":"Feature","geometry":{"type":"Polygon","coordinates":[[[30.03616,-1.90956],[30.03611,-1.90936],[30.03595,-1.90944],[30.036,-1.90963],[30.03617,-1.90959],[30.03616,-1.90956]]]},"properties":{"objectid":40634413,"parcel_num":1692,"village":"Nyagasozi","province":"Kigali City","district":"Gasabo","sector":"Gatsata","cell":"Karuruma","cell_code":"1020201","upi":"1/02/02/01/1692","change_id":"BC","start_date":"2025-12-03T00:00:00.000Z","end_date":"1899-11-30T00:00:00.000Z","status":"Actual","transactio":"","accuracy":"C","area_in_we":0,"x":504011.63033643,"y":4788877.93705146,"village_co":"102020108","globalid":"{D543E932-1DD8-4B40-B6C3-6BEAF64D1CA8}","st_area_sh":452.78644937,"st_length_":87.0004698399}},
{"type":"Feature","geometry":{"type":"Polygon","coordinates":[[[30.03877,-1.90867],[30.03865,-1.90863],[30.03849,-1.90864],[30.03848,-1.90872],[30.03843,-1.90874],[30.03845,-1.9088],[30.03831,-1.90883],[30.0382,-1.90889],[30.03826,-1.90905],[30.03832,-1.90913],[30.03845,-1.90903],[30.0384,-1.90898],[30.03845,-1.90892],[30.03866,-1.90881],[30.03886,-1.90879],[30.03885,-1.90872],[30.03877,-1.90867]]]},"properties":{"objectid":40634531,"parcel_num":3316,"village":"Nyagasozi","province":"Kigali City","district":"Gasabo","sector":"Gatsata","cell":"Karuruma","cell_code":"1020201","upi":"1/02/02/01/3316","change_id":"DP","start_date":"2025-12-10T00:00:00.000Z","end_date":"1899-11-30T00:00:00.000Z","status":"Actual","transactio":"","accuracy":"C","area_in_we":0,"x":504282.6214366,"y":4788951.88635976,"village_co":"102020108","globalid":"{7BD24999-C46A-488A-83DC-8C910F0D26DB}","st_area_sh":1479.65284525,"st_length_":220.32213165}},
{"type":"Feature","geometry":{"type":"Polygon","coordinates":[[[30.04201,-1.91057],[30.04181,-1.91058],[30.04176,-1.91097],[30.04224,-1.91099],[30.04224,-1.91096],[30.04226,-1.91081],[30.04236,-1.91081],[30.04234,-1.91071],[30.04199,-1.91068],[30.04201,-1.91057]]]},"properties":{"objectid":40634633,"parcel_num":1920,"village":"Nyagasozi","province":"Kigali City","district":"Gasabo","sector":"Gatsata","cell":"Karuruma","cell_code":"1020201","upi":"1/02/02/01/1920","change_id":"BC","start_date":"1800-01-01T00:00:00.000Z","end_date":"1899-11-30T00:00:00.000Z","status":"Provisional","transactio":"TRN14152616","accuracy":"C","area_in_we":0,"x":504674.23458903,"y":4788734.65319347,"village_co":"102020108","globalid":"{BD41BAC9-04BF-4979-8A9A-4C6CB4ABA0BC}","st_area_sh":2067.7051769,"st_length_":217.085664847}},
{"type":"Feature","geometry":{"type":"Polygon","coordinates":[[[30.03663,-1.90978],[30.03665,-1.90973],[30.03632,-1.90982],[30.03631,-1.90999],[30.03648,-1.91005],[30.03663,-1.90978]]]},"properties":{"objectid":40634768,"parcel_num":3308,"village":"Nyagasozi","province":"Kigali City","district":"Gasabo","sector":"Gatsata","cell":"Karuruma","cell_code":"1020201","upi":"1/02/02/01/3308","change_id":"MP","start_date":"2025-12-03T00:00:00.000Z","end_date":"1899-11-30T00:00:00.000Z","status":"Actual","transactio":"","accuracy":"C","area_in_we":0,"x":504055.92424101,"y":4788835.73560615,"village_co":"102020108","globalid":"{8DD48439-51B5-4B0A-A942-7616D81DF9CE}","st_area_sh":762.988109595,"st_length_":119.305458779}},
{"type":"Feature","geometry":{"type":"Polygon","coordinates":[[[30.04479,-1.90648],[30.04482,-1.90649],[30.04489,-1.9063],[30.04502,-1.9058],[30.04497,-1.90582],[30.04497,-1.90583],[30.04496,-1.90583],[30.04482,-1.90604],[30.04481,-1.90615],[30.04473,-1.90625],[30.04463,-1.90621],[30.04457,-1.90631],[30.04472,-1.90633],[30.04469,-1.90645],[30.04479,-1.90648]]]},"properties":{"objectid":40634796,"parcel_num":3315,"village":"Nyagasozi","province":"Kigali City","district":"Gasabo","sector":"Gatsata","cell":"Karuruma","cell_code":"1020201","upi":"1/02/02/01/3315","change_id":"MP","start_date":"2025-12-11T00:00:00.000Z","end_date":"1899-11-30T00:00:00.000Z","status":"Actual","transactio":"","accuracy":"C","area_in_we":0,"x":504986.24415799,"y":4789243.17404203,"village_co":"102020108","globalid":"{B7D59350-B607-43E9-9C5E-A57CD39AA76D}","st_area_sh":1171.859764,"st_length_":213.105944938}},
{"type":"Feature","geometry":{"type":"Polygon","coordinates":[[[30.03697,-1.90778],[30.03701,-1.90762],[30.03694,-1.90742],[30.03676,-1.90764],[30.03687,-1.90772],[30.03697,-1.90778]]]},"properties":{"objectid":40634886,"parcel_num":2194,"village":"Nyagasozi","province":"Kigali City","district":"Gasabo","sector":"Gatsata","cell":"Karuruma","cell_code":"1020201","upi":"1/02/02/01/2194","change_id":"BC","start_date":"2025-11-21T00:00:00.000Z","end_date":"1899-11-30T00:00:00.000Z","status":"Actual","transactio":"","accuracy":"C","area_in_we":0,"x":504105.70138438,"y":4789087.26555021,"village_co":"102020108","globalid":"{4731FB50-85E8-427D-92BA-4F62C6CDFFBB}","st_area_sh":635.028900215,"st_length_":105.472723521}},
{"type":"Feature","geometry":{"type":"Polygon","coordinates":[[[30.03598,-1.9098],[30.03622,-1.90979],[30.03617,-1.90959],[30.036,-1.90963],[30.03594,-1.90965],[30.03598,-1.9098]]]},"properties":{"objectid":40635152,"parcel_num":2587,"village":"Nyagasozi","province":"Kigali City","district":"Gasabo","sector":"Gatsata","cell":"Karuruma","cell_code":"1020201","upi":"1/02/02/01/2587","change_id":"BC","start_date":"2025-12-03T00:00:00.000Z","end_date":"1899-11-30T00:00:00.000Z","status":"Actual","transactio":"","accuracy":"C","area_in_we":0,"x":504014.03027227,"y":4788856.04731466,"village_co":"102020108","globalid":"{039E73DB-4F92-4CF9-80FE-FE5A4B536BB7}","st_area_sh":509.87443394,"st_length_":92.3145757226}},
{"type":"Feature","geometry":{"type":"Polygon","coordinates":[[[30.03847,-1.90631],[30.03843,-1.90624],[30.03835,-1.90629],[30.03821,-1.90637],[30.03803,-1.90638],[30.03804,-1.90641],[30.03812,-1.90644],[30.03816,-1.90652],[30.03816,-1.90653],[30.03848,-1.90639],[30.03847,-1.90631]]]},"properties":{"objectid":40635160,"parcel_num":2599,"village":"Nyagasozi","province":"Kigali City","district":"Gasabo","sector":"Gatsata","cell":"Karuruma","cell_code":"1020201","upi":"1/02/02/01/2599","change_id":"BC","start_date":"2025-12-23T00:00:00.000Z","end_date":"1899-11-30T00:00:00.000Z","status":"Actual","transactio":"","accuracy":"C","area_in_we":0,"x":504258.30412346,"y":4789223.0344713,"village_co":"102020108","globalid":"{24E85CA1-2271-4D4A-8636-F0597DC5C19A}","st_area_sh":624.552149305,"st_length_":129.723698208}},
{"type":"Feature","geometry":{"type":"Polygon","coordinates":[[[30.04231,-1.91056],[30.04225,-1.91056],[30.04223,-1.91051],[30.04223,-1.91058],[30.04201,-1.91057],[30.04199,-1.91068],[30.04234,-1.91071],[30.04233,-1.91056],[30.04231,-1.91056]]]},"properties":{"objectid":40635288,"parcel_num":2739,"village":"Nyagasozi","province":"Kigali City","district":"Gasabo","sector":"Gatsata","cell":"Karuruma","cell_code":"1020201","upi":"1/02/02/01/2739","change_id":"BC","start_date":"2023-05-13T00:00:00.000Z","end_date":"1899-11-30T00:00:00.000Z","status":"Provisional","transactio":"TRN14152616","accuracy":"C","area_in_we":0,"x":504691.88809095,"y":4788753.00558141,"village_co":"102020108","globalid":"{0F4283AB-05F5-4E13-9918-D76ADC5C6FA2}","st_area_sh":544.43147434,"st_length_":115.328661114}},
{"type":"Feature","geometry":{"type":"Polygon","coordinates":[[[30.03954,-1.90745],[30.03934,-1.90743],[30.03933,-1.90747],[30.03928,-1.9076],[30.03953,-1.90752],[30.03954,-1.90745]]]},"properties":{"objectid":40635414,"parcel_num":2871,"village":"Nyagasozi","province":"Kigali City","district":"Gasabo","sector":"Gatsata","cell":"Karuruma","cell_code":"1020201","upi":"1/02/02/01/2871","change_id":"BC","start_date":"2025-12-03T00:00:00.000Z","end_date":"1899-11-30T00:00:00.000Z","status":"Actual","transactio":"","accuracy":"C","area_in_we":0,"x":504384.59672111,"y":4789098.58956335,"village_co":"102020108","globalid":"{9F8244FD-6035-49BA-8872-DEAA0907D6D0}","st_area_sh":369.56655901,"st_length_":80.7427036646}},
{"type":"Feature","geometry":{"type":"Polygon","coordinates":[[[30.03953,-1.90731],[30.03935,-1.9073],[30.03934,-1.90743],[30.03954,-1.90745],[30.03953,-1.90731]]]},"properties":{"objectid":40635417,"parcel_num":2874,"village":"Nyagasozi","province":"Kigali City","district":"Gasabo","sector":"Gatsata","cell":"Karuruma","cell_code":"1020201","upi":"1/02/02/01/2874","change_id":"BC","start_date":"2025-12-03T00:00:00.000Z","end_date":"1899-11-30T00:00:00.000Z","status":"Actual","transactio":"","accuracy":"C","area_in_we":0,"x":504388.26901407,"y":4789113.74883932,"village_co":"102020108","globalid":"{E8BBA285-A665-4114-BD09-658903283C81}","st_area_sh":301.25274237,"st_length_":74.550248903}},
{"type":"Feature","geometry":{"type":"Polygon","coordinates":[[[30.03982,-1.91261],[30.03951,-1.91249],[30.03992,-1.91265],[30.03982,-1.91261]]]},"properties":{"objectid":40635418,"parcel_num":3331,"village":"Tetero","province":"Kigali City","district":"Gasabo","sector":"Gatsata","cell":"Karuruma","cell_code":"1020201","upi":"1/02/02/01/3331","change_id":"DP","start_date":"2025-12-18T00:00:00.000Z","end_date":"1899-11-30T00:00:00.000Z","status":"Actual","transactio":"","accuracy":"C","area_in_we":0,"x":504399.12442725,"y":4788493.39427062,"village_co":"102020111","globalid":"{4B91EEAF-C022-48BA-B5BA-404D071856F3}","st_area_sh":4854.08727527,"st_length_":529.324820809}},
{"type":"Feature","geometry":{"type":"Polygon","coordinates":[[[30.04249,-1.91049],[30.04245,-1.91047],[30.04249,-1.91067],[30.04248,-1.91082],[30.04251,-1.91082],[30.04252,-1.9107],[30.04267,-1.91074],[30.04267,-1.91068],[30.04267,-1.91055],[30.04249,-1.91049]]]},"properties":{"objectid":40635690,"parcel_num":3343,"village":"Nyagasozi","province":"Kigali City","district":"Gasabo","sector":"Gatsata","cell":"Karuruma","cell_code":"1020201","upi":"1/02/02/01/3343","change_id":"DP","start_date":"2025-12-23T00:00:00.000Z","end_date":"1899-11-30T00:00:00.000Z","status":"Actual","transactio":"","accuracy":"C","area_in_we":0,"x":504735.42058432,"y":4788753.54826264,"village_co":"102020108","globalid":"{7E56376A-6172-42BF-995B-97A378CF0B2D}","st_area_sh":428.999215465,"st_length_":120.372295594}},
{"type":"Feature","geometry":{"type":"Polygon","coordinates":[[[30.0379,-1.9092],[30.03788,-1.90917],[30.03774,-1.90918],[30.03777,-1.90926],[30.03788,-1.90923],[30.0379,-1.9092]]]},"properties":{"objectid":40635752,"parcel_num":3240,"village":"Nyagasozi","province":"Kigali City","district":"Gasabo","sector":"Gatsata","cell":"Karuruma","cell_code":"1020201","upi":"1/02/02/01/3240","change_id":"BC","start_date":"2025-11-21T00:00:00.000Z","end_date":"1899-11-30T00:00:00.000Z","status":"Actual","transactio":"","accuracy":"C","area_in_we":0,"x":504207.17914068,"y":4788911.16524937,"village_co":"102020108","globalid":"{A48D0A0C-6756-4970-99B3-5893C60984A1}","st_area_sh":124.161284065,"st_length_":48.7292716469}},
{"type":"Feature","geometry":{"type":"Polygon","coordinates":[[[30.03854,-1.90735],[30.03848,-1.90732],[30.03847,-1.90751],[30.03852,-1.90753],[30.03845,-1.90776],[30.03851,-1.90778],[30.03852,-1.90775],[30.03856,-1.90765],[30.03859,-1.90756],[30.03858,-1.90753],[30.03854,-1.90735]]]},"properties":{"objectid":40635764,"parcel_num":3260,"village":"Nyagasozi","province":"Kigali City","district":"Gasabo","sector":"Gatsata","cell":"Karuruma","cell_code":"1020201","upi":"1/02/02/01/3260","change_id":"DP","start_date":"2025-10-20T00:00:00.000Z","end_date":"1899-11-30T00:00:00.000Z","status":"Actual","transactio":"","accuracy":"C","area_in_we":0,"x":504285.20675515,"y":4789095.9424878,"village_co":"102020108","globalid":"{D9D96EB3-DCB4-451A-8485-EFD3B952FF00}","st_area_sh":406.257100595,"st_length_":117.416590728}},
{"type":"Feature","geometry":{"type":"Polygon","coordinates":[[[30.03881,-1.90742],[30.03871,-1.9074],[30.0387,-1.90754],[30.03858,-1.90753],[30.03859,-1.90756],[30.0388,-1.90756],[30.03881,-1.90742]]]},"properties":{"objectid":40635765,"parcel_num":3261,"village":"Nyagasozi","province":"Kigali City","district":"Gasabo","sector":"Gatsata","cell":"Karuruma","cell_code":"1020201","upi":"1/02/02/01/3261","change_id":"DP","start_date":"2025-10-20T00:00:00.000Z","end_date":"1899-11-30T00:00:00.000Z","status":"Actual","transactio":"","accuracy":"C","area_in_we":0,"x":504295.21362533,"y":4789099.55913345,"village_co":"102020108","globalid":"{A3C8F234-F2B4-4FE5-8F38-3A8A45BC4431}","st_area_sh":255.822207885,"st_length_":84.534902}},
{"type":"Feature","geometry":{"type":"Polygon","coordinates":[[[30.03861,-1.90738],[30.03854,-1.90735],[30.03858,-1.90753],[30.0387,-1.90754],[30.03871,-1.9074],[30.03864,-1.90738],[30.03861,-1.90738]]]},"properties":{"objectid":40635767,"parcel_num":3263,"village":"Nyagasozi","province":"Kigali City","district":"Gasabo","sector":"Gatsata","cell":"Karuruma","cell_code":"1020201","upi":"1/02/02/01/3263","change_id":"DP","start_date":"2025-10-20T00:00:00.000Z","end_date":"1899-11-30T00:00:00.000Z","status":"Actual","transactio":"","accuracy":"C","area_in_we":0,"x":504289.99607935,"y":4789099.54522244,"village_co":"102020108","globalid":"{7552E517-656D-4E92-8D65-EC0FEE7B37D8}","st_area_sh":260.805758265,"st_length_":68.7701982873}},
{"type":"Feature","geometry":{"type":"Polygon","coordinates":[[[30.03722,-1.90736],[30.03725,-1.90729],[30.03709,-1.90721],[30.03698,-1.90738],[30.03705,-1.90757],[30.03723,-1.90758],[30.03715,-1.90752],[30.03722,-1.90736]]]},"properties":{"objectid":40636177,"parcel_num":726,"village":"Nyagasozi","province":"Kigali City","district":"Gasabo","sector":"Gatsata","cell":"Karuruma","cell_code":"1020201","upi":"1/02/02/01/726","change_id":"BC","start_date":"2025-11-21T00:00:00.000Z","end_date":"1899-11-30T00:00:00.000Z","status":"Actual","transactio":"","accuracy":"C","area_in_we":0,"x":504128.3750743,"y":4789110.93805739,"village_co":"102020108","globalid":"{9109A3FB-8D86-4CB2-88D5-7DFC034E5FE4}","st_area_sh":761.78694972,"st_length_":125.34233085}},
{"type":"Feature","geometry":{"type":"Polygon","coordinates":[[[30.03835,-1.90629],[30.03828,-1.90625],[30.03821,-1.90629],[30.03809,-1.90622],[30.03796,-1.90627],[30.03796,-1.90638],[30.03804,-1.90641],[30.03803,-1.90638],[30.03821,-1.90637],[30.03835,-1.90629]]]},"properties":{"objectid":40636203,"parcel_num":756,"village":"Nyagasozi","province":"Kigali City","district":"Gasabo","sector":"Gatsata","cell":"Karuruma","cell_code":"1020201","upi":"1/02/02/01/756","change_id":"BC","start_date":"2025-12-23T00:00:00.000Z","end_date":"1899-11-30T00:00:00.000Z","status":"Actual","transactio":"","accuracy":"C","area_in_we":0,"x":504240.43478103,"y":4789231.51908783,"village_co":"102020108","globalid":"{7E1ED676-98B1-4C29-B3B6-FA9A46A827F9}","st_area_sh":517.80138185,"st_length_":116.60644259}},
{"type":"Feature","geometry":{"type":"Polygon","coordinates":[[[30.03831,-1.90883],[30.03845,-1.9088],[30.03843,-1.90874],[30.03828,-1.90876],[30.03831,-1.90883]]]},"properties":{"objectid":53556935,"parcel_num":3317,"village":"Nyagasozi","province":"Kigali City","district":"Gasabo","sector":"Gatsata","cell":"Karuruma","cell_code":"1020201","upi":"1/02/02/01/3317","change_id":"DP","start_date":"2025-12-10T00:00:00.000Z","end_date":"1899-11-30T00:00:00.000Z","status":"Actual","transactio":"","accuracy":"C","area_in_we":0,"x":504286.6967,"y":4788961.25744628,"village_co":"102020108","globalid":"{E1BDDA0C-563A-4F9A-B76E-A1CE41F193F0}","st_area_sh":146.8814674,"st_length_":50.1727989523}},
{"type":"Feature","geometry":{"type":"Polygon","coordinates":[[[30.03853,-1.90911],[30.03845,-1.90903],[30.03832,-1.90913],[30.03838,-1.90927],[30.03835,-1.90932],[30.0385,-1.90932],[30.03849,-1.90928],[30.03847,-1.9092],[30.03853,-1.90915],[30.03853,-1.90911]]]},"properties":{"objectid":53556937,"parcel_num":3318,"village":"Nyagasozi","province":"Kigali City","district":"Gasabo","sector":"Gatsata","cell":"Karuruma","cell_code":"1020201","upi":"1/02/02/01/3318","change_id":"DP","start_date":"2025-12-10T00:00:00.000Z","end_date":"1899-11-30T00:00:00.000Z","status":"Actual","transactio":"","accuracy":"C","area_in_we":0,"x":504280.79572883,"y":4788942.7988978,"village_co":"102020108","globalid":"{2F88CCEB-9306-4AB9-9379-19B6EE72A1D4}","st_area_sh":467.56986906,"st_length_":98.5587551243}},
{"type":"Feature","geometry":{"type":"Polygon","coordinates":[[[30.03931,-1.90591],[30.03935,-1.90585],[30.03937,-1.90584],[30.03933,-1.90581],[30.03889,-1.90596],[30.03893,-1.90607],[30.03895,-1.90609],[30.03908,-1.90606],[30.03921,-1.90605],[30.03928,-1.90602],[30.03929,-1.90604],[30.03931,-1.90605],[30.03932,-1.90604],[30.03931,-1.90591]]]},"properties":{"objectid":53885883,"parcel_num":782,"village":"Nyagasozi","province":"Kigali City","district":"Gasabo","sector":"Gatsata","cell":"Karuruma","cell_code":"1020201","upi":"1/02/02/01/782","change_id":"BC","start_date":"2025-12-11T00:00:00.000Z","end_date":"1899-11-30T00:00:00.000Z","status":"Actual","transactio":"","accuracy":"C","area_in_we":0,"x":504353.55796638,"y":4789269.68869411,"village_co":"102020108","globalid":"{A07EC67E-8BDF-4814-BA99-201DB29695BE}","st_area_sh":865.49326571,"st_length_":146.98467266}},
{"type":"Feature","geometry":{"type":"Polygon","coordinates":[[[30.03932,-1.90604],[30.03943,-1.90602],[30.03947,-1.90601],[30.03945,-1.90587],[30.03935,-1.90585],[30.03931,-1.90591],[30.03932,-1.90604]]]},"properties":{"objectid":53885884,"parcel_num":2498,"village":"Nyagasozi","province":"Kigali City","district":"Gasabo","sector":"Gatsata","cell":"Karuruma","cell_code":"1020201","upi":"1/02/02/01/2498","change_id":"BC","start_date":"2025-12-11T00:00:00.000Z","end_date":"1899-11-30T00:00:00.000Z","status":"Actual","transactio":"","accuracy":"C","area_in_we":0,"x":504381.21942841,"y":4789271.73039366,"village_co":"102020108","globalid":"{9A52A3F1-A179-423E-80BF-5B580B61FB30}","st_area_sh":302.36715557,"st_length_":67.4460530314}},
{"type":"Feature","geometry":{"type":"Polygon","coordinates":[[[30.04249,-1.91067],[30.04234,-1.91071],[30.04236,-1.91081],[30.04244,-1.91082],[30.04248,-1.91082],[30.04249,-1.91067]]]},"properties":{"objectid":54095954,"parcel_num":3344,"village":"Nyagasozi","province":"Kigali City","district":"Gasabo","sector":"Gatsata","cell":"Karuruma","cell_code":"1020201","upi":"1/02/02/01/3344","change_id":"DP","start_date":"2025-12-23T00:00:00.000Z","end_date":"1899-11-30T00:00:00.000Z","status":"Actual","transactio":"","accuracy":"C","area_in_we":0,"x":504729.76870555,"y":4788749.27371203,"village_co":"102020108","globalid":"{D5646CBA-671F-48A5-BECC-53A6B0CB7A84}","st_area_sh":231.10404178,"st_length_":59.2953188975}}
]}